<?xml version="1.0" encoding="UTF-8"?>
<gpx creator="StravaGPX" version="1.1" xmlns="http://www.topografix.com/GPX/1/1" xmlns:xsi="http://www.w3.org/2001/XMLSchema-instance" xsi:schemaLocation="http://www.topografix.com/GPX/1/1 http://www.topografix.com/GPX/1/1/gpx.xsd">
 <metadata>
  <time>2026-05-20T13:37:51Z</time>
 </metadata>
 <trk>
  <name>golena</name>
  <type>walking</type>
  <trkseg>
   <trkpt lat="44.9951860" lon="10.4070510">
    <ele>28.5</ele>
    <time>2026-05-20T13:37:51Z</time>
   </trkpt>
   <trkpt lat="44.9951830" lon="10.4070580">
    <ele>28.5</ele>
    <time>2026-05-20T13:37:52Z</time>
   </trkpt>
   <trkpt lat="44.9951830" lon="10.4070580">
    <ele>28.5</ele>
    <time>2026-05-20T13:37:53Z</time>
   </trkpt>
   <trkpt lat="44.9951840" lon="10.4070590">
    <ele>28.5</ele>
    <time>2026-05-20T13:37:54Z</time>
   </trkpt>
   <trkpt lat="44.9951850" lon="10.4070580">
    <ele>28.5</ele>
    <time>2026-05-20T13:37:55Z</time>
   </trkpt>
   <trkpt lat="44.9951850" lon="10.4070650">
    <ele>28.5</ele>
    <time>2026-05-20T13:37:56Z</time>
   </trkpt>
   <trkpt lat="44.9951850" lon="10.4070650">
    <ele>28.5</ele>
    <time>2026-05-20T13:37:57Z</time>
   </trkpt>
   <trkpt lat="44.9951870" lon="10.4070780">
    <ele>28.5</ele>
    <time>2026-05-20T13:37:58Z</time>
   </trkpt>
   <trkpt lat="44.9952120" lon="10.4070710">
    <ele>28.5</ele>
    <time>2026-05-20T13:37:59Z</time>
   </trkpt>
   <trkpt lat="44.9951970" lon="10.4070550">
    <ele>28.5</ele>
    <time>2026-05-20T13:38:00Z</time>
   </trkpt>
   <trkpt lat="44.9952000" lon="10.4070560">
    <ele>28.5</ele>
    <time>2026-05-20T13:38:01Z</time>
   </trkpt>
   <trkpt lat="44.9951980" lon="10.4070540">
    <ele>28.5</ele>
    <time>2026-05-20T13:38:02Z</time>
   </trkpt>
   <trkpt lat="44.9951850" lon="10.4070540">
    <ele>28.5</ele>
    <time>2026-05-20T13:38:03Z</time>
   </trkpt>
   <trkpt lat="44.9951640" lon="10.4070650">
    <ele>28.5</ele>
    <time>2026-05-20T13:38:04Z</time>
   </trkpt>
   <trkpt lat="44.9951570" lon="10.4070710">
    <ele>28.5</ele>
    <time>2026-05-20T13:38:05Z</time>
   </trkpt>
   <trkpt lat="44.9951490" lon="10.4070770">
    <ele>28.5</ele>
    <time>2026-05-20T13:38:06Z</time>
   </trkpt>
   <trkpt lat="44.9951240" lon="10.4070970">
    <ele>28.5</ele>
    <time>2026-05-20T13:38:07Z</time>
   </trkpt>
   <trkpt lat="44.9951180" lon="10.4071050">
    <ele>28.5</ele>
    <time>2026-05-20T13:38:08Z</time>
   </trkpt>
   <trkpt lat="44.9951010" lon="10.4071360">
    <ele>28.5</ele>
    <time>2026-05-20T13:38:09Z</time>
   </trkpt>
   <trkpt lat="44.9950950" lon="10.4071450">
    <ele>28.5</ele>
    <time>2026-05-20T13:38:10Z</time>
   </trkpt>
   <trkpt lat="44.9950650" lon="10.4071480">
    <ele>28.5</ele>
    <time>2026-05-20T13:38:11Z</time>
   </trkpt>
   <trkpt lat="44.9950560" lon="10.4071460">
    <ele>28.5</ele>
    <time>2026-05-20T13:38:12Z</time>
   </trkpt>
   <trkpt lat="44.9950410" lon="10.4071590">
    <ele>28.5</ele>
    <time>2026-05-20T13:38:13Z</time>
   </trkpt>
   <trkpt lat="44.9950280" lon="10.4071710">
    <ele>28.5</ele>
    <time>2026-05-20T13:38:14Z</time>
   </trkpt>
   <trkpt lat="44.9950090" lon="10.4071800">
    <ele>28.5</ele>
    <time>2026-05-20T13:38:15Z</time>
   </trkpt>
   <trkpt lat="44.9949970" lon="10.4071910">
    <ele>28.5</ele>
    <time>2026-05-20T13:38:16Z</time>
   </trkpt>
   <trkpt lat="44.9949870" lon="10.4071970">
    <ele>28.5</ele>
    <time>2026-05-20T13:38:17Z</time>
   </trkpt>
   <trkpt lat="44.9949800" lon="10.4072060">
    <ele>28.5</ele>
    <time>2026-05-20T13:38:18Z</time>
   </trkpt>
   <trkpt lat="44.9949760" lon="10.4072130">
    <ele>28.5</ele>
    <time>2026-05-20T13:38:19Z</time>
   </trkpt>
   <trkpt lat="44.9949700" lon="10.4072120">
    <ele>28.5</ele>
    <time>2026-05-20T13:38:20Z</time>
   </trkpt>
   <trkpt lat="44.9949610" lon="10.4072160">
    <ele>28.5</ele>
    <time>2026-05-20T13:38:21Z</time>
   </trkpt>
   <trkpt lat="44.9949710" lon="10.4072090">
    <ele>28.5</ele>
    <time>2026-05-20T13:38:22Z</time>
   </trkpt>
   <trkpt lat="44.9949660" lon="10.4072090">
    <ele>28.5</ele>
    <time>2026-05-20T13:38:23Z</time>
   </trkpt>
   <trkpt lat="44.9949590" lon="10.4072090">
    <ele>28.5</ele>
    <time>2026-05-20T13:38:24Z</time>
   </trkpt>
   <trkpt lat="44.9949610" lon="10.4072130">
    <ele>28.5</ele>
    <time>2026-05-20T13:38:25Z</time>
   </trkpt>
   <trkpt lat="44.9949610" lon="10.4072130">
    <ele>28.5</ele>
    <time>2026-05-20T13:38:26Z</time>
   </trkpt>
   <trkpt lat="44.9949610" lon="10.4072160">
    <ele>28.5</ele>
    <time>2026-05-20T13:38:27Z</time>
   </trkpt>
   <trkpt lat="44.9949610" lon="10.4072160">
    <ele>28.5</ele>
    <time>2026-05-20T13:38:28Z</time>
   </trkpt>
   <trkpt lat="44.9949610" lon="10.4072160">
    <ele>28.5</ele>
    <time>2026-05-20T13:38:29Z</time>
   </trkpt>
   <trkpt lat="44.9949630" lon="10.4072170">
    <ele>28.5</ele>
    <time>2026-05-20T13:38:30Z</time>
   </trkpt>
   <trkpt lat="44.9949640" lon="10.4072170">
    <ele>28.5</ele>
    <time>2026-05-20T13:38:31Z</time>
   </trkpt>
   <trkpt lat="44.9949640" lon="10.4072170">
    <ele>28.5</ele>
    <time>2026-05-20T13:38:32Z</time>
   </trkpt>
   <trkpt lat="44.9949640" lon="10.4072160">
    <ele>28.5</ele>
    <time>2026-05-20T13:38:33Z</time>
   </trkpt>
   <trkpt lat="44.9949640" lon="10.4072150">
    <ele>28.5</ele>
    <time>2026-05-20T13:38:34Z</time>
   </trkpt>
   <trkpt lat="44.9949640" lon="10.4072150">
    <ele>28.5</ele>
    <time>2026-05-20T13:38:35Z</time>
   </trkpt>
   <trkpt lat="44.9949640" lon="10.4072150">
    <ele>28.5</ele>
    <time>2026-05-20T13:38:36Z</time>
   </trkpt>
   <trkpt lat="44.9949640" lon="10.4072150">
    <ele>28.5</ele>
    <time>2026-05-20T13:38:37Z</time>
   </trkpt>
   <trkpt lat="44.9949640" lon="10.4072150">
    <ele>28.5</ele>
    <time>2026-05-20T13:38:38Z</time>
   </trkpt>
   <trkpt lat="44.9949640" lon="10.4072150">
    <ele>28.5</ele>
    <time>2026-05-20T13:38:39Z</time>
   </trkpt>
   <trkpt lat="44.9949590" lon="10.4072100">
    <ele>28.5</ele>
    <time>2026-05-20T13:38:40Z</time>
   </trkpt>
   <trkpt lat="44.9949590" lon="10.4072110">
    <ele>28.5</ele>
    <time>2026-05-20T13:38:41Z</time>
   </trkpt>
   <trkpt lat="44.9949590" lon="10.4072110">
    <ele>28.5</ele>
    <time>2026-05-20T13:38:42Z</time>
   </trkpt>
   <trkpt lat="44.9949590" lon="10.4072110">
    <ele>28.5</ele>
    <time>2026-05-20T13:38:43Z</time>
   </trkpt>
   <trkpt lat="44.9949590" lon="10.4072110">
    <ele>28.5</ele>
    <time>2026-05-20T13:38:44Z</time>
   </trkpt>
   <trkpt lat="44.9949590" lon="10.4072110">
    <ele>28.5</ele>
    <time>2026-05-20T13:38:45Z</time>
   </trkpt>
   <trkpt lat="44.9949590" lon="10.4072110">
    <ele>28.5</ele>
    <time>2026-05-20T13:38:46Z</time>
   </trkpt>
   <trkpt lat="44.9949610" lon="10.4072140">
    <ele>28.5</ele>
    <time>2026-05-20T13:38:47Z</time>
   </trkpt>
   <trkpt lat="44.9949610" lon="10.4072140">
    <ele>28.5</ele>
    <time>2026-05-20T13:38:48Z</time>
   </trkpt>
   <trkpt lat="44.9949490" lon="10.4072240">
    <ele>28.5</ele>
    <time>2026-05-20T13:38:49Z</time>
   </trkpt>
   <trkpt lat="44.9949520" lon="10.4072220">
    <ele>28.5</ele>
    <time>2026-05-20T13:38:50Z</time>
   </trkpt>
   <trkpt lat="44.9949520" lon="10.4072220">
    <ele>28.5</ele>
    <time>2026-05-20T13:38:51Z</time>
   </trkpt>
   <trkpt lat="44.9949520" lon="10.4072220">
    <ele>28.5</ele>
    <time>2026-05-20T13:38:52Z</time>
   </trkpt>
   <trkpt lat="44.9949520" lon="10.4072220">
    <ele>28.5</ele>
    <time>2026-05-20T13:38:53Z</time>
   </trkpt>
   <trkpt lat="44.9949520" lon="10.4072220">
    <ele>28.5</ele>
    <time>2026-05-20T13:38:54Z</time>
   </trkpt>
   <trkpt lat="44.9949520" lon="10.4072220">
    <ele>28.5</ele>
    <time>2026-05-20T13:38:55Z</time>
   </trkpt>
   <trkpt lat="44.9949520" lon="10.4072220">
    <ele>28.5</ele>
    <time>2026-05-20T13:38:56Z</time>
   </trkpt>
   <trkpt lat="44.9949580" lon="10.4072350">
    <ele>28.5</ele>
    <time>2026-05-20T13:38:57Z</time>
   </trkpt>
   <trkpt lat="44.9949600" lon="10.4072370">
    <ele>28.5</ele>
    <time>2026-05-20T13:38:58Z</time>
   </trkpt>
   <trkpt lat="44.9949600" lon="10.4072350">
    <ele>28.5</ele>
    <time>2026-05-20T13:38:59Z</time>
   </trkpt>
   <trkpt lat="44.9949620" lon="10.4072350">
    <ele>28.5</ele>
    <time>2026-05-20T13:39:00Z</time>
   </trkpt>
   <trkpt lat="44.9949620" lon="10.4072350">
    <ele>28.5</ele>
    <time>2026-05-20T13:39:01Z</time>
   </trkpt>
   <trkpt lat="44.9949620" lon="10.4072350">
    <ele>28.5</ele>
    <time>2026-05-20T13:39:02Z</time>
   </trkpt>
   <trkpt lat="44.9949620" lon="10.4072350">
    <ele>28.5</ele>
    <time>2026-05-20T13:39:03Z</time>
   </trkpt>
   <trkpt lat="44.9949620" lon="10.4072350">
    <ele>28.5</ele>
    <time>2026-05-20T13:39:04Z</time>
   </trkpt>
   <trkpt lat="44.9949620" lon="10.4072350">
    <ele>28.5</ele>
    <time>2026-05-20T13:39:05Z</time>
   </trkpt>
   <trkpt lat="44.9949620" lon="10.4072350">
    <ele>28.5</ele>
    <time>2026-05-20T13:39:06Z</time>
   </trkpt>
   <trkpt lat="44.9949620" lon="10.4072350">
    <ele>28.5</ele>
    <time>2026-05-20T13:39:07Z</time>
   </trkpt>
   <trkpt lat="44.9949620" lon="10.4072350">
    <ele>28.5</ele>
    <time>2026-05-20T13:39:08Z</time>
   </trkpt>
   <trkpt lat="44.9949620" lon="10.4072350">
    <ele>28.5</ele>
    <time>2026-05-20T13:39:09Z</time>
   </trkpt>
   <trkpt lat="44.9949620" lon="10.4072350">
    <ele>28.5</ele>
    <time>2026-05-20T13:39:10Z</time>
   </trkpt>
   <trkpt lat="44.9949650" lon="10.4072340">
    <ele>28.5</ele>
    <time>2026-05-20T13:39:11Z</time>
   </trkpt>
   <trkpt lat="44.9949650" lon="10.4072340">
    <ele>28.5</ele>
    <time>2026-05-20T13:39:12Z</time>
   </trkpt>
   <trkpt lat="44.9949650" lon="10.4072340">
    <ele>28.5</ele>
    <time>2026-05-20T13:39:13Z</time>
   </trkpt>
   <trkpt lat="44.9949650" lon="10.4072340">
    <ele>28.5</ele>
    <time>2026-05-20T13:39:14Z</time>
   </trkpt>
   <trkpt lat="44.9949650" lon="10.4072340">
    <ele>28.5</ele>
    <time>2026-05-20T13:39:15Z</time>
   </trkpt>
   <trkpt lat="44.9949650" lon="10.4072340">
    <ele>28.5</ele>
    <time>2026-05-20T13:39:16Z</time>
   </trkpt>
   <trkpt lat="44.9949650" lon="10.4072340">
    <ele>28.5</ele>
    <time>2026-05-20T13:39:17Z</time>
   </trkpt>
   <trkpt lat="44.9949650" lon="10.4072340">
    <ele>28.5</ele>
    <time>2026-05-20T13:39:18Z</time>
   </trkpt>
   <trkpt lat="44.9949650" lon="10.4072340">
    <ele>28.5</ele>
    <time>2026-05-20T13:39:19Z</time>
   </trkpt>
   <trkpt lat="44.9949640" lon="10.4072370">
    <ele>28.5</ele>
    <time>2026-05-20T13:39:20Z</time>
   </trkpt>
   <trkpt lat="44.9949640" lon="10.4072370">
    <ele>28.5</ele>
    <time>2026-05-20T13:39:21Z</time>
   </trkpt>
   <trkpt lat="44.9949630" lon="10.4072360">
    <ele>28.5</ele>
    <time>2026-05-20T13:39:22Z</time>
   </trkpt>
   <trkpt lat="44.9949630" lon="10.4072360">
    <ele>28.5</ele>
    <time>2026-05-20T13:39:23Z</time>
   </trkpt>
   <trkpt lat="44.9949630" lon="10.4072360">
    <ele>28.5</ele>
    <time>2026-05-20T13:39:24Z</time>
   </trkpt>
   <trkpt lat="44.9949590" lon="10.4072380">
    <ele>28.5</ele>
    <time>2026-05-20T13:39:25Z</time>
   </trkpt>
   <trkpt lat="44.9949590" lon="10.4072390">
    <ele>28.5</ele>
    <time>2026-05-20T13:39:26Z</time>
   </trkpt>
   <trkpt lat="44.9949590" lon="10.4072380">
    <ele>28.5</ele>
    <time>2026-05-20T13:39:27Z</time>
   </trkpt>
   <trkpt lat="44.9949580" lon="10.4072360">
    <ele>28.5</ele>
    <time>2026-05-20T13:39:28Z</time>
   </trkpt>
   <trkpt lat="44.9949580" lon="10.4072370">
    <ele>28.5</ele>
    <time>2026-05-20T13:39:29Z</time>
   </trkpt>
   <trkpt lat="44.9949580" lon="10.4072350">
    <ele>28.5</ele>
    <time>2026-05-20T13:39:30Z</time>
   </trkpt>
   <trkpt lat="44.9949570" lon="10.4072370">
    <ele>28.5</ele>
    <time>2026-05-20T13:39:31Z</time>
   </trkpt>
   <trkpt lat="44.9949570" lon="10.4072370">
    <ele>28.5</ele>
    <time>2026-05-20T13:39:32Z</time>
   </trkpt>
   <trkpt lat="44.9949570" lon="10.4072370">
    <ele>28.5</ele>
    <time>2026-05-20T13:39:33Z</time>
   </trkpt>
   <trkpt lat="44.9949570" lon="10.4072370">
    <ele>28.5</ele>
    <time>2026-05-20T13:39:34Z</time>
   </trkpt>
   <trkpt lat="44.9949600" lon="10.4072400">
    <ele>28.5</ele>
    <time>2026-05-20T13:39:35Z</time>
   </trkpt>
   <trkpt lat="44.9949570" lon="10.4072410">
    <ele>28.5</ele>
    <time>2026-05-20T13:39:36Z</time>
   </trkpt>
   <trkpt lat="44.9949580" lon="10.4072400">
    <ele>28.5</ele>
    <time>2026-05-20T13:39:37Z</time>
   </trkpt>
   <trkpt lat="44.9949580" lon="10.4072400">
    <ele>28.5</ele>
    <time>2026-05-20T13:39:38Z</time>
   </trkpt>
   <trkpt lat="44.9949580" lon="10.4072400">
    <ele>28.5</ele>
    <time>2026-05-20T13:39:39Z</time>
   </trkpt>
   <trkpt lat="44.9949590" lon="10.4072390">
    <ele>28.5</ele>
    <time>2026-05-20T13:39:40Z</time>
   </trkpt>
   <trkpt lat="44.9949580" lon="10.4072390">
    <ele>28.5</ele>
    <time>2026-05-20T13:39:41Z</time>
   </trkpt>
   <trkpt lat="44.9949570" lon="10.4072420">
    <ele>28.5</ele>
    <time>2026-05-20T13:39:42Z</time>
   </trkpt>
   <trkpt lat="44.9949580" lon="10.4072410">
    <ele>28.5</ele>
    <time>2026-05-20T13:39:43Z</time>
   </trkpt>
   <trkpt lat="44.9949570" lon="10.4072440">
    <ele>28.5</ele>
    <time>2026-05-20T13:39:44Z</time>
   </trkpt>
   <trkpt lat="44.9949570" lon="10.4072440">
    <ele>28.5</ele>
    <time>2026-05-20T13:39:45Z</time>
   </trkpt>
   <trkpt lat="44.9949570" lon="10.4072440">
    <ele>28.5</ele>
    <time>2026-05-20T13:39:46Z</time>
   </trkpt>
   <trkpt lat="44.9949570" lon="10.4072440">
    <ele>28.5</ele>
    <time>2026-05-20T13:39:47Z</time>
   </trkpt>
   <trkpt lat="44.9949530" lon="10.4072440">
    <ele>28.5</ele>
    <time>2026-05-20T13:39:48Z</time>
   </trkpt>
   <trkpt lat="44.9949500" lon="10.4072440">
    <ele>28.5</ele>
    <time>2026-05-20T13:39:49Z</time>
   </trkpt>
   <trkpt lat="44.9949470" lon="10.4072450">
    <ele>28.5</ele>
    <time>2026-05-20T13:39:50Z</time>
   </trkpt>
   <trkpt lat="44.9949440" lon="10.4072450">
    <ele>28.5</ele>
    <time>2026-05-20T13:39:51Z</time>
   </trkpt>
   <trkpt lat="44.9949410" lon="10.4072450">
    <ele>28.5</ele>
    <time>2026-05-20T13:39:52Z</time>
   </trkpt>
   <trkpt lat="44.9949380" lon="10.4072450">
    <ele>28.5</ele>
    <time>2026-05-20T13:39:53Z</time>
   </trkpt>
   <trkpt lat="44.9949350" lon="10.4072460">
    <ele>28.5</ele>
    <time>2026-05-20T13:39:54Z</time>
   </trkpt>
   <trkpt lat="44.9949320" lon="10.4072460">
    <ele>28.5</ele>
    <time>2026-05-20T13:39:55Z</time>
   </trkpt>
   <trkpt lat="44.9949290" lon="10.4072460">
    <ele>28.5</ele>
    <time>2026-05-20T13:39:56Z</time>
   </trkpt>
   <trkpt lat="44.9949260" lon="10.4072470">
    <ele>28.4</ele>
    <time>2026-05-20T13:39:57Z</time>
   </trkpt>
   <trkpt lat="44.9949220" lon="10.4072470">
    <ele>28.4</ele>
    <time>2026-05-20T13:39:58Z</time>
   </trkpt>
   <trkpt lat="44.9949190" lon="10.4072470">
    <ele>28.4</ele>
    <time>2026-05-20T13:39:59Z</time>
   </trkpt>
   <trkpt lat="44.9949160" lon="10.4072470">
    <ele>28.4</ele>
    <time>2026-05-20T13:40:00Z</time>
   </trkpt>
   <trkpt lat="44.9949130" lon="10.4072480">
    <ele>28.4</ele>
    <time>2026-05-20T13:40:01Z</time>
   </trkpt>
   <trkpt lat="44.9949100" lon="10.4072480">
    <ele>28.4</ele>
    <time>2026-05-20T13:40:02Z</time>
   </trkpt>
   <trkpt lat="44.9949070" lon="10.4072480">
    <ele>28.4</ele>
    <time>2026-05-20T13:40:03Z</time>
   </trkpt>
   <trkpt lat="44.9949040" lon="10.4072480">
    <ele>28.4</ele>
    <time>2026-05-20T13:40:04Z</time>
   </trkpt>
   <trkpt lat="44.9949010" lon="10.4072490">
    <ele>28.4</ele>
    <time>2026-05-20T13:40:05Z</time>
   </trkpt>
   <trkpt lat="44.9948980" lon="10.4072490">
    <ele>28.4</ele>
    <time>2026-05-20T13:40:06Z</time>
   </trkpt>
   <trkpt lat="44.9948610" lon="10.4072670">
    <ele>28.4</ele>
    <time>2026-05-20T13:40:07Z</time>
   </trkpt>
   <trkpt lat="44.9948240" lon="10.4072790">
    <ele>28.3</ele>
    <time>2026-05-20T13:40:08Z</time>
   </trkpt>
   <trkpt lat="44.9947850" lon="10.4072670">
    <ele>28.2</ele>
    <time>2026-05-20T13:40:09Z</time>
   </trkpt>
   <trkpt lat="44.9947530" lon="10.4072350">
    <ele>28.2</ele>
    <time>2026-05-20T13:40:10Z</time>
   </trkpt>
   <trkpt lat="44.9947260" lon="10.4071970">
    <ele>28.1</ele>
    <time>2026-05-20T13:40:11Z</time>
   </trkpt>
   <trkpt lat="44.9946790" lon="10.4071710">
    <ele>27.9</ele>
    <time>2026-05-20T13:40:12Z</time>
   </trkpt>
   <trkpt lat="44.9946540" lon="10.4071500">
    <ele>27.9</ele>
    <time>2026-05-20T13:40:13Z</time>
   </trkpt>
   <trkpt lat="44.9946250" lon="10.4071240">
    <ele>27.8</ele>
    <time>2026-05-20T13:40:14Z</time>
   </trkpt>
   <trkpt lat="44.9945800" lon="10.4070930">
    <ele>27.7</ele>
    <time>2026-05-20T13:40:15Z</time>
   </trkpt>
   <trkpt lat="44.9945560" lon="10.4070660">
    <ele>27.6</ele>
    <time>2026-05-20T13:40:16Z</time>
   </trkpt>
   <trkpt lat="44.9945270" lon="10.4070380">
    <ele>27.6</ele>
    <time>2026-05-20T13:40:17Z</time>
   </trkpt>
   <trkpt lat="44.9944880" lon="10.4070030">
    <ele>27.5</ele>
    <time>2026-05-20T13:40:18Z</time>
   </trkpt>
   <trkpt lat="44.9944690" lon="10.4069900">
    <ele>27.5</ele>
    <time>2026-05-20T13:40:19Z</time>
   </trkpt>
   <trkpt lat="44.9944480" lon="10.4069620">
    <ele>27.5</ele>
    <time>2026-05-20T13:40:20Z</time>
   </trkpt>
   <trkpt lat="44.9944180" lon="10.4069320">
    <ele>27.4</ele>
    <time>2026-05-20T13:40:21Z</time>
   </trkpt>
   <trkpt lat="44.9943970" lon="10.4069010">
    <ele>27.4</ele>
    <time>2026-05-20T13:40:22Z</time>
   </trkpt>
   <trkpt lat="44.9943790" lon="10.4068810">
    <ele>27.4</ele>
    <time>2026-05-20T13:40:23Z</time>
   </trkpt>
   <trkpt lat="44.9943830" lon="10.4068830">
    <ele>27.4</ele>
    <time>2026-05-20T13:40:24Z</time>
   </trkpt>
   <trkpt lat="44.9943780" lon="10.4068820">
    <ele>27.4</ele>
    <time>2026-05-20T13:40:25Z</time>
   </trkpt>
   <trkpt lat="44.9943800" lon="10.4068880">
    <ele>27.4</ele>
    <time>2026-05-20T13:40:26Z</time>
   </trkpt>
   <trkpt lat="44.9943820" lon="10.4068920">
    <ele>27.4</ele>
    <time>2026-05-20T13:40:27Z</time>
   </trkpt>
   <trkpt lat="44.9943770" lon="10.4068870">
    <ele>27.4</ele>
    <time>2026-05-20T13:40:28Z</time>
   </trkpt>
   <trkpt lat="44.9943790" lon="10.4068880">
    <ele>27.4</ele>
    <time>2026-05-20T13:40:29Z</time>
   </trkpt>
   <trkpt lat="44.9943870" lon="10.4068870">
    <ele>27.4</ele>
    <time>2026-05-20T13:40:30Z</time>
   </trkpt>
   <trkpt lat="44.9943900" lon="10.4068900">
    <ele>27.4</ele>
    <time>2026-05-20T13:40:31Z</time>
   </trkpt>
   <trkpt lat="44.9943900" lon="10.4068900">
    <ele>27.4</ele>
    <time>2026-05-20T13:40:32Z</time>
   </trkpt>
   <trkpt lat="44.9943960" lon="10.4068920">
    <ele>27.4</ele>
    <time>2026-05-20T13:40:33Z</time>
   </trkpt>
   <trkpt lat="44.9943840" lon="10.4068920">
    <ele>27.4</ele>
    <time>2026-05-20T13:40:34Z</time>
   </trkpt>
   <trkpt lat="44.9943840" lon="10.4068930">
    <ele>27.4</ele>
    <time>2026-05-20T13:40:35Z</time>
   </trkpt>
   <trkpt lat="44.9943840" lon="10.4068930">
    <ele>27.4</ele>
    <time>2026-05-20T13:40:36Z</time>
   </trkpt>
   <trkpt lat="44.9943840" lon="10.4068930">
    <ele>27.4</ele>
    <time>2026-05-20T13:40:37Z</time>
   </trkpt>
   <trkpt lat="44.9943850" lon="10.4068860">
    <ele>27.4</ele>
    <time>2026-05-20T13:40:38Z</time>
   </trkpt>
   <trkpt lat="44.9943860" lon="10.4068850">
    <ele>27.4</ele>
    <time>2026-05-20T13:40:39Z</time>
   </trkpt>
   <trkpt lat="44.9943870" lon="10.4068850">
    <ele>27.4</ele>
    <time>2026-05-20T13:40:40Z</time>
   </trkpt>
   <trkpt lat="44.9943870" lon="10.4068850">
    <ele>27.4</ele>
    <time>2026-05-20T13:40:41Z</time>
   </trkpt>
   <trkpt lat="44.9943870" lon="10.4068850">
    <ele>27.4</ele>
    <time>2026-05-20T13:40:42Z</time>
   </trkpt>
   <trkpt lat="44.9943870" lon="10.4068850">
    <ele>27.4</ele>
    <time>2026-05-20T13:40:43Z</time>
   </trkpt>
   <trkpt lat="44.9943810" lon="10.4068940">
    <ele>27.4</ele>
    <time>2026-05-20T13:40:44Z</time>
   </trkpt>
   <trkpt lat="44.9943810" lon="10.4068940">
    <ele>27.4</ele>
    <time>2026-05-20T13:40:45Z</time>
   </trkpt>
   <trkpt lat="44.9943810" lon="10.4068940">
    <ele>27.4</ele>
    <time>2026-05-20T13:40:46Z</time>
   </trkpt>
   <trkpt lat="44.9943830" lon="10.4068970">
    <ele>27.4</ele>
    <time>2026-05-20T13:40:47Z</time>
   </trkpt>
   <trkpt lat="44.9943840" lon="10.4068940">
    <ele>27.4</ele>
    <time>2026-05-20T13:40:48Z</time>
   </trkpt>
   <trkpt lat="44.9943890" lon="10.4068900">
    <ele>27.3</ele>
    <time>2026-05-20T13:40:49Z</time>
   </trkpt>
   <trkpt lat="44.9943940" lon="10.4068940">
    <ele>27.3</ele>
    <time>2026-05-20T13:40:50Z</time>
   </trkpt>
   <trkpt lat="44.9943960" lon="10.4068900">
    <ele>27.3</ele>
    <time>2026-05-20T13:40:51Z</time>
   </trkpt>
   <trkpt lat="44.9943940" lon="10.4068840">
    <ele>27.3</ele>
    <time>2026-05-20T13:40:52Z</time>
   </trkpt>
   <trkpt lat="44.9943890" lon="10.4068520">
    <ele>27.3</ele>
    <time>2026-05-20T13:40:53Z</time>
   </trkpt>
   <trkpt lat="44.9943930" lon="10.4068260">
    <ele>27.3</ele>
    <time>2026-05-20T13:40:54Z</time>
   </trkpt>
   <trkpt lat="44.9943960" lon="10.4068060">
    <ele>27.3</ele>
    <time>2026-05-20T13:40:55Z</time>
   </trkpt>
   <trkpt lat="44.9944060" lon="10.4067470">
    <ele>27.2</ele>
    <time>2026-05-20T13:40:56Z</time>
   </trkpt>
   <trkpt lat="44.9944150" lon="10.4067220">
    <ele>27.2</ele>
    <time>2026-05-20T13:40:57Z</time>
   </trkpt>
   <trkpt lat="44.9944260" lon="10.4066700">
    <ele>27.2</ele>
    <time>2026-05-20T13:40:58Z</time>
   </trkpt>
   <trkpt lat="44.9944650" lon="10.4066220">
    <ele>27.1</ele>
    <time>2026-05-20T13:40:59Z</time>
   </trkpt>
   <trkpt lat="44.9944860" lon="10.4065710">
    <ele>27.1</ele>
    <time>2026-05-20T13:41:00Z</time>
   </trkpt>
   <trkpt lat="44.9945030" lon="10.4065220">
    <ele>27.0</ele>
    <time>2026-05-20T13:41:01Z</time>
   </trkpt>
   <trkpt lat="44.9945220" lon="10.4064770">
    <ele>27.0</ele>
    <time>2026-05-20T13:41:02Z</time>
   </trkpt>
   <trkpt lat="44.9945390" lon="10.4064250">
    <ele>26.9</ele>
    <time>2026-05-20T13:41:03Z</time>
   </trkpt>
   <trkpt lat="44.9945660" lon="10.4063660">
    <ele>26.9</ele>
    <time>2026-05-20T13:41:04Z</time>
   </trkpt>
   <trkpt lat="44.9945950" lon="10.4063120">
    <ele>26.8</ele>
    <time>2026-05-20T13:41:05Z</time>
   </trkpt>
   <trkpt lat="44.9946180" lon="10.4062570">
    <ele>26.8</ele>
    <time>2026-05-20T13:41:06Z</time>
   </trkpt>
   <trkpt lat="44.9946350" lon="10.4062090">
    <ele>26.7</ele>
    <time>2026-05-20T13:41:07Z</time>
   </trkpt>
   <trkpt lat="44.9946560" lon="10.4061580">
    <ele>26.7</ele>
    <time>2026-05-20T13:41:08Z</time>
   </trkpt>
   <trkpt lat="44.9946780" lon="10.4061100">
    <ele>26.6</ele>
    <time>2026-05-20T13:41:09Z</time>
   </trkpt>
   <trkpt lat="44.9947040" lon="10.4060510">
    <ele>26.6</ele>
    <time>2026-05-20T13:41:10Z</time>
   </trkpt>
   <trkpt lat="44.9947320" lon="10.4059880">
    <ele>26.5</ele>
    <time>2026-05-20T13:41:11Z</time>
   </trkpt>
   <trkpt lat="44.9947500" lon="10.4059540">
    <ele>26.4</ele>
    <time>2026-05-20T13:41:12Z</time>
   </trkpt>
   <trkpt lat="44.9947660" lon="10.4058990">
    <ele>26.4</ele>
    <time>2026-05-20T13:41:13Z</time>
   </trkpt>
   <trkpt lat="44.9947820" lon="10.4058590">
    <ele>26.3</ele>
    <time>2026-05-20T13:41:14Z</time>
   </trkpt>
   <trkpt lat="44.9948010" lon="10.4058100">
    <ele>26.2</ele>
    <time>2026-05-20T13:41:15Z</time>
   </trkpt>
   <trkpt lat="44.9948220" lon="10.4057720">
    <ele>26.2</ele>
    <time>2026-05-20T13:41:16Z</time>
   </trkpt>
   <trkpt lat="44.9948300" lon="10.4057570">
    <ele>26.1</ele>
    <time>2026-05-20T13:41:17Z</time>
   </trkpt>
   <trkpt lat="44.9948480" lon="10.4057130">
    <ele>26.1</ele>
    <time>2026-05-20T13:41:18Z</time>
   </trkpt>
   <trkpt lat="44.9948490" lon="10.4056980">
    <ele>26.1</ele>
    <time>2026-05-20T13:41:19Z</time>
   </trkpt>
   <trkpt lat="44.9948540" lon="10.4056880">
    <ele>26.1</ele>
    <time>2026-05-20T13:41:20Z</time>
   </trkpt>
   <trkpt lat="44.9948570" lon="10.4056790">
    <ele>26.0</ele>
    <time>2026-05-20T13:41:21Z</time>
   </trkpt>
   <trkpt lat="44.9948610" lon="10.4056600">
    <ele>26.0</ele>
    <time>2026-05-20T13:41:22Z</time>
   </trkpt>
   <trkpt lat="44.9948570" lon="10.4056620">
    <ele>26.0</ele>
    <time>2026-05-20T13:41:23Z</time>
   </trkpt>
   <trkpt lat="44.9948550" lon="10.4056650">
    <ele>26.0</ele>
    <time>2026-05-20T13:41:24Z</time>
   </trkpt>
   <trkpt lat="44.9948520" lon="10.4056580">
    <ele>26.0</ele>
    <time>2026-05-20T13:41:25Z</time>
   </trkpt>
   <trkpt lat="44.9948580" lon="10.4056640">
    <ele>26.0</ele>
    <time>2026-05-20T13:41:26Z</time>
   </trkpt>
   <trkpt lat="44.9948630" lon="10.4056600">
    <ele>26.0</ele>
    <time>2026-05-20T13:41:27Z</time>
   </trkpt>
   <trkpt lat="44.9948640" lon="10.4056530">
    <ele>26.0</ele>
    <time>2026-05-20T13:41:28Z</time>
   </trkpt>
   <trkpt lat="44.9948660" lon="10.4056480">
    <ele>26.0</ele>
    <time>2026-05-20T13:41:29Z</time>
   </trkpt>
   <trkpt lat="44.9948670" lon="10.4056490">
    <ele>26.0</ele>
    <time>2026-05-20T13:41:30Z</time>
   </trkpt>
   <trkpt lat="44.9948680" lon="10.4056480">
    <ele>26.0</ele>
    <time>2026-05-20T13:41:31Z</time>
   </trkpt>
   <trkpt lat="44.9948690" lon="10.4056470">
    <ele>26.0</ele>
    <time>2026-05-20T13:41:32Z</time>
   </trkpt>
   <trkpt lat="44.9948730" lon="10.4056490">
    <ele>25.9</ele>
    <time>2026-05-20T13:41:33Z</time>
   </trkpt>
   <trkpt lat="44.9948720" lon="10.4056400">
    <ele>25.9</ele>
    <time>2026-05-20T13:41:34Z</time>
   </trkpt>
   <trkpt lat="44.9948720" lon="10.4056400">
    <ele>25.9</ele>
    <time>2026-05-20T13:41:35Z</time>
   </trkpt>
   <trkpt lat="44.9948720" lon="10.4056400">
    <ele>25.9</ele>
    <time>2026-05-20T13:41:36Z</time>
   </trkpt>
   <trkpt lat="44.9948720" lon="10.4056400">
    <ele>25.9</ele>
    <time>2026-05-20T13:41:37Z</time>
   </trkpt>
   <trkpt lat="44.9948720" lon="10.4056400">
    <ele>25.9</ele>
    <time>2026-05-20T13:41:38Z</time>
   </trkpt>
   <trkpt lat="44.9948720" lon="10.4056400">
    <ele>25.9</ele>
    <time>2026-05-20T13:41:39Z</time>
   </trkpt>
   <trkpt lat="44.9948720" lon="10.4056400">
    <ele>25.9</ele>
    <time>2026-05-20T13:41:40Z</time>
   </trkpt>
   <trkpt lat="44.9948720" lon="10.4056400">
    <ele>25.9</ele>
    <time>2026-05-20T13:41:41Z</time>
   </trkpt>
   <trkpt lat="44.9948720" lon="10.4056400">
    <ele>25.9</ele>
    <time>2026-05-20T13:41:42Z</time>
   </trkpt>
   <trkpt lat="44.9948720" lon="10.4056400">
    <ele>25.9</ele>
    <time>2026-05-20T13:41:43Z</time>
   </trkpt>
   <trkpt lat="44.9948720" lon="10.4056400">
    <ele>25.9</ele>
    <time>2026-05-20T13:41:44Z</time>
   </trkpt>
   <trkpt lat="44.9948720" lon="10.4056400">
    <ele>25.9</ele>
    <time>2026-05-20T13:41:45Z</time>
   </trkpt>
   <trkpt lat="44.9948820" lon="10.4056420">
    <ele>25.9</ele>
    <time>2026-05-20T13:41:46Z</time>
   </trkpt>
   <trkpt lat="44.9948830" lon="10.4056390">
    <ele>25.9</ele>
    <time>2026-05-20T13:41:47Z</time>
   </trkpt>
   <trkpt lat="44.9948820" lon="10.4056400">
    <ele>25.9</ele>
    <time>2026-05-20T13:41:48Z</time>
   </trkpt>
   <trkpt lat="44.9948820" lon="10.4056400">
    <ele>25.9</ele>
    <time>2026-05-20T13:41:49Z</time>
   </trkpt>
   <trkpt lat="44.9948780" lon="10.4056360">
    <ele>25.9</ele>
    <time>2026-05-20T13:41:50Z</time>
   </trkpt>
   <trkpt lat="44.9948780" lon="10.4056360">
    <ele>25.9</ele>
    <time>2026-05-20T13:41:51Z</time>
   </trkpt>
   <trkpt lat="44.9948760" lon="10.4056420">
    <ele>25.9</ele>
    <time>2026-05-20T13:41:52Z</time>
   </trkpt>
   <trkpt lat="44.9948760" lon="10.4056430">
    <ele>25.9</ele>
    <time>2026-05-20T13:41:53Z</time>
   </trkpt>
   <trkpt lat="44.9948760" lon="10.4056430">
    <ele>25.9</ele>
    <time>2026-05-20T13:41:54Z</time>
   </trkpt>
   <trkpt lat="44.9948710" lon="10.4056480">
    <ele>25.9</ele>
    <time>2026-05-20T13:41:55Z</time>
   </trkpt>
   <trkpt lat="44.9948710" lon="10.4056500">
    <ele>25.9</ele>
    <time>2026-05-20T13:41:56Z</time>
   </trkpt>
   <trkpt lat="44.9948710" lon="10.4056500">
    <ele>25.9</ele>
    <time>2026-05-20T13:41:57Z</time>
   </trkpt>
   <trkpt lat="44.9948790" lon="10.4056450">
    <ele>25.9</ele>
    <time>2026-05-20T13:41:58Z</time>
   </trkpt>
   <trkpt lat="44.9948820" lon="10.4056440">
    <ele>25.9</ele>
    <time>2026-05-20T13:41:59Z</time>
   </trkpt>
   <trkpt lat="44.9948780" lon="10.4056410">
    <ele>25.9</ele>
    <time>2026-05-20T13:42:00Z</time>
   </trkpt>
   <trkpt lat="44.9948780" lon="10.4056410">
    <ele>25.9</ele>
    <time>2026-05-20T13:42:01Z</time>
   </trkpt>
   <trkpt lat="44.9948730" lon="10.4056440">
    <ele>25.9</ele>
    <time>2026-05-20T13:42:02Z</time>
   </trkpt>
   <trkpt lat="44.9948700" lon="10.4056420">
    <ele>25.8</ele>
    <time>2026-05-20T13:42:03Z</time>
   </trkpt>
   <trkpt lat="44.9948710" lon="10.4056420">
    <ele>25.8</ele>
    <time>2026-05-20T13:42:04Z</time>
   </trkpt>
   <trkpt lat="44.9948710" lon="10.4056420">
    <ele>25.8</ele>
    <time>2026-05-20T13:42:05Z</time>
   </trkpt>
   <trkpt lat="44.9948710" lon="10.4056420">
    <ele>25.8</ele>
    <time>2026-05-20T13:42:06Z</time>
   </trkpt>
   <trkpt lat="44.9948710" lon="10.4056420">
    <ele>25.8</ele>
    <time>2026-05-20T13:42:07Z</time>
   </trkpt>
   <trkpt lat="44.9948710" lon="10.4056420">
    <ele>25.8</ele>
    <time>2026-05-20T13:42:08Z</time>
   </trkpt>
   <trkpt lat="44.9948710" lon="10.4056420">
    <ele>25.8</ele>
    <time>2026-05-20T13:42:09Z</time>
   </trkpt>
   <trkpt lat="44.9948710" lon="10.4056420">
    <ele>25.8</ele>
    <time>2026-05-20T13:42:10Z</time>
   </trkpt>
   <trkpt lat="44.9948690" lon="10.4056330">
    <ele>25.8</ele>
    <time>2026-05-20T13:42:11Z</time>
   </trkpt>
   <trkpt lat="44.9948690" lon="10.4056330">
    <ele>25.8</ele>
    <time>2026-05-20T13:42:12Z</time>
   </trkpt>
   <trkpt lat="44.9948690" lon="10.4056330">
    <ele>25.8</ele>
    <time>2026-05-20T13:42:13Z</time>
   </trkpt>
   <trkpt lat="44.9948730" lon="10.4056360">
    <ele>25.8</ele>
    <time>2026-05-20T13:42:14Z</time>
   </trkpt>
   <trkpt lat="44.9948730" lon="10.4056370">
    <ele>25.8</ele>
    <time>2026-05-20T13:42:15Z</time>
   </trkpt>
   <trkpt lat="44.9948690" lon="10.4056370">
    <ele>25.8</ele>
    <time>2026-05-20T13:42:16Z</time>
   </trkpt>
   <trkpt lat="44.9948700" lon="10.4056390">
    <ele>25.8</ele>
    <time>2026-05-20T13:42:17Z</time>
   </trkpt>
   <trkpt lat="44.9948710" lon="10.4056440">
    <ele>25.8</ele>
    <time>2026-05-20T13:42:18Z</time>
   </trkpt>
   <trkpt lat="44.9948740" lon="10.4056440">
    <ele>25.8</ele>
    <time>2026-05-20T13:42:19Z</time>
   </trkpt>
   <trkpt lat="44.9948740" lon="10.4056440">
    <ele>25.8</ele>
    <time>2026-05-20T13:42:20Z</time>
   </trkpt>
   <trkpt lat="44.9948780" lon="10.4056510">
    <ele>25.8</ele>
    <time>2026-05-20T13:42:21Z</time>
   </trkpt>
   <trkpt lat="44.9948780" lon="10.4056520">
    <ele>25.8</ele>
    <time>2026-05-20T13:42:22Z</time>
   </trkpt>
   <trkpt lat="44.9948780" lon="10.4056520">
    <ele>25.8</ele>
    <time>2026-05-20T13:42:23Z</time>
   </trkpt>
   <trkpt lat="44.9948780" lon="10.4056520">
    <ele>25.8</ele>
    <time>2026-05-20T13:42:24Z</time>
   </trkpt>
   <trkpt lat="44.9948770" lon="10.4056580">
    <ele>25.8</ele>
    <time>2026-05-20T13:42:25Z</time>
   </trkpt>
   <trkpt lat="44.9948770" lon="10.4056580">
    <ele>25.8</ele>
    <time>2026-05-20T13:42:26Z</time>
   </trkpt>
   <trkpt lat="44.9948740" lon="10.4056590">
    <ele>25.8</ele>
    <time>2026-05-20T13:42:27Z</time>
   </trkpt>
   <trkpt lat="44.9948750" lon="10.4056590">
    <ele>25.8</ele>
    <time>2026-05-20T13:42:28Z</time>
   </trkpt>
   <trkpt lat="44.9948780" lon="10.4056550">
    <ele>25.8</ele>
    <time>2026-05-20T13:42:29Z</time>
   </trkpt>
   <trkpt lat="44.9948780" lon="10.4056560">
    <ele>25.8</ele>
    <time>2026-05-20T13:42:30Z</time>
   </trkpt>
   <trkpt lat="44.9948780" lon="10.4056560">
    <ele>25.8</ele>
    <time>2026-05-20T13:42:31Z</time>
   </trkpt>
   <trkpt lat="44.9948780" lon="10.4056560">
    <ele>25.8</ele>
    <time>2026-05-20T13:42:32Z</time>
   </trkpt>
   <trkpt lat="44.9948780" lon="10.4056560">
    <ele>25.8</ele>
    <time>2026-05-20T13:42:33Z</time>
   </trkpt>
   <trkpt lat="44.9948780" lon="10.4056560">
    <ele>25.8</ele>
    <time>2026-05-20T13:42:34Z</time>
   </trkpt>
   <trkpt lat="44.9948780" lon="10.4056560">
    <ele>25.8</ele>
    <time>2026-05-20T13:42:35Z</time>
   </trkpt>
   <trkpt lat="44.9948780" lon="10.4056560">
    <ele>25.8</ele>
    <time>2026-05-20T13:42:36Z</time>
   </trkpt>
   <trkpt lat="44.9948780" lon="10.4056560">
    <ele>25.8</ele>
    <time>2026-05-20T13:42:37Z</time>
   </trkpt>
   <trkpt lat="44.9948810" lon="10.4056400">
    <ele>25.7</ele>
    <time>2026-05-20T13:42:38Z</time>
   </trkpt>
   <trkpt lat="44.9948800" lon="10.4056410">
    <ele>25.7</ele>
    <time>2026-05-20T13:42:39Z</time>
   </trkpt>
   <trkpt lat="44.9948800" lon="10.4056410">
    <ele>25.7</ele>
    <time>2026-05-20T13:42:40Z</time>
   </trkpt>
   <trkpt lat="44.9948800" lon="10.4056410">
    <ele>25.7</ele>
    <time>2026-05-20T13:42:41Z</time>
   </trkpt>
   <trkpt lat="44.9948800" lon="10.4056410">
    <ele>25.7</ele>
    <time>2026-05-20T13:42:42Z</time>
   </trkpt>
   <trkpt lat="44.9948800" lon="10.4056410">
    <ele>25.7</ele>
    <time>2026-05-20T13:42:43Z</time>
   </trkpt>
   <trkpt lat="44.9948800" lon="10.4056410">
    <ele>25.7</ele>
    <time>2026-05-20T13:42:44Z</time>
   </trkpt>
   <trkpt lat="44.9948830" lon="10.4056430">
    <ele>25.7</ele>
    <time>2026-05-20T13:42:45Z</time>
   </trkpt>
   <trkpt lat="44.9948830" lon="10.4056430">
    <ele>25.7</ele>
    <time>2026-05-20T13:42:46Z</time>
   </trkpt>
   <trkpt lat="44.9948830" lon="10.4056430">
    <ele>25.7</ele>
    <time>2026-05-20T13:42:47Z</time>
   </trkpt>
   <trkpt lat="44.9948790" lon="10.4056490">
    <ele>25.7</ele>
    <time>2026-05-20T13:42:48Z</time>
   </trkpt>
   <trkpt lat="44.9948780" lon="10.4056520">
    <ele>25.7</ele>
    <time>2026-05-20T13:42:49Z</time>
   </trkpt>
   <trkpt lat="44.9948800" lon="10.4056510">
    <ele>25.7</ele>
    <time>2026-05-20T13:42:50Z</time>
   </trkpt>
   <trkpt lat="44.9948800" lon="10.4056510">
    <ele>25.7</ele>
    <time>2026-05-20T13:42:51Z</time>
   </trkpt>
   <trkpt lat="44.9948800" lon="10.4056510">
    <ele>25.7</ele>
    <time>2026-05-20T13:42:52Z</time>
   </trkpt>
   <trkpt lat="44.9948800" lon="10.4056510">
    <ele>25.7</ele>
    <time>2026-05-20T13:42:53Z</time>
   </trkpt>
   <trkpt lat="44.9948800" lon="10.4056510">
    <ele>25.7</ele>
    <time>2026-05-20T13:42:54Z</time>
   </trkpt>
   <trkpt lat="44.9948800" lon="10.4056510">
    <ele>25.7</ele>
    <time>2026-05-20T13:42:55Z</time>
   </trkpt>
   <trkpt lat="44.9948800" lon="10.4056510">
    <ele>25.7</ele>
    <time>2026-05-20T13:42:56Z</time>
   </trkpt>
   <trkpt lat="44.9948800" lon="10.4056510">
    <ele>25.7</ele>
    <time>2026-05-20T13:42:57Z</time>
   </trkpt>
   <trkpt lat="44.9948800" lon="10.4056510">
    <ele>25.7</ele>
    <time>2026-05-20T13:42:58Z</time>
   </trkpt>
   <trkpt lat="44.9948810" lon="10.4056460">
    <ele>25.7</ele>
    <time>2026-05-20T13:42:59Z</time>
   </trkpt>
   <trkpt lat="44.9948810" lon="10.4056470">
    <ele>25.7</ele>
    <time>2026-05-20T13:43:00Z</time>
   </trkpt>
   <trkpt lat="44.9948810" lon="10.4056470">
    <ele>25.7</ele>
    <time>2026-05-20T13:43:01Z</time>
   </trkpt>
   <trkpt lat="44.9948800" lon="10.4056480">
    <ele>25.7</ele>
    <time>2026-05-20T13:43:02Z</time>
   </trkpt>
   <trkpt lat="44.9948800" lon="10.4056480">
    <ele>25.7</ele>
    <time>2026-05-20T13:43:03Z</time>
   </trkpt>
   <trkpt lat="44.9948800" lon="10.4056480">
    <ele>25.7</ele>
    <time>2026-05-20T13:43:04Z</time>
   </trkpt>
   <trkpt lat="44.9948800" lon="10.4056480">
    <ele>25.7</ele>
    <time>2026-05-20T13:43:05Z</time>
   </trkpt>
   <trkpt lat="44.9948800" lon="10.4056480">
    <ele>25.7</ele>
    <time>2026-05-20T13:43:06Z</time>
   </trkpt>
   <trkpt lat="44.9948800" lon="10.4056480">
    <ele>25.7</ele>
    <time>2026-05-20T13:43:07Z</time>
   </trkpt>
   <trkpt lat="44.9948800" lon="10.4056480">
    <ele>25.7</ele>
    <time>2026-05-20T13:43:08Z</time>
   </trkpt>
   <trkpt lat="44.9948800" lon="10.4056480">
    <ele>25.7</ele>
    <time>2026-05-20T13:43:09Z</time>
   </trkpt>
   <trkpt lat="44.9948800" lon="10.4056480">
    <ele>25.7</ele>
    <time>2026-05-20T13:43:10Z</time>
   </trkpt>
   <trkpt lat="44.9948800" lon="10.4056480">
    <ele>25.7</ele>
    <time>2026-05-20T13:43:11Z</time>
   </trkpt>
   <trkpt lat="44.9948800" lon="10.4056480">
    <ele>25.7</ele>
    <time>2026-05-20T13:43:12Z</time>
   </trkpt>
   <trkpt lat="44.9948800" lon="10.4056480">
    <ele>25.7</ele>
    <time>2026-05-20T13:43:13Z</time>
   </trkpt>
   <trkpt lat="44.9948800" lon="10.4056480">
    <ele>25.7</ele>
    <time>2026-05-20T13:43:14Z</time>
   </trkpt>
   <trkpt lat="44.9948800" lon="10.4056480">
    <ele>25.7</ele>
    <time>2026-05-20T13:43:15Z</time>
   </trkpt>
   <trkpt lat="44.9948800" lon="10.4056480">
    <ele>25.7</ele>
    <time>2026-05-20T13:43:16Z</time>
   </trkpt>
   <trkpt lat="44.9948800" lon="10.4056480">
    <ele>25.7</ele>
    <time>2026-05-20T13:43:17Z</time>
   </trkpt>
   <trkpt lat="44.9948800" lon="10.4056480">
    <ele>25.7</ele>
    <time>2026-05-20T13:43:18Z</time>
   </trkpt>
   <trkpt lat="44.9948800" lon="10.4056480">
    <ele>25.7</ele>
    <time>2026-05-20T13:43:19Z</time>
   </trkpt>
   <trkpt lat="44.9948840" lon="10.4056390">
    <ele>25.7</ele>
    <time>2026-05-20T13:43:20Z</time>
   </trkpt>
   <trkpt lat="44.9948860" lon="10.4056440">
    <ele>25.7</ele>
    <time>2026-05-20T13:43:21Z</time>
   </trkpt>
   <trkpt lat="44.9948860" lon="10.4056440">
    <ele>25.7</ele>
    <time>2026-05-20T13:43:22Z</time>
   </trkpt>
   <trkpt lat="44.9948860" lon="10.4056440">
    <ele>25.7</ele>
    <time>2026-05-20T13:43:23Z</time>
   </trkpt>
   <trkpt lat="44.9948860" lon="10.4056440">
    <ele>25.7</ele>
    <time>2026-05-20T13:43:24Z</time>
   </trkpt>
   <trkpt lat="44.9948810" lon="10.4056390">
    <ele>25.7</ele>
    <time>2026-05-20T13:43:25Z</time>
   </trkpt>
   <trkpt lat="44.9948810" lon="10.4056400">
    <ele>25.7</ele>
    <time>2026-05-20T13:43:26Z</time>
   </trkpt>
   <trkpt lat="44.9948810" lon="10.4056400">
    <ele>25.7</ele>
    <time>2026-05-20T13:43:27Z</time>
   </trkpt>
   <trkpt lat="44.9948810" lon="10.4056400">
    <ele>25.7</ele>
    <time>2026-05-20T13:43:28Z</time>
   </trkpt>
   <trkpt lat="44.9948810" lon="10.4056400">
    <ele>25.7</ele>
    <time>2026-05-20T13:43:29Z</time>
   </trkpt>
   <trkpt lat="44.9948810" lon="10.4056400">
    <ele>25.7</ele>
    <time>2026-05-20T13:43:30Z</time>
   </trkpt>
   <trkpt lat="44.9948810" lon="10.4056400">
    <ele>25.7</ele>
    <time>2026-05-20T13:43:31Z</time>
   </trkpt>
   <trkpt lat="44.9948810" lon="10.4056400">
    <ele>25.7</ele>
    <time>2026-05-20T13:43:32Z</time>
   </trkpt>
   <trkpt lat="44.9948810" lon="10.4056400">
    <ele>25.7</ele>
    <time>2026-05-20T13:43:33Z</time>
   </trkpt>
   <trkpt lat="44.9948810" lon="10.4056400">
    <ele>25.7</ele>
    <time>2026-05-20T13:43:34Z</time>
   </trkpt>
   <trkpt lat="44.9948810" lon="10.4056400">
    <ele>25.7</ele>
    <time>2026-05-20T13:43:35Z</time>
   </trkpt>
   <trkpt lat="44.9948810" lon="10.4056400">
    <ele>25.7</ele>
    <time>2026-05-20T13:43:36Z</time>
   </trkpt>
   <trkpt lat="44.9948810" lon="10.4056400">
    <ele>25.7</ele>
    <time>2026-05-20T13:43:37Z</time>
   </trkpt>
   <trkpt lat="44.9948810" lon="10.4056400">
    <ele>25.7</ele>
    <time>2026-05-20T13:43:38Z</time>
   </trkpt>
   <trkpt lat="44.9948810" lon="10.4056400">
    <ele>25.7</ele>
    <time>2026-05-20T13:43:39Z</time>
   </trkpt>
   <trkpt lat="44.9948810" lon="10.4056400">
    <ele>25.7</ele>
    <time>2026-05-20T13:43:40Z</time>
   </trkpt>
   <trkpt lat="44.9948810" lon="10.4056400">
    <ele>25.7</ele>
    <time>2026-05-20T13:43:41Z</time>
   </trkpt>
   <trkpt lat="44.9948810" lon="10.4056400">
    <ele>25.7</ele>
    <time>2026-05-20T13:43:42Z</time>
   </trkpt>
   <trkpt lat="44.9948740" lon="10.4056580">
    <ele>25.6</ele>
    <time>2026-05-20T13:43:43Z</time>
   </trkpt>
   <trkpt lat="44.9948730" lon="10.4056580">
    <ele>25.6</ele>
    <time>2026-05-20T13:43:44Z</time>
   </trkpt>
   <trkpt lat="44.9948750" lon="10.4056580">
    <ele>25.6</ele>
    <time>2026-05-20T13:43:45Z</time>
   </trkpt>
   <trkpt lat="44.9948770" lon="10.4056540">
    <ele>25.6</ele>
    <time>2026-05-20T13:43:46Z</time>
   </trkpt>
   <trkpt lat="44.9948780" lon="10.4056520">
    <ele>25.6</ele>
    <time>2026-05-20T13:43:47Z</time>
   </trkpt>
   <trkpt lat="44.9948790" lon="10.4056530">
    <ele>25.6</ele>
    <time>2026-05-20T13:43:48Z</time>
   </trkpt>
   <trkpt lat="44.9948790" lon="10.4056530">
    <ele>25.6</ele>
    <time>2026-05-20T13:43:49Z</time>
   </trkpt>
   <trkpt lat="44.9948880" lon="10.4056340">
    <ele>25.6</ele>
    <time>2026-05-20T13:43:50Z</time>
   </trkpt>
   <trkpt lat="44.9948910" lon="10.4056170">
    <ele>25.6</ele>
    <time>2026-05-20T13:43:51Z</time>
   </trkpt>
   <trkpt lat="44.9948900" lon="10.4055990">
    <ele>25.6</ele>
    <time>2026-05-20T13:43:52Z</time>
   </trkpt>
   <trkpt lat="44.9948810" lon="10.4055690">
    <ele>25.6</ele>
    <time>2026-05-20T13:43:53Z</time>
   </trkpt>
   <trkpt lat="44.9948740" lon="10.4055570">
    <ele>25.6</ele>
    <time>2026-05-20T13:43:54Z</time>
   </trkpt>
   <trkpt lat="44.9948680" lon="10.4055450">
    <ele>25.6</ele>
    <time>2026-05-20T13:43:55Z</time>
   </trkpt>
   <trkpt lat="44.9948550" lon="10.4055280">
    <ele>25.6</ele>
    <time>2026-05-20T13:43:56Z</time>
   </trkpt>
   <trkpt lat="44.9948490" lon="10.4055160">
    <ele>25.6</ele>
    <time>2026-05-20T13:43:57Z</time>
   </trkpt>
   <trkpt lat="44.9948440" lon="10.4055060">
    <ele>25.6</ele>
    <time>2026-05-20T13:43:58Z</time>
   </trkpt>
   <trkpt lat="44.9948430" lon="10.4055060">
    <ele>25.6</ele>
    <time>2026-05-20T13:43:59Z</time>
   </trkpt>
   <trkpt lat="44.9948420" lon="10.4055060">
    <ele>25.6</ele>
    <time>2026-05-20T13:44:00Z</time>
   </trkpt>
   <trkpt lat="44.9948420" lon="10.4055050">
    <ele>25.6</ele>
    <time>2026-05-20T13:44:01Z</time>
   </trkpt>
   <trkpt lat="44.9948410" lon="10.4055050">
    <ele>25.6</ele>
    <time>2026-05-20T13:44:02Z</time>
   </trkpt>
   <trkpt lat="44.9948400" lon="10.4055050">
    <ele>25.6</ele>
    <time>2026-05-20T13:44:03Z</time>
   </trkpt>
   <trkpt lat="44.9948390" lon="10.4055050">
    <ele>25.6</ele>
    <time>2026-05-20T13:44:04Z</time>
   </trkpt>
   <trkpt lat="44.9948380" lon="10.4055050">
    <ele>25.6</ele>
    <time>2026-05-20T13:44:05Z</time>
   </trkpt>
   <trkpt lat="44.9948370" lon="10.4055050">
    <ele>25.6</ele>
    <time>2026-05-20T13:44:06Z</time>
   </trkpt>
   <trkpt lat="44.9948370" lon="10.4055050">
    <ele>25.6</ele>
    <time>2026-05-20T13:44:07Z</time>
   </trkpt>
   <trkpt lat="44.9948360" lon="10.4055040">
    <ele>25.6</ele>
    <time>2026-05-20T13:44:08Z</time>
   </trkpt>
   <trkpt lat="44.9948350" lon="10.4055040">
    <ele>25.6</ele>
    <time>2026-05-20T13:44:09Z</time>
   </trkpt>
   <trkpt lat="44.9948340" lon="10.4055040">
    <ele>25.6</ele>
    <time>2026-05-20T13:44:10Z</time>
   </trkpt>
   <trkpt lat="44.9948330" lon="10.4055040">
    <ele>25.6</ele>
    <time>2026-05-20T13:44:11Z</time>
   </trkpt>
   <trkpt lat="44.9948320" lon="10.4055040">
    <ele>25.6</ele>
    <time>2026-05-20T13:44:12Z</time>
   </trkpt>
   <trkpt lat="44.9948320" lon="10.4055040">
    <ele>25.6</ele>
    <time>2026-05-20T13:44:13Z</time>
   </trkpt>
   <trkpt lat="44.9948310" lon="10.4055040">
    <ele>25.6</ele>
    <time>2026-05-20T13:44:14Z</time>
   </trkpt>
   <trkpt lat="44.9948300" lon="10.4055030">
    <ele>25.6</ele>
    <time>2026-05-20T13:44:15Z</time>
   </trkpt>
   <trkpt lat="44.9948290" lon="10.4055030">
    <ele>25.6</ele>
    <time>2026-05-20T13:44:16Z</time>
   </trkpt>
   <trkpt lat="44.9948280" lon="10.4055030">
    <ele>25.6</ele>
    <time>2026-05-20T13:44:17Z</time>
   </trkpt>
   <trkpt lat="44.9948270" lon="10.4055030">
    <ele>25.6</ele>
    <time>2026-05-20T13:44:18Z</time>
   </trkpt>
   <trkpt lat="44.9948270" lon="10.4055030">
    <ele>25.6</ele>
    <time>2026-05-20T13:44:19Z</time>
   </trkpt>
   <trkpt lat="44.9948260" lon="10.4055030">
    <ele>25.6</ele>
    <time>2026-05-20T13:44:20Z</time>
   </trkpt>
   <trkpt lat="44.9948250" lon="10.4055030">
    <ele>25.6</ele>
    <time>2026-05-20T13:44:21Z</time>
   </trkpt>
   <trkpt lat="44.9948240" lon="10.4055020">
    <ele>25.6</ele>
    <time>2026-05-20T13:44:22Z</time>
   </trkpt>
   <trkpt lat="44.9948230" lon="10.4055020">
    <ele>25.6</ele>
    <time>2026-05-20T13:44:23Z</time>
   </trkpt>
   <trkpt lat="44.9948220" lon="10.4055020">
    <ele>25.6</ele>
    <time>2026-05-20T13:44:24Z</time>
   </trkpt>
   <trkpt lat="44.9948210" lon="10.4055020">
    <ele>25.6</ele>
    <time>2026-05-20T13:44:25Z</time>
   </trkpt>
   <trkpt lat="44.9948210" lon="10.4055020">
    <ele>25.6</ele>
    <time>2026-05-20T13:44:26Z</time>
   </trkpt>
   <trkpt lat="44.9948200" lon="10.4055020">
    <ele>25.6</ele>
    <time>2026-05-20T13:44:27Z</time>
   </trkpt>
   <trkpt lat="44.9948190" lon="10.4055020">
    <ele>25.6</ele>
    <time>2026-05-20T13:44:28Z</time>
   </trkpt>
   <trkpt lat="44.9948180" lon="10.4055020">
    <ele>25.6</ele>
    <time>2026-05-20T13:44:29Z</time>
   </trkpt>
   <trkpt lat="44.9948170" lon="10.4055010">
    <ele>25.6</ele>
    <time>2026-05-20T13:44:30Z</time>
   </trkpt>
   <trkpt lat="44.9948160" lon="10.4055010">
    <ele>25.6</ele>
    <time>2026-05-20T13:44:31Z</time>
   </trkpt>
   <trkpt lat="44.9948160" lon="10.4055010">
    <ele>25.6</ele>
    <time>2026-05-20T13:44:32Z</time>
   </trkpt>
   <trkpt lat="44.9948150" lon="10.4055010">
    <ele>25.6</ele>
    <time>2026-05-20T13:44:33Z</time>
   </trkpt>
   <trkpt lat="44.9948140" lon="10.4055010">
    <ele>25.6</ele>
    <time>2026-05-20T13:44:34Z</time>
   </trkpt>
   <trkpt lat="44.9948130" lon="10.4055010">
    <ele>25.6</ele>
    <time>2026-05-20T13:44:35Z</time>
   </trkpt>
   <trkpt lat="44.9948120" lon="10.4055010">
    <ele>25.6</ele>
    <time>2026-05-20T13:44:36Z</time>
   </trkpt>
   <trkpt lat="44.9948110" lon="10.4055000">
    <ele>25.6</ele>
    <time>2026-05-20T13:44:37Z</time>
   </trkpt>
   <trkpt lat="44.9948110" lon="10.4055000">
    <ele>25.6</ele>
    <time>2026-05-20T13:44:38Z</time>
   </trkpt>
   <trkpt lat="44.9948100" lon="10.4055000">
    <ele>25.6</ele>
    <time>2026-05-20T13:44:39Z</time>
   </trkpt>
   <trkpt lat="44.9948090" lon="10.4055000">
    <ele>25.6</ele>
    <time>2026-05-20T13:44:40Z</time>
   </trkpt>
   <trkpt lat="44.9948080" lon="10.4055000">
    <ele>25.6</ele>
    <time>2026-05-20T13:44:41Z</time>
   </trkpt>
   <trkpt lat="44.9948070" lon="10.4055000">
    <ele>25.6</ele>
    <time>2026-05-20T13:44:42Z</time>
   </trkpt>
   <trkpt lat="44.9948060" lon="10.4055000">
    <ele>25.6</ele>
    <time>2026-05-20T13:44:43Z</time>
   </trkpt>
   <trkpt lat="44.9948060" lon="10.4054990">
    <ele>25.6</ele>
    <time>2026-05-20T13:44:44Z</time>
   </trkpt>
   <trkpt lat="44.9948050" lon="10.4054990">
    <ele>25.6</ele>
    <time>2026-05-20T13:44:45Z</time>
   </trkpt>
   <trkpt lat="44.9948040" lon="10.4054990">
    <ele>25.6</ele>
    <time>2026-05-20T13:44:46Z</time>
   </trkpt>
   <trkpt lat="44.9948030" lon="10.4054990">
    <ele>25.6</ele>
    <time>2026-05-20T13:44:47Z</time>
   </trkpt>
   <trkpt lat="44.9947780" lon="10.4054660">
    <ele>25.6</ele>
    <time>2026-05-20T13:44:48Z</time>
   </trkpt>
   <trkpt lat="44.9947710" lon="10.4054520">
    <ele>25.6</ele>
    <time>2026-05-20T13:44:49Z</time>
   </trkpt>
   <trkpt lat="44.9947400" lon="10.4054180">
    <ele>25.6</ele>
    <time>2026-05-20T13:44:50Z</time>
   </trkpt>
   <trkpt lat="44.9947290" lon="10.4054080">
    <ele>25.6</ele>
    <time>2026-05-20T13:44:51Z</time>
   </trkpt>
   <trkpt lat="44.9947030" lon="10.4053780">
    <ele>25.6</ele>
    <time>2026-05-20T13:44:52Z</time>
   </trkpt>
   <trkpt lat="44.9946820" lon="10.4053490">
    <ele>25.6</ele>
    <time>2026-05-20T13:44:53Z</time>
   </trkpt>
   <trkpt lat="44.9946720" lon="10.4053390">
    <ele>25.6</ele>
    <time>2026-05-20T13:44:54Z</time>
   </trkpt>
   <trkpt lat="44.9946540" lon="10.4053210">
    <ele>25.6</ele>
    <time>2026-05-20T13:44:55Z</time>
   </trkpt>
   <trkpt lat="44.9946450" lon="10.4053180">
    <ele>25.6</ele>
    <time>2026-05-20T13:44:56Z</time>
   </trkpt>
   <trkpt lat="44.9946370" lon="10.4053150">
    <ele>25.6</ele>
    <time>2026-05-20T13:44:57Z</time>
   </trkpt>
   <trkpt lat="44.9946320" lon="10.4053270">
    <ele>25.6</ele>
    <time>2026-05-20T13:44:58Z</time>
   </trkpt>
   <trkpt lat="44.9946340" lon="10.4053370">
    <ele>25.6</ele>
    <time>2026-05-20T13:44:59Z</time>
   </trkpt>
   <trkpt lat="44.9946350" lon="10.4053390">
    <ele>25.6</ele>
    <time>2026-05-20T13:45:00Z</time>
   </trkpt>
   <trkpt lat="44.9946330" lon="10.4053400">
    <ele>25.6</ele>
    <time>2026-05-20T13:45:01Z</time>
   </trkpt>
   <trkpt lat="44.9946300" lon="10.4053560">
    <ele>25.6</ele>
    <time>2026-05-20T13:45:02Z</time>
   </trkpt>
   <trkpt lat="44.9946340" lon="10.4053510">
    <ele>25.6</ele>
    <time>2026-05-20T13:45:03Z</time>
   </trkpt>
   <trkpt lat="44.9946340" lon="10.4053500">
    <ele>25.6</ele>
    <time>2026-05-20T13:45:04Z</time>
   </trkpt>
   <trkpt lat="44.9946340" lon="10.4053500">
    <ele>25.6</ele>
    <time>2026-05-20T13:45:05Z</time>
   </trkpt>
   <trkpt lat="44.9946340" lon="10.4053500">
    <ele>25.6</ele>
    <time>2026-05-20T13:45:06Z</time>
   </trkpt>
   <trkpt lat="44.9946340" lon="10.4053500">
    <ele>25.6</ele>
    <time>2026-05-20T13:45:07Z</time>
   </trkpt>
   <trkpt lat="44.9946340" lon="10.4053500">
    <ele>25.6</ele>
    <time>2026-05-20T13:45:08Z</time>
   </trkpt>
   <trkpt lat="44.9946340" lon="10.4053500">
    <ele>25.6</ele>
    <time>2026-05-20T13:45:09Z</time>
   </trkpt>
   <trkpt lat="44.9946340" lon="10.4053500">
    <ele>25.6</ele>
    <time>2026-05-20T13:45:10Z</time>
   </trkpt>
   <trkpt lat="44.9946340" lon="10.4053500">
    <ele>25.6</ele>
    <time>2026-05-20T13:45:11Z</time>
   </trkpt>
   <trkpt lat="44.9946340" lon="10.4053500">
    <ele>25.6</ele>
    <time>2026-05-20T13:45:12Z</time>
   </trkpt>
   <trkpt lat="44.9946340" lon="10.4053500">
    <ele>25.6</ele>
    <time>2026-05-20T13:45:13Z</time>
   </trkpt>
   <trkpt lat="44.9946340" lon="10.4053500">
    <ele>25.6</ele>
    <time>2026-05-20T13:45:14Z</time>
   </trkpt>
   <trkpt lat="44.9946340" lon="10.4053500">
    <ele>25.6</ele>
    <time>2026-05-20T13:45:15Z</time>
   </trkpt>
   <trkpt lat="44.9946340" lon="10.4053500">
    <ele>25.6</ele>
    <time>2026-05-20T13:45:16Z</time>
   </trkpt>
   <trkpt lat="44.9946340" lon="10.4053500">
    <ele>25.6</ele>
    <time>2026-05-20T13:45:17Z</time>
   </trkpt>
   <trkpt lat="44.9946340" lon="10.4053500">
    <ele>25.6</ele>
    <time>2026-05-20T13:45:18Z</time>
   </trkpt>
   <trkpt lat="44.9946340" lon="10.4053500">
    <ele>25.6</ele>
    <time>2026-05-20T13:45:19Z</time>
   </trkpt>
   <trkpt lat="44.9946340" lon="10.4053500">
    <ele>25.6</ele>
    <time>2026-05-20T13:45:20Z</time>
   </trkpt>
   <trkpt lat="44.9946340" lon="10.4053500">
    <ele>25.6</ele>
    <time>2026-05-20T13:45:21Z</time>
   </trkpt>
   <trkpt lat="44.9946340" lon="10.4053500">
    <ele>25.6</ele>
    <time>2026-05-20T13:45:22Z</time>
   </trkpt>
   <trkpt lat="44.9946340" lon="10.4053500">
    <ele>25.6</ele>
    <time>2026-05-20T13:45:23Z</time>
   </trkpt>
   <trkpt lat="44.9946340" lon="10.4053500">
    <ele>25.6</ele>
    <time>2026-05-20T13:45:24Z</time>
   </trkpt>
   <trkpt lat="44.9946340" lon="10.4053500">
    <ele>25.6</ele>
    <time>2026-05-20T13:45:25Z</time>
   </trkpt>
   <trkpt lat="44.9946340" lon="10.4053500">
    <ele>25.6</ele>
    <time>2026-05-20T13:45:26Z</time>
   </trkpt>
   <trkpt lat="44.9946340" lon="10.4053500">
    <ele>25.6</ele>
    <time>2026-05-20T13:45:27Z</time>
   </trkpt>
   <trkpt lat="44.9946350" lon="10.4053280">
    <ele>25.6</ele>
    <time>2026-05-20T13:45:28Z</time>
   </trkpt>
   <trkpt lat="44.9946360" lon="10.4053270">
    <ele>25.6</ele>
    <time>2026-05-20T13:45:29Z</time>
   </trkpt>
   <trkpt lat="44.9946360" lon="10.4053270">
    <ele>25.6</ele>
    <time>2026-05-20T13:45:30Z</time>
   </trkpt>
   <trkpt lat="44.9946360" lon="10.4053270">
    <ele>25.6</ele>
    <time>2026-05-20T13:45:31Z</time>
   </trkpt>
   <trkpt lat="44.9946300" lon="10.4053410">
    <ele>25.6</ele>
    <time>2026-05-20T13:45:32Z</time>
   </trkpt>
   <trkpt lat="44.9946300" lon="10.4053410">
    <ele>25.6</ele>
    <time>2026-05-20T13:45:33Z</time>
   </trkpt>
   <trkpt lat="44.9946300" lon="10.4053410">
    <ele>25.6</ele>
    <time>2026-05-20T13:45:34Z</time>
   </trkpt>
   <trkpt lat="44.9946300" lon="10.4053410">
    <ele>25.6</ele>
    <time>2026-05-20T13:45:35Z</time>
   </trkpt>
   <trkpt lat="44.9946300" lon="10.4053410">
    <ele>25.6</ele>
    <time>2026-05-20T13:45:36Z</time>
   </trkpt>
   <trkpt lat="44.9946100" lon="10.4053360">
    <ele>25.6</ele>
    <time>2026-05-20T13:45:37Z</time>
   </trkpt>
   <trkpt lat="44.9946140" lon="10.4053370">
    <ele>25.6</ele>
    <time>2026-05-20T13:45:38Z</time>
   </trkpt>
   <trkpt lat="44.9946160" lon="10.4053310">
    <ele>25.6</ele>
    <time>2026-05-20T13:45:39Z</time>
   </trkpt>
   <trkpt lat="44.9946150" lon="10.4053310">
    <ele>25.6</ele>
    <time>2026-05-20T13:45:40Z</time>
   </trkpt>
   <trkpt lat="44.9946150" lon="10.4053310">
    <ele>25.6</ele>
    <time>2026-05-20T13:45:41Z</time>
   </trkpt>
   <trkpt lat="44.9946150" lon="10.4053310">
    <ele>25.6</ele>
    <time>2026-05-20T13:45:42Z</time>
   </trkpt>
   <trkpt lat="44.9946150" lon="10.4053310">
    <ele>25.6</ele>
    <time>2026-05-20T13:45:43Z</time>
   </trkpt>
   <trkpt lat="44.9946330" lon="10.4053240">
    <ele>25.6</ele>
    <time>2026-05-20T13:45:44Z</time>
   </trkpt>
   <trkpt lat="44.9946330" lon="10.4053240">
    <ele>25.6</ele>
    <time>2026-05-20T13:45:45Z</time>
   </trkpt>
   <trkpt lat="44.9946330" lon="10.4053240">
    <ele>25.6</ele>
    <time>2026-05-20T13:45:46Z</time>
   </trkpt>
   <trkpt lat="44.9946330" lon="10.4053240">
    <ele>25.6</ele>
    <time>2026-05-20T13:45:47Z</time>
   </trkpt>
   <trkpt lat="44.9946330" lon="10.4053240">
    <ele>25.6</ele>
    <time>2026-05-20T13:45:48Z</time>
   </trkpt>
   <trkpt lat="44.9946330" lon="10.4053240">
    <ele>25.6</ele>
    <time>2026-05-20T13:45:49Z</time>
   </trkpt>
   <trkpt lat="44.9946330" lon="10.4053240">
    <ele>25.6</ele>
    <time>2026-05-20T13:45:50Z</time>
   </trkpt>
   <trkpt lat="44.9946330" lon="10.4053240">
    <ele>25.6</ele>
    <time>2026-05-20T13:45:51Z</time>
   </trkpt>
   <trkpt lat="44.9946330" lon="10.4053240">
    <ele>25.6</ele>
    <time>2026-05-20T13:45:52Z</time>
   </trkpt>
   <trkpt lat="44.9946330" lon="10.4053240">
    <ele>25.6</ele>
    <time>2026-05-20T13:45:53Z</time>
   </trkpt>
   <trkpt lat="44.9946330" lon="10.4053240">
    <ele>25.6</ele>
    <time>2026-05-20T13:45:54Z</time>
   </trkpt>
   <trkpt lat="44.9946330" lon="10.4053240">
    <ele>25.6</ele>
    <time>2026-05-20T13:45:55Z</time>
   </trkpt>
   <trkpt lat="44.9946330" lon="10.4053240">
    <ele>25.6</ele>
    <time>2026-05-20T13:45:56Z</time>
   </trkpt>
   <trkpt lat="44.9946330" lon="10.4053240">
    <ele>25.6</ele>
    <time>2026-05-20T13:45:57Z</time>
   </trkpt>
   <trkpt lat="44.9946330" lon="10.4053240">
    <ele>25.6</ele>
    <time>2026-05-20T13:45:58Z</time>
   </trkpt>
   <trkpt lat="44.9946330" lon="10.4053240">
    <ele>25.6</ele>
    <time>2026-05-20T13:45:59Z</time>
   </trkpt>
   <trkpt lat="44.9946330" lon="10.4053240">
    <ele>25.6</ele>
    <time>2026-05-20T13:46:00Z</time>
   </trkpt>
   <trkpt lat="44.9946330" lon="10.4053240">
    <ele>25.6</ele>
    <time>2026-05-20T13:46:01Z</time>
   </trkpt>
   <trkpt lat="44.9946330" lon="10.4053240">
    <ele>25.6</ele>
    <time>2026-05-20T13:46:02Z</time>
   </trkpt>
   <trkpt lat="44.9946330" lon="10.4053240">
    <ele>25.6</ele>
    <time>2026-05-20T13:46:03Z</time>
   </trkpt>
   <trkpt lat="44.9946330" lon="10.4053240">
    <ele>25.6</ele>
    <time>2026-05-20T13:46:04Z</time>
   </trkpt>
   <trkpt lat="44.9946330" lon="10.4053240">
    <ele>25.6</ele>
    <time>2026-05-20T13:46:05Z</time>
   </trkpt>
   <trkpt lat="44.9946330" lon="10.4053240">
    <ele>25.6</ele>
    <time>2026-05-20T13:46:06Z</time>
   </trkpt>
   <trkpt lat="44.9946420" lon="10.4053360">
    <ele>25.6</ele>
    <time>2026-05-20T13:46:07Z</time>
   </trkpt>
   <trkpt lat="44.9946420" lon="10.4053360">
    <ele>25.6</ele>
    <time>2026-05-20T13:46:08Z</time>
   </trkpt>
   <trkpt lat="44.9946420" lon="10.4053360">
    <ele>25.6</ele>
    <time>2026-05-20T13:46:09Z</time>
   </trkpt>
   <trkpt lat="44.9946420" lon="10.4053360">
    <ele>25.6</ele>
    <time>2026-05-20T13:46:10Z</time>
   </trkpt>
   <trkpt lat="44.9946420" lon="10.4053360">
    <ele>25.6</ele>
    <time>2026-05-20T13:46:11Z</time>
   </trkpt>
   <trkpt lat="44.9946420" lon="10.4053360">
    <ele>25.6</ele>
    <time>2026-05-20T13:46:12Z</time>
   </trkpt>
   <trkpt lat="44.9946420" lon="10.4053360">
    <ele>25.6</ele>
    <time>2026-05-20T13:46:13Z</time>
   </trkpt>
   <trkpt lat="44.9946420" lon="10.4053360">
    <ele>25.6</ele>
    <time>2026-05-20T13:46:14Z</time>
   </trkpt>
   <trkpt lat="44.9946400" lon="10.4053260">
    <ele>25.6</ele>
    <time>2026-05-20T13:46:15Z</time>
   </trkpt>
   <trkpt lat="44.9946400" lon="10.4053260">
    <ele>25.6</ele>
    <time>2026-05-20T13:46:16Z</time>
   </trkpt>
   <trkpt lat="44.9946400" lon="10.4053260">
    <ele>25.6</ele>
    <time>2026-05-20T13:46:17Z</time>
   </trkpt>
   <trkpt lat="44.9946400" lon="10.4053260">
    <ele>25.6</ele>
    <time>2026-05-20T13:46:18Z</time>
   </trkpt>
   <trkpt lat="44.9946400" lon="10.4053260">
    <ele>25.6</ele>
    <time>2026-05-20T13:46:19Z</time>
   </trkpt>
   <trkpt lat="44.9946270" lon="10.4053230">
    <ele>25.6</ele>
    <time>2026-05-20T13:46:20Z</time>
   </trkpt>
   <trkpt lat="44.9946270" lon="10.4053250">
    <ele>25.6</ele>
    <time>2026-05-20T13:46:21Z</time>
   </trkpt>
   <trkpt lat="44.9946270" lon="10.4053250">
    <ele>25.6</ele>
    <time>2026-05-20T13:46:22Z</time>
   </trkpt>
   <trkpt lat="44.9946270" lon="10.4053250">
    <ele>25.6</ele>
    <time>2026-05-20T13:46:23Z</time>
   </trkpt>
   <trkpt lat="44.9946180" lon="10.4053310">
    <ele>25.6</ele>
    <time>2026-05-20T13:46:24Z</time>
   </trkpt>
   <trkpt lat="44.9946180" lon="10.4053310">
    <ele>25.6</ele>
    <time>2026-05-20T13:46:25Z</time>
   </trkpt>
   <trkpt lat="44.9946180" lon="10.4053310">
    <ele>25.6</ele>
    <time>2026-05-20T13:46:26Z</time>
   </trkpt>
   <trkpt lat="44.9946180" lon="10.4053310">
    <ele>25.6</ele>
    <time>2026-05-20T13:46:27Z</time>
   </trkpt>
   <trkpt lat="44.9946180" lon="10.4053310">
    <ele>25.6</ele>
    <time>2026-05-20T13:46:28Z</time>
   </trkpt>
   <trkpt lat="44.9946180" lon="10.4053310">
    <ele>25.6</ele>
    <time>2026-05-20T13:46:30Z</time>
   </trkpt>
   <trkpt lat="44.9946060" lon="10.4053500">
    <ele>25.6</ele>
    <time>2026-05-20T13:46:31Z</time>
   </trkpt>
   <trkpt lat="44.9946060" lon="10.4053490">
    <ele>25.6</ele>
    <time>2026-05-20T13:46:32Z</time>
   </trkpt>
   <trkpt lat="44.9946060" lon="10.4053490">
    <ele>25.6</ele>
    <time>2026-05-20T13:46:33Z</time>
   </trkpt>
   <trkpt lat="44.9945980" lon="10.4053540">
    <ele>25.6</ele>
    <time>2026-05-20T13:46:34Z</time>
   </trkpt>
   <trkpt lat="44.9946030" lon="10.4053530">
    <ele>25.6</ele>
    <time>2026-05-20T13:46:35Z</time>
   </trkpt>
   <trkpt lat="44.9946040" lon="10.4053540">
    <ele>25.6</ele>
    <time>2026-05-20T13:46:36Z</time>
   </trkpt>
   <trkpt lat="44.9946040" lon="10.4053550">
    <ele>25.6</ele>
    <time>2026-05-20T13:46:37Z</time>
   </trkpt>
   <trkpt lat="44.9946040" lon="10.4053570">
    <ele>25.6</ele>
    <time>2026-05-20T13:46:38Z</time>
   </trkpt>
   <trkpt lat="44.9946040" lon="10.4053580">
    <ele>25.6</ele>
    <time>2026-05-20T13:46:39Z</time>
   </trkpt>
   <trkpt lat="44.9946050" lon="10.4053590">
    <ele>25.6</ele>
    <time>2026-05-20T13:46:40Z</time>
   </trkpt>
   <trkpt lat="44.9946050" lon="10.4053600">
    <ele>25.6</ele>
    <time>2026-05-20T13:46:41Z</time>
   </trkpt>
   <trkpt lat="44.9946050" lon="10.4053610">
    <ele>25.6</ele>
    <time>2026-05-20T13:46:42Z</time>
   </trkpt>
   <trkpt lat="44.9946060" lon="10.4053620">
    <ele>25.6</ele>
    <time>2026-05-20T13:46:43Z</time>
   </trkpt>
   <trkpt lat="44.9946060" lon="10.4053640">
    <ele>25.6</ele>
    <time>2026-05-20T13:46:44Z</time>
   </trkpt>
   <trkpt lat="44.9946060" lon="10.4053650">
    <ele>25.6</ele>
    <time>2026-05-20T13:46:45Z</time>
   </trkpt>
   <trkpt lat="44.9946060" lon="10.4053660">
    <ele>25.6</ele>
    <time>2026-05-20T13:46:46Z</time>
   </trkpt>
   <trkpt lat="44.9946070" lon="10.4053670">
    <ele>25.6</ele>
    <time>2026-05-20T13:46:47Z</time>
   </trkpt>
   <trkpt lat="44.9946070" lon="10.4053680">
    <ele>25.6</ele>
    <time>2026-05-20T13:46:48Z</time>
   </trkpt>
   <trkpt lat="44.9946070" lon="10.4053690">
    <ele>25.6</ele>
    <time>2026-05-20T13:46:49Z</time>
   </trkpt>
   <trkpt lat="44.9946080" lon="10.4053710">
    <ele>25.6</ele>
    <time>2026-05-20T13:46:50Z</time>
   </trkpt>
   <trkpt lat="44.9946080" lon="10.4053720">
    <ele>25.6</ele>
    <time>2026-05-20T13:46:51Z</time>
   </trkpt>
   <trkpt lat="44.9946080" lon="10.4053730">
    <ele>25.6</ele>
    <time>2026-05-20T13:46:52Z</time>
   </trkpt>
   <trkpt lat="44.9946080" lon="10.4053740">
    <ele>25.6</ele>
    <time>2026-05-20T13:46:53Z</time>
   </trkpt>
   <trkpt lat="44.9946090" lon="10.4053750">
    <ele>25.6</ele>
    <time>2026-05-20T13:46:54Z</time>
   </trkpt>
   <trkpt lat="44.9946090" lon="10.4053760">
    <ele>25.6</ele>
    <time>2026-05-20T13:46:55Z</time>
   </trkpt>
   <trkpt lat="44.9946090" lon="10.4053780">
    <ele>25.6</ele>
    <time>2026-05-20T13:46:56Z</time>
   </trkpt>
   <trkpt lat="44.9946100" lon="10.4053790">
    <ele>25.6</ele>
    <time>2026-05-20T13:46:57Z</time>
   </trkpt>
   <trkpt lat="44.9946100" lon="10.4053800">
    <ele>25.6</ele>
    <time>2026-05-20T13:46:58Z</time>
   </trkpt>
   <trkpt lat="44.9946100" lon="10.4053810">
    <ele>25.6</ele>
    <time>2026-05-20T13:46:59Z</time>
   </trkpt>
   <trkpt lat="44.9946100" lon="10.4053820">
    <ele>25.6</ele>
    <time>2026-05-20T13:47:00Z</time>
   </trkpt>
   <trkpt lat="44.9946110" lon="10.4053830">
    <ele>25.6</ele>
    <time>2026-05-20T13:47:01Z</time>
   </trkpt>
   <trkpt lat="44.9946110" lon="10.4053850">
    <ele>25.6</ele>
    <time>2026-05-20T13:47:02Z</time>
   </trkpt>
   <trkpt lat="44.9946110" lon="10.4053860">
    <ele>25.6</ele>
    <time>2026-05-20T13:47:03Z</time>
   </trkpt>
   <trkpt lat="44.9946120" lon="10.4053870">
    <ele>25.6</ele>
    <time>2026-05-20T13:47:04Z</time>
   </trkpt>
   <trkpt lat="44.9946120" lon="10.4053880">
    <ele>25.6</ele>
    <time>2026-05-20T13:47:05Z</time>
   </trkpt>
   <trkpt lat="44.9946120" lon="10.4053890">
    <ele>25.6</ele>
    <time>2026-05-20T13:47:06Z</time>
   </trkpt>
   <trkpt lat="44.9946120" lon="10.4053900">
    <ele>25.6</ele>
    <time>2026-05-20T13:47:07Z</time>
   </trkpt>
   <trkpt lat="44.9946130" lon="10.4053920">
    <ele>25.6</ele>
    <time>2026-05-20T13:47:08Z</time>
   </trkpt>
   <trkpt lat="44.9946130" lon="10.4053930">
    <ele>25.6</ele>
    <time>2026-05-20T13:47:09Z</time>
   </trkpt>
   <trkpt lat="44.9946130" lon="10.4053940">
    <ele>25.6</ele>
    <time>2026-05-20T13:47:10Z</time>
   </trkpt>
   <trkpt lat="44.9946140" lon="10.4053950">
    <ele>25.6</ele>
    <time>2026-05-20T13:47:11Z</time>
   </trkpt>
   <trkpt lat="44.9946140" lon="10.4053960">
    <ele>25.6</ele>
    <time>2026-05-20T13:47:12Z</time>
   </trkpt>
   <trkpt lat="44.9946140" lon="10.4053970">
    <ele>25.6</ele>
    <time>2026-05-20T13:47:13Z</time>
   </trkpt>
   <trkpt lat="44.9946140" lon="10.4053990">
    <ele>25.6</ele>
    <time>2026-05-20T13:47:14Z</time>
   </trkpt>
   <trkpt lat="44.9946150" lon="10.4054000">
    <ele>25.6</ele>
    <time>2026-05-20T13:47:15Z</time>
   </trkpt>
   <trkpt lat="44.9946150" lon="10.4054010">
    <ele>25.6</ele>
    <time>2026-05-20T13:47:16Z</time>
   </trkpt>
   <trkpt lat="44.9946150" lon="10.4054020">
    <ele>25.6</ele>
    <time>2026-05-20T13:47:17Z</time>
   </trkpt>
   <trkpt lat="44.9946160" lon="10.4054030">
    <ele>25.6</ele>
    <time>2026-05-20T13:47:18Z</time>
   </trkpt>
   <trkpt lat="44.9946160" lon="10.4054040">
    <ele>25.6</ele>
    <time>2026-05-20T13:47:19Z</time>
   </trkpt>
   <trkpt lat="44.9946160" lon="10.4054060">
    <ele>25.6</ele>
    <time>2026-05-20T13:47:20Z</time>
   </trkpt>
   <trkpt lat="44.9946160" lon="10.4054070">
    <ele>25.6</ele>
    <time>2026-05-20T13:47:21Z</time>
   </trkpt>
   <trkpt lat="44.9946170" lon="10.4054080">
    <ele>25.6</ele>
    <time>2026-05-20T13:47:22Z</time>
   </trkpt>
   <trkpt lat="44.9946170" lon="10.4054090">
    <ele>25.6</ele>
    <time>2026-05-20T13:47:23Z</time>
   </trkpt>
   <trkpt lat="44.9946390" lon="10.4054360">
    <ele>25.6</ele>
    <time>2026-05-20T13:47:24Z</time>
   </trkpt>
   <trkpt lat="44.9946500" lon="10.4054470">
    <ele>25.6</ele>
    <time>2026-05-20T13:47:25Z</time>
   </trkpt>
   <trkpt lat="44.9946800" lon="10.4054730">
    <ele>25.6</ele>
    <time>2026-05-20T13:47:26Z</time>
   </trkpt>
   <trkpt lat="44.9946890" lon="10.4054840">
    <ele>25.6</ele>
    <time>2026-05-20T13:47:27Z</time>
   </trkpt>
   <trkpt lat="44.9947040" lon="10.4055240">
    <ele>25.7</ele>
    <time>2026-05-20T13:47:28Z</time>
   </trkpt>
   <trkpt lat="44.9947060" lon="10.4055370">
    <ele>25.7</ele>
    <time>2026-05-20T13:47:29Z</time>
   </trkpt>
   <trkpt lat="44.9947160" lon="10.4055870">
    <ele>25.8</ele>
    <time>2026-05-20T13:47:30Z</time>
   </trkpt>
   <trkpt lat="44.9947220" lon="10.4056060">
    <ele>25.8</ele>
    <time>2026-05-20T13:47:31Z</time>
   </trkpt>
   <trkpt lat="44.9947410" lon="10.4056430">
    <ele>25.9</ele>
    <time>2026-05-20T13:47:32Z</time>
   </trkpt>
   <trkpt lat="44.9947610" lon="10.4056830">
    <ele>25.9</ele>
    <time>2026-05-20T13:47:33Z</time>
   </trkpt>
   <trkpt lat="44.9947660" lon="10.4057330">
    <ele>26.0</ele>
    <time>2026-05-20T13:47:34Z</time>
   </trkpt>
   <trkpt lat="44.9947530" lon="10.4057960">
    <ele>26.0</ele>
    <time>2026-05-20T13:47:35Z</time>
   </trkpt>
   <trkpt lat="44.9947460" lon="10.4058540">
    <ele>26.1</ele>
    <time>2026-05-20T13:47:36Z</time>
   </trkpt>
   <trkpt lat="44.9947420" lon="10.4058790">
    <ele>26.1</ele>
    <time>2026-05-20T13:47:37Z</time>
   </trkpt>
   <trkpt lat="44.9947120" lon="10.4059160">
    <ele>26.2</ele>
    <time>2026-05-20T13:47:38Z</time>
   </trkpt>
   <trkpt lat="44.9946830" lon="10.4059290">
    <ele>26.3</ele>
    <time>2026-05-20T13:47:39Z</time>
   </trkpt>
   <trkpt lat="44.9946480" lon="10.4059610">
    <ele>26.3</ele>
    <time>2026-05-20T13:47:40Z</time>
   </trkpt>
   <trkpt lat="44.9946280" lon="10.4059710">
    <ele>26.4</ele>
    <time>2026-05-20T13:47:41Z</time>
   </trkpt>
   <trkpt lat="44.9946140" lon="10.4060060">
    <ele>26.4</ele>
    <time>2026-05-20T13:47:42Z</time>
   </trkpt>
   <trkpt lat="44.9946030" lon="10.4060470">
    <ele>26.5</ele>
    <time>2026-05-20T13:47:43Z</time>
   </trkpt>
   <trkpt lat="44.9945820" lon="10.4060940">
    <ele>26.5</ele>
    <time>2026-05-20T13:47:44Z</time>
   </trkpt>
   <trkpt lat="44.9945700" lon="10.4061170">
    <ele>26.5</ele>
    <time>2026-05-20T13:47:45Z</time>
   </trkpt>
   <trkpt lat="44.9945440" lon="10.4061430">
    <ele>26.6</ele>
    <time>2026-05-20T13:47:46Z</time>
   </trkpt>
   <trkpt lat="44.9945140" lon="10.4061800">
    <ele>26.6</ele>
    <time>2026-05-20T13:47:47Z</time>
   </trkpt>
   <trkpt lat="44.9945000" lon="10.4061930">
    <ele>26.7</ele>
    <time>2026-05-20T13:47:48Z</time>
   </trkpt>
   <trkpt lat="44.9944880" lon="10.4061870">
    <ele>26.7</ele>
    <time>2026-05-20T13:47:49Z</time>
   </trkpt>
   <trkpt lat="44.9944760" lon="10.4062180">
    <ele>26.7</ele>
    <time>2026-05-20T13:47:50Z</time>
   </trkpt>
   <trkpt lat="44.9944730" lon="10.4062580">
    <ele>26.7</ele>
    <time>2026-05-20T13:47:51Z</time>
   </trkpt>
   <trkpt lat="44.9944490" lon="10.4062730">
    <ele>26.8</ele>
    <time>2026-05-20T13:47:52Z</time>
   </trkpt>
   <trkpt lat="44.9944410" lon="10.4062910">
    <ele>26.8</ele>
    <time>2026-05-20T13:47:53Z</time>
   </trkpt>
   <trkpt lat="44.9944170" lon="10.4063220">
    <ele>26.8</ele>
    <time>2026-05-20T13:47:54Z</time>
   </trkpt>
   <trkpt lat="44.9944080" lon="10.4063450">
    <ele>26.8</ele>
    <time>2026-05-20T13:47:55Z</time>
   </trkpt>
   <trkpt lat="44.9944020" lon="10.4063850">
    <ele>26.9</ele>
    <time>2026-05-20T13:47:56Z</time>
   </trkpt>
   <trkpt lat="44.9943970" lon="10.4064100">
    <ele>26.9</ele>
    <time>2026-05-20T13:47:57Z</time>
   </trkpt>
   <trkpt lat="44.9943720" lon="10.4064320">
    <ele>26.9</ele>
    <time>2026-05-20T13:47:58Z</time>
   </trkpt>
   <trkpt lat="44.9943570" lon="10.4064430">
    <ele>26.9</ele>
    <time>2026-05-20T13:47:59Z</time>
   </trkpt>
   <trkpt lat="44.9943330" lon="10.4064610">
    <ele>26.9</ele>
    <time>2026-05-20T13:48:00Z</time>
   </trkpt>
   <trkpt lat="44.9943260" lon="10.4064880">
    <ele>27.0</ele>
    <time>2026-05-20T13:48:01Z</time>
   </trkpt>
   <trkpt lat="44.9943150" lon="10.4065200">
    <ele>27.0</ele>
    <time>2026-05-20T13:48:02Z</time>
   </trkpt>
   <trkpt lat="44.9943080" lon="10.4065480">
    <ele>27.0</ele>
    <time>2026-05-20T13:48:03Z</time>
   </trkpt>
   <trkpt lat="44.9942920" lon="10.4065890">
    <ele>27.0</ele>
    <time>2026-05-20T13:48:04Z</time>
   </trkpt>
   <trkpt lat="44.9942770" lon="10.4065910">
    <ele>27.1</ele>
    <time>2026-05-20T13:48:05Z</time>
   </trkpt>
   <trkpt lat="44.9942770" lon="10.4066030">
    <ele>27.1</ele>
    <time>2026-05-20T13:48:06Z</time>
   </trkpt>
   <trkpt lat="44.9942970" lon="10.4066330">
    <ele>27.1</ele>
    <time>2026-05-20T13:48:07Z</time>
   </trkpt>
   <trkpt lat="44.9942870" lon="10.4066300">
    <ele>27.1</ele>
    <time>2026-05-20T13:48:08Z</time>
   </trkpt>
   <trkpt lat="44.9942910" lon="10.4066450">
    <ele>27.1</ele>
    <time>2026-05-20T13:48:09Z</time>
   </trkpt>
   <trkpt lat="44.9942960" lon="10.4066590">
    <ele>27.1</ele>
    <time>2026-05-20T13:48:10Z</time>
   </trkpt>
   <trkpt lat="44.9943000" lon="10.4066740">
    <ele>27.1</ele>
    <time>2026-05-20T13:48:11Z</time>
   </trkpt>
   <trkpt lat="44.9943040" lon="10.4066890">
    <ele>27.2</ele>
    <time>2026-05-20T13:48:12Z</time>
   </trkpt>
   <trkpt lat="44.9942990" lon="10.4067000">
    <ele>27.2</ele>
    <time>2026-05-20T13:48:13Z</time>
   </trkpt>
   <trkpt lat="44.9942920" lon="10.4067120">
    <ele>27.2</ele>
    <time>2026-05-20T13:48:14Z</time>
   </trkpt>
   <trkpt lat="44.9942880" lon="10.4067320">
    <ele>27.2</ele>
    <time>2026-05-20T13:48:15Z</time>
   </trkpt>
   <trkpt lat="44.9942820" lon="10.4067830">
    <ele>27.2</ele>
    <time>2026-05-20T13:48:16Z</time>
   </trkpt>
   <trkpt lat="44.9942550" lon="10.4068280">
    <ele>27.3</ele>
    <time>2026-05-20T13:48:17Z</time>
   </trkpt>
   <trkpt lat="44.9942440" lon="10.4068530">
    <ele>27.3</ele>
    <time>2026-05-20T13:48:18Z</time>
   </trkpt>
   <trkpt lat="44.9942400" lon="10.4068640">
    <ele>27.3</ele>
    <time>2026-05-20T13:48:19Z</time>
   </trkpt>
   <trkpt lat="44.9942410" lon="10.4068910">
    <ele>27.3</ele>
    <time>2026-05-20T13:48:20Z</time>
   </trkpt>
   <trkpt lat="44.9942410" lon="10.4069130">
    <ele>27.2</ele>
    <time>2026-05-20T13:48:21Z</time>
   </trkpt>
   <trkpt lat="44.9942560" lon="10.4069560">
    <ele>27.2</ele>
    <time>2026-05-20T13:48:22Z</time>
   </trkpt>
   <trkpt lat="44.9942520" lon="10.4069780">
    <ele>27.2</ele>
    <time>2026-05-20T13:48:23Z</time>
   </trkpt>
   <trkpt lat="44.9942550" lon="10.4070220">
    <ele>27.2</ele>
    <time>2026-05-20T13:48:24Z</time>
   </trkpt>
   <trkpt lat="44.9942560" lon="10.4070090">
    <ele>27.2</ele>
    <time>2026-05-20T13:48:25Z</time>
   </trkpt>
   <trkpt lat="44.9942580" lon="10.4070140">
    <ele>27.1</ele>
    <time>2026-05-20T13:48:26Z</time>
   </trkpt>
   <trkpt lat="44.9942620" lon="10.4070220">
    <ele>27.1</ele>
    <time>2026-05-20T13:48:27Z</time>
   </trkpt>
   <trkpt lat="44.9942620" lon="10.4069910">
    <ele>27.0</ele>
    <time>2026-05-20T13:48:28Z</time>
   </trkpt>
   <trkpt lat="44.9942650" lon="10.4069930">
    <ele>27.0</ele>
    <time>2026-05-20T13:48:29Z</time>
   </trkpt>
   <trkpt lat="44.9942590" lon="10.4069890">
    <ele>27.0</ele>
    <time>2026-05-20T13:48:30Z</time>
   </trkpt>
   <trkpt lat="44.9942610" lon="10.4069930">
    <ele>26.9</ele>
    <time>2026-05-20T13:48:31Z</time>
   </trkpt>
   <trkpt lat="44.9942560" lon="10.4069890">
    <ele>26.9</ele>
    <time>2026-05-20T13:48:32Z</time>
   </trkpt>
   <trkpt lat="44.9942540" lon="10.4069880">
    <ele>26.8</ele>
    <time>2026-05-20T13:48:33Z</time>
   </trkpt>
   <trkpt lat="44.9942460" lon="10.4069730">
    <ele>26.8</ele>
    <time>2026-05-20T13:48:34Z</time>
   </trkpt>
   <trkpt lat="44.9942520" lon="10.4069790">
    <ele>26.7</ele>
    <time>2026-05-20T13:48:35Z</time>
   </trkpt>
   <trkpt lat="44.9942500" lon="10.4069800">
    <ele>26.7</ele>
    <time>2026-05-20T13:48:36Z</time>
   </trkpt>
   <trkpt lat="44.9942490" lon="10.4069800">
    <ele>26.7</ele>
    <time>2026-05-20T13:48:37Z</time>
   </trkpt>
   <trkpt lat="44.9942470" lon="10.4069800">
    <ele>26.6</ele>
    <time>2026-05-20T13:48:38Z</time>
   </trkpt>
   <trkpt lat="44.9942450" lon="10.4069800">
    <ele>26.6</ele>
    <time>2026-05-20T13:48:39Z</time>
   </trkpt>
   <trkpt lat="44.9942430" lon="10.4069810">
    <ele>26.5</ele>
    <time>2026-05-20T13:48:40Z</time>
   </trkpt>
   <trkpt lat="44.9942420" lon="10.4069810">
    <ele>26.5</ele>
    <time>2026-05-20T13:48:41Z</time>
   </trkpt>
   <trkpt lat="44.9942400" lon="10.4069810">
    <ele>26.5</ele>
    <time>2026-05-20T13:48:42Z</time>
   </trkpt>
   <trkpt lat="44.9942380" lon="10.4069810">
    <ele>26.4</ele>
    <time>2026-05-20T13:48:43Z</time>
   </trkpt>
   <trkpt lat="44.9942360" lon="10.4069820">
    <ele>26.4</ele>
    <time>2026-05-20T13:48:44Z</time>
   </trkpt>
   <trkpt lat="44.9942350" lon="10.4069820">
    <ele>26.3</ele>
    <time>2026-05-20T13:48:45Z</time>
   </trkpt>
   <trkpt lat="44.9942330" lon="10.4069820">
    <ele>26.3</ele>
    <time>2026-05-20T13:48:46Z</time>
   </trkpt>
   <trkpt lat="44.9942310" lon="10.4069830">
    <ele>26.3</ele>
    <time>2026-05-20T13:48:47Z</time>
   </trkpt>
   <trkpt lat="44.9942290" lon="10.4069830">
    <ele>26.2</ele>
    <time>2026-05-20T13:48:48Z</time>
   </trkpt>
   <trkpt lat="44.9942270" lon="10.4069830">
    <ele>26.2</ele>
    <time>2026-05-20T13:48:49Z</time>
   </trkpt>
   <trkpt lat="44.9942260" lon="10.4069830">
    <ele>26.1</ele>
    <time>2026-05-20T13:48:50Z</time>
   </trkpt>
   <trkpt lat="44.9942240" lon="10.4069840">
    <ele>26.1</ele>
    <time>2026-05-20T13:48:51Z</time>
   </trkpt>
   <trkpt lat="44.9942220" lon="10.4069840">
    <ele>26.0</ele>
    <time>2026-05-20T13:48:52Z</time>
   </trkpt>
   <trkpt lat="44.9942200" lon="10.4069840">
    <ele>26.0</ele>
    <time>2026-05-20T13:48:53Z</time>
   </trkpt>
   <trkpt lat="44.9942190" lon="10.4069840">
    <ele>26.0</ele>
    <time>2026-05-20T13:48:54Z</time>
   </trkpt>
   <trkpt lat="44.9942170" lon="10.4069850">
    <ele>25.9</ele>
    <time>2026-05-20T13:48:55Z</time>
   </trkpt>
   <trkpt lat="44.9942150" lon="10.4069850">
    <ele>25.9</ele>
    <time>2026-05-20T13:48:56Z</time>
   </trkpt>
   <trkpt lat="44.9942130" lon="10.4069850">
    <ele>25.8</ele>
    <time>2026-05-20T13:48:57Z</time>
   </trkpt>
   <trkpt lat="44.9942120" lon="10.4069850">
    <ele>25.8</ele>
    <time>2026-05-20T13:48:58Z</time>
   </trkpt>
   <trkpt lat="44.9942100" lon="10.4069860">
    <ele>25.8</ele>
    <time>2026-05-20T13:48:59Z</time>
   </trkpt>
   <trkpt lat="44.9942080" lon="10.4069860">
    <ele>25.7</ele>
    <time>2026-05-20T13:49:00Z</time>
   </trkpt>
   <trkpt lat="44.9942070" lon="10.4070020">
    <ele>25.7</ele>
    <time>2026-05-20T13:49:01Z</time>
   </trkpt>
   <trkpt lat="44.9942000" lon="10.4070150">
    <ele>25.6</ele>
    <time>2026-05-20T13:49:02Z</time>
   </trkpt>
   <trkpt lat="44.9942040" lon="10.4070350">
    <ele>25.6</ele>
    <time>2026-05-20T13:49:03Z</time>
   </trkpt>
   <trkpt lat="44.9942000" lon="10.4070580">
    <ele>25.5</ele>
    <time>2026-05-20T13:49:04Z</time>
   </trkpt>
   <trkpt lat="44.9941990" lon="10.4070830">
    <ele>25.5</ele>
    <time>2026-05-20T13:49:05Z</time>
   </trkpt>
   <trkpt lat="44.9942090" lon="10.4071540">
    <ele>25.6</ele>
    <time>2026-05-20T13:49:06Z</time>
   </trkpt>
   <trkpt lat="44.9941980" lon="10.4071990">
    <ele>25.6</ele>
    <time>2026-05-20T13:49:07Z</time>
   </trkpt>
   <trkpt lat="44.9941940" lon="10.4072130">
    <ele>25.5</ele>
    <time>2026-05-20T13:49:08Z</time>
   </trkpt>
   <trkpt lat="44.9941880" lon="10.4072580">
    <ele>25.5</ele>
    <time>2026-05-20T13:49:09Z</time>
   </trkpt>
   <trkpt lat="44.9941920" lon="10.4072840">
    <ele>25.4</ele>
    <time>2026-05-20T13:49:10Z</time>
   </trkpt>
   <trkpt lat="44.9941830" lon="10.4073230">
    <ele>25.6</ele>
    <time>2026-05-20T13:49:11Z</time>
   </trkpt>
   <trkpt lat="44.9941730" lon="10.4073800">
    <ele>25.6</ele>
    <time>2026-05-20T13:49:12Z</time>
   </trkpt>
   <trkpt lat="44.9941650" lon="10.4074070">
    <ele>25.5</ele>
    <time>2026-05-20T13:49:13Z</time>
   </trkpt>
   <trkpt lat="44.9941660" lon="10.4074120">
    <ele>25.5</ele>
    <time>2026-05-20T13:49:14Z</time>
   </trkpt>
   <trkpt lat="44.9941750" lon="10.4074560">
    <ele>25.3</ele>
    <time>2026-05-20T13:49:15Z</time>
   </trkpt>
   <trkpt lat="44.9941710" lon="10.4074980">
    <ele>25.1</ele>
    <time>2026-05-20T13:49:16Z</time>
   </trkpt>
   <trkpt lat="44.9941710" lon="10.4075190">
    <ele>25.0</ele>
    <time>2026-05-20T13:49:17Z</time>
   </trkpt>
   <trkpt lat="44.9941680" lon="10.4075610">
    <ele>24.9</ele>
    <time>2026-05-20T13:49:18Z</time>
   </trkpt>
   <trkpt lat="44.9941770" lon="10.4075990">
    <ele>24.7</ele>
    <time>2026-05-20T13:49:19Z</time>
   </trkpt>
   <trkpt lat="44.9941710" lon="10.4076530">
    <ele>24.6</ele>
    <time>2026-05-20T13:49:20Z</time>
   </trkpt>
   <trkpt lat="44.9941570" lon="10.4076710">
    <ele>24.6</ele>
    <time>2026-05-20T13:49:21Z</time>
   </trkpt>
   <trkpt lat="44.9941460" lon="10.4076960">
    <ele>24.5</ele>
    <time>2026-05-20T13:49:22Z</time>
   </trkpt>
   <trkpt lat="44.9941380" lon="10.4077160">
    <ele>24.5</ele>
    <time>2026-05-20T13:49:23Z</time>
   </trkpt>
   <trkpt lat="44.9941400" lon="10.4077660">
    <ele>24.5</ele>
    <time>2026-05-20T13:49:24Z</time>
   </trkpt>
   <trkpt lat="44.9941370" lon="10.4078090">
    <ele>24.5</ele>
    <time>2026-05-20T13:49:25Z</time>
   </trkpt>
   <trkpt lat="44.9941320" lon="10.4078510">
    <ele>24.5</ele>
    <time>2026-05-20T13:49:26Z</time>
   </trkpt>
   <trkpt lat="44.9941350" lon="10.4078980">
    <ele>24.5</ele>
    <time>2026-05-20T13:49:27Z</time>
   </trkpt>
   <trkpt lat="44.9941370" lon="10.4079130">
    <ele>24.5</ele>
    <time>2026-05-20T13:49:28Z</time>
   </trkpt>
   <trkpt lat="44.9941180" lon="10.4079080">
    <ele>24.5</ele>
    <time>2026-05-20T13:49:29Z</time>
   </trkpt>
   <trkpt lat="44.9941100" lon="10.4079200">
    <ele>24.5</ele>
    <time>2026-05-20T13:49:30Z</time>
   </trkpt>
   <trkpt lat="44.9941020" lon="10.4079310">
    <ele>24.5</ele>
    <time>2026-05-20T13:49:31Z</time>
   </trkpt>
   <trkpt lat="44.9940810" lon="10.4079400">
    <ele>24.4</ele>
    <time>2026-05-20T13:49:32Z</time>
   </trkpt>
   <trkpt lat="44.9940720" lon="10.4079460">
    <ele>24.4</ele>
    <time>2026-05-20T13:49:33Z</time>
   </trkpt>
   <trkpt lat="44.9940750" lon="10.4079570">
    <ele>24.4</ele>
    <time>2026-05-20T13:49:34Z</time>
   </trkpt>
   <trkpt lat="44.9940480" lon="10.4079320">
    <ele>24.4</ele>
    <time>2026-05-20T13:49:35Z</time>
   </trkpt>
   <trkpt lat="44.9940440" lon="10.4079170">
    <ele>24.4</ele>
    <time>2026-05-20T13:49:36Z</time>
   </trkpt>
   <trkpt lat="44.9940030" lon="10.4079060">
    <ele>24.4</ele>
    <time>2026-05-20T13:49:37Z</time>
   </trkpt>
   <trkpt lat="44.9939800" lon="10.4078710">
    <ele>24.4</ele>
    <time>2026-05-20T13:49:38Z</time>
   </trkpt>
   <trkpt lat="44.9939550" lon="10.4078710">
    <ele>24.3</ele>
    <time>2026-05-20T13:49:39Z</time>
   </trkpt>
   <trkpt lat="44.9939220" lon="10.4078470">
    <ele>24.3</ele>
    <time>2026-05-20T13:49:40Z</time>
   </trkpt>
   <trkpt lat="44.9939040" lon="10.4078350">
    <ele>24.3</ele>
    <time>2026-05-20T13:49:41Z</time>
   </trkpt>
   <trkpt lat="44.9939260" lon="10.4078450">
    <ele>24.3</ele>
    <time>2026-05-20T13:49:42Z</time>
   </trkpt>
   <trkpt lat="44.9938770" lon="10.4078600">
    <ele>24.2</ele>
    <time>2026-05-20T13:49:43Z</time>
   </trkpt>
   <trkpt lat="44.9938360" lon="10.4078990">
    <ele>24.2</ele>
    <time>2026-05-20T13:49:44Z</time>
   </trkpt>
   <trkpt lat="44.9938270" lon="10.4079300">
    <ele>24.2</ele>
    <time>2026-05-20T13:49:45Z</time>
   </trkpt>
   <trkpt lat="44.9938170" lon="10.4079550">
    <ele>24.2</ele>
    <time>2026-05-20T13:49:46Z</time>
   </trkpt>
   <trkpt lat="44.9937890" lon="10.4079640">
    <ele>24.3</ele>
    <time>2026-05-20T13:49:47Z</time>
   </trkpt>
   <trkpt lat="44.9937820" lon="10.4079750">
    <ele>24.3</ele>
    <time>2026-05-20T13:49:48Z</time>
   </trkpt>
   <trkpt lat="44.9937650" lon="10.4080110">
    <ele>24.3</ele>
    <time>2026-05-20T13:49:49Z</time>
   </trkpt>
   <trkpt lat="44.9937350" lon="10.4080250">
    <ele>24.3</ele>
    <time>2026-05-20T13:49:50Z</time>
   </trkpt>
   <trkpt lat="44.9937200" lon="10.4080370">
    <ele>24.4</ele>
    <time>2026-05-20T13:49:51Z</time>
   </trkpt>
   <trkpt lat="44.9936920" lon="10.4080800">
    <ele>24.4</ele>
    <time>2026-05-20T13:49:52Z</time>
   </trkpt>
   <trkpt lat="44.9936820" lon="10.4081040">
    <ele>24.5</ele>
    <time>2026-05-20T13:49:53Z</time>
   </trkpt>
   <trkpt lat="44.9936820" lon="10.4081590">
    <ele>24.6</ele>
    <time>2026-05-20T13:49:54Z</time>
   </trkpt>
   <trkpt lat="44.9936910" lon="10.4082100">
    <ele>24.7</ele>
    <time>2026-05-20T13:49:55Z</time>
   </trkpt>
   <trkpt lat="44.9937060" lon="10.4082370">
    <ele>24.7</ele>
    <time>2026-05-20T13:49:56Z</time>
   </trkpt>
   <trkpt lat="44.9937210" lon="10.4082570">
    <ele>24.8</ele>
    <time>2026-05-20T13:49:57Z</time>
   </trkpt>
   <trkpt lat="44.9937420" lon="10.4082820">
    <ele>24.8</ele>
    <time>2026-05-20T13:49:58Z</time>
   </trkpt>
   <trkpt lat="44.9937540" lon="10.4082920">
    <ele>24.8</ele>
    <time>2026-05-20T13:49:59Z</time>
   </trkpt>
   <trkpt lat="44.9937400" lon="10.4082950">
    <ele>24.9</ele>
    <time>2026-05-20T13:50:00Z</time>
   </trkpt>
   <trkpt lat="44.9937260" lon="10.4083200">
    <ele>24.9</ele>
    <time>2026-05-20T13:50:01Z</time>
   </trkpt>
   <trkpt lat="44.9937000" lon="10.4083480">
    <ele>24.9</ele>
    <time>2026-05-20T13:50:02Z</time>
   </trkpt>
   <trkpt lat="44.9936840" lon="10.4083460">
    <ele>25.0</ele>
    <time>2026-05-20T13:50:03Z</time>
   </trkpt>
   <trkpt lat="44.9936770" lon="10.4083560">
    <ele>25.0</ele>
    <time>2026-05-20T13:50:04Z</time>
   </trkpt>
   <trkpt lat="44.9936780" lon="10.4083730">
    <ele>25.0</ele>
    <time>2026-05-20T13:50:05Z</time>
   </trkpt>
   <trkpt lat="44.9936310" lon="10.4083800">
    <ele>25.0</ele>
    <time>2026-05-20T13:50:06Z</time>
   </trkpt>
   <trkpt lat="44.9935960" lon="10.4083940">
    <ele>25.0</ele>
    <time>2026-05-20T13:50:07Z</time>
   </trkpt>
   <trkpt lat="44.9935830" lon="10.4084340">
    <ele>25.0</ele>
    <time>2026-05-20T13:50:08Z</time>
   </trkpt>
   <trkpt lat="44.9935690" lon="10.4084480">
    <ele>25.0</ele>
    <time>2026-05-20T13:50:09Z</time>
   </trkpt>
   <trkpt lat="44.9935380" lon="10.4084460">
    <ele>25.0</ele>
    <time>2026-05-20T13:50:10Z</time>
   </trkpt>
   <trkpt lat="44.9935220" lon="10.4084460">
    <ele>25.0</ele>
    <time>2026-05-20T13:50:11Z</time>
   </trkpt>
   <trkpt lat="44.9935070" lon="10.4084820">
    <ele>25.0</ele>
    <time>2026-05-20T13:50:12Z</time>
   </trkpt>
   <trkpt lat="44.9935110" lon="10.4085130">
    <ele>25.0</ele>
    <time>2026-05-20T13:50:13Z</time>
   </trkpt>
   <trkpt lat="44.9934690" lon="10.4085320">
    <ele>24.9</ele>
    <time>2026-05-20T13:50:14Z</time>
   </trkpt>
   <trkpt lat="44.9934500" lon="10.4085470">
    <ele>24.9</ele>
    <time>2026-05-20T13:50:15Z</time>
   </trkpt>
   <trkpt lat="44.9934350" lon="10.4085790">
    <ele>24.9</ele>
    <time>2026-05-20T13:50:16Z</time>
   </trkpt>
   <trkpt lat="44.9934220" lon="10.4085930">
    <ele>24.8</ele>
    <time>2026-05-20T13:50:17Z</time>
   </trkpt>
   <trkpt lat="44.9934160" lon="10.4085920">
    <ele>24.8</ele>
    <time>2026-05-20T13:50:18Z</time>
   </trkpt>
   <trkpt lat="44.9933940" lon="10.4086010">
    <ele>24.8</ele>
    <time>2026-05-20T13:50:19Z</time>
   </trkpt>
   <trkpt lat="44.9933690" lon="10.4086320">
    <ele>24.7</ele>
    <time>2026-05-20T13:50:20Z</time>
   </trkpt>
   <trkpt lat="44.9933390" lon="10.4086430">
    <ele>24.6</ele>
    <time>2026-05-20T13:50:21Z</time>
   </trkpt>
   <trkpt lat="44.9933050" lon="10.4086390">
    <ele>24.6</ele>
    <time>2026-05-20T13:50:22Z</time>
   </trkpt>
   <trkpt lat="44.9932620" lon="10.4086550">
    <ele>24.5</ele>
    <time>2026-05-20T13:50:23Z</time>
   </trkpt>
   <trkpt lat="44.9932560" lon="10.4087000">
    <ele>24.5</ele>
    <time>2026-05-20T13:50:24Z</time>
   </trkpt>
   <trkpt lat="44.9932480" lon="10.4087200">
    <ele>24.4</ele>
    <time>2026-05-20T13:50:25Z</time>
   </trkpt>
   <trkpt lat="44.9932110" lon="10.4087420">
    <ele>24.4</ele>
    <time>2026-05-20T13:50:26Z</time>
   </trkpt>
   <trkpt lat="44.9931920" lon="10.4087490">
    <ele>24.4</ele>
    <time>2026-05-20T13:50:27Z</time>
   </trkpt>
   <trkpt lat="44.9931700" lon="10.4087890">
    <ele>24.4</ele>
    <time>2026-05-20T13:50:28Z</time>
   </trkpt>
   <trkpt lat="44.9931540" lon="10.4088050">
    <ele>24.4</ele>
    <time>2026-05-20T13:50:29Z</time>
   </trkpt>
   <trkpt lat="44.9931190" lon="10.4088200">
    <ele>24.4</ele>
    <time>2026-05-20T13:50:30Z</time>
   </trkpt>
   <trkpt lat="44.9931060" lon="10.4088240">
    <ele>24.4</ele>
    <time>2026-05-20T13:50:31Z</time>
   </trkpt>
   <trkpt lat="44.9930870" lon="10.4088490">
    <ele>24.4</ele>
    <time>2026-05-20T13:50:32Z</time>
   </trkpt>
   <trkpt lat="44.9930720" lon="10.4088610">
    <ele>24.4</ele>
    <time>2026-05-20T13:50:33Z</time>
   </trkpt>
   <trkpt lat="44.9930580" lon="10.4088740">
    <ele>24.4</ele>
    <time>2026-05-20T13:50:34Z</time>
   </trkpt>
   <trkpt lat="44.9930190" lon="10.4089170">
    <ele>24.5</ele>
    <time>2026-05-20T13:50:35Z</time>
   </trkpt>
   <trkpt lat="44.9929860" lon="10.4089500">
    <ele>24.5</ele>
    <time>2026-05-20T13:50:36Z</time>
   </trkpt>
   <trkpt lat="44.9929570" lon="10.4089620">
    <ele>24.5</ele>
    <time>2026-05-20T13:50:37Z</time>
   </trkpt>
   <trkpt lat="44.9929210" lon="10.4089840">
    <ele>24.5</ele>
    <time>2026-05-20T13:50:38Z</time>
   </trkpt>
   <trkpt lat="44.9928770" lon="10.4090000">
    <ele>24.5</ele>
    <time>2026-05-20T13:50:39Z</time>
   </trkpt>
   <trkpt lat="44.9928480" lon="10.4090240">
    <ele>24.4</ele>
    <time>2026-05-20T13:50:40Z</time>
   </trkpt>
   <trkpt lat="44.9928120" lon="10.4090320">
    <ele>24.4</ele>
    <time>2026-05-20T13:50:41Z</time>
   </trkpt>
   <trkpt lat="44.9927730" lon="10.4090430">
    <ele>24.3</ele>
    <time>2026-05-20T13:50:42Z</time>
   </trkpt>
   <trkpt lat="44.9927330" lon="10.4090900">
    <ele>24.3</ele>
    <time>2026-05-20T13:50:43Z</time>
   </trkpt>
   <trkpt lat="44.9926980" lon="10.4090840">
    <ele>24.3</ele>
    <time>2026-05-20T13:50:44Z</time>
   </trkpt>
   <trkpt lat="44.9926800" lon="10.4090770">
    <ele>24.2</ele>
    <time>2026-05-20T13:50:45Z</time>
   </trkpt>
   <trkpt lat="44.9926510" lon="10.4091110">
    <ele>24.2</ele>
    <time>2026-05-20T13:50:46Z</time>
   </trkpt>
   <trkpt lat="44.9926390" lon="10.4091250">
    <ele>24.2</ele>
    <time>2026-05-20T13:50:47Z</time>
   </trkpt>
   <trkpt lat="44.9926200" lon="10.4091560">
    <ele>24.2</ele>
    <time>2026-05-20T13:50:48Z</time>
   </trkpt>
   <trkpt lat="44.9926120" lon="10.4091670">
    <ele>24.2</ele>
    <time>2026-05-20T13:50:49Z</time>
   </trkpt>
   <trkpt lat="44.9925990" lon="10.4091910">
    <ele>24.2</ele>
    <time>2026-05-20T13:50:50Z</time>
   </trkpt>
   <trkpt lat="44.9925720" lon="10.4092230">
    <ele>24.3</ele>
    <time>2026-05-20T13:50:51Z</time>
   </trkpt>
   <trkpt lat="44.9925370" lon="10.4091960">
    <ele>24.3</ele>
    <time>2026-05-20T13:50:52Z</time>
   </trkpt>
   <trkpt lat="44.9925210" lon="10.4091920">
    <ele>24.3</ele>
    <time>2026-05-20T13:50:53Z</time>
   </trkpt>
   <trkpt lat="44.9924970" lon="10.4092210">
    <ele>24.3</ele>
    <time>2026-05-20T13:50:54Z</time>
   </trkpt>
   <trkpt lat="44.9924870" lon="10.4092370">
    <ele>24.4</ele>
    <time>2026-05-20T13:50:55Z</time>
   </trkpt>
   <trkpt lat="44.9924630" lon="10.4092620">
    <ele>24.4</ele>
    <time>2026-05-20T13:50:56Z</time>
   </trkpt>
   <trkpt lat="44.9924520" lon="10.4092690">
    <ele>24.4</ele>
    <time>2026-05-20T13:50:57Z</time>
   </trkpt>
   <trkpt lat="44.9924230" lon="10.4092730">
    <ele>24.4</ele>
    <time>2026-05-20T13:50:58Z</time>
   </trkpt>
   <trkpt lat="44.9924130" lon="10.4092670">
    <ele>24.4</ele>
    <time>2026-05-20T13:50:59Z</time>
   </trkpt>
   <trkpt lat="44.9923830" lon="10.4092410">
    <ele>24.4</ele>
    <time>2026-05-20T13:51:00Z</time>
   </trkpt>
   <trkpt lat="44.9923700" lon="10.4092370">
    <ele>24.4</ele>
    <time>2026-05-20T13:51:01Z</time>
   </trkpt>
   <trkpt lat="44.9923520" lon="10.4092840">
    <ele>24.4</ele>
    <time>2026-05-20T13:51:02Z</time>
   </trkpt>
   <trkpt lat="44.9923310" lon="10.4093000">
    <ele>24.4</ele>
    <time>2026-05-20T13:51:03Z</time>
   </trkpt>
   <trkpt lat="44.9923030" lon="10.4093170">
    <ele>24.4</ele>
    <time>2026-05-20T13:51:04Z</time>
   </trkpt>
   <trkpt lat="44.9923010" lon="10.4093240">
    <ele>24.4</ele>
    <time>2026-05-20T13:51:05Z</time>
   </trkpt>
   <trkpt lat="44.9922980" lon="10.4093300">
    <ele>24.4</ele>
    <time>2026-05-20T13:51:06Z</time>
   </trkpt>
   <trkpt lat="44.9922860" lon="10.4093420">
    <ele>24.4</ele>
    <time>2026-05-20T13:51:07Z</time>
   </trkpt>
   <trkpt lat="44.9922820" lon="10.4093450">
    <ele>24.4</ele>
    <time>2026-05-20T13:51:08Z</time>
   </trkpt>
   <trkpt lat="44.9922780" lon="10.4093480">
    <ele>24.4</ele>
    <time>2026-05-20T13:51:09Z</time>
   </trkpt>
   <trkpt lat="44.9922730" lon="10.4093520">
    <ele>24.4</ele>
    <time>2026-05-20T13:51:10Z</time>
   </trkpt>
   <trkpt lat="44.9922690" lon="10.4093550">
    <ele>24.4</ele>
    <time>2026-05-20T13:51:11Z</time>
   </trkpt>
   <trkpt lat="44.9922650" lon="10.4093580">
    <ele>24.4</ele>
    <time>2026-05-20T13:51:12Z</time>
   </trkpt>
   <trkpt lat="44.9922610" lon="10.4093610">
    <ele>24.4</ele>
    <time>2026-05-20T13:51:13Z</time>
   </trkpt>
   <trkpt lat="44.9922560" lon="10.4093620">
    <ele>24.3</ele>
    <time>2026-05-20T13:51:14Z</time>
   </trkpt>
   <trkpt lat="44.9922610" lon="10.4093620">
    <ele>24.3</ele>
    <time>2026-05-20T13:51:15Z</time>
   </trkpt>
   <trkpt lat="44.9922530" lon="10.4093590">
    <ele>24.3</ele>
    <time>2026-05-20T13:51:16Z</time>
   </trkpt>
   <trkpt lat="44.9922540" lon="10.4093590">
    <ele>24.3</ele>
    <time>2026-05-20T13:51:17Z</time>
   </trkpt>
   <trkpt lat="44.9922540" lon="10.4093590">
    <ele>24.3</ele>
    <time>2026-05-20T13:51:18Z</time>
   </trkpt>
   <trkpt lat="44.9922440" lon="10.4093600">
    <ele>24.3</ele>
    <time>2026-05-20T13:51:19Z</time>
   </trkpt>
   <trkpt lat="44.9922460" lon="10.4093630">
    <ele>24.3</ele>
    <time>2026-05-20T13:51:20Z</time>
   </trkpt>
   <trkpt lat="44.9922500" lon="10.4093670">
    <ele>24.3</ele>
    <time>2026-05-20T13:51:21Z</time>
   </trkpt>
   <trkpt lat="44.9922480" lon="10.4093690">
    <ele>24.3</ele>
    <time>2026-05-20T13:51:22Z</time>
   </trkpt>
   <trkpt lat="44.9922510" lon="10.4093700">
    <ele>24.3</ele>
    <time>2026-05-20T13:51:23Z</time>
   </trkpt>
   <trkpt lat="44.9922560" lon="10.4093650">
    <ele>24.3</ele>
    <time>2026-05-20T13:51:24Z</time>
   </trkpt>
   <trkpt lat="44.9922670" lon="10.4093640">
    <ele>24.2</ele>
    <time>2026-05-20T13:51:25Z</time>
   </trkpt>
   <trkpt lat="44.9922710" lon="10.4093610">
    <ele>24.2</ele>
    <time>2026-05-20T13:51:26Z</time>
   </trkpt>
   <trkpt lat="44.9922710" lon="10.4093610">
    <ele>24.2</ele>
    <time>2026-05-20T13:51:27Z</time>
   </trkpt>
   <trkpt lat="44.9922580" lon="10.4093710">
    <ele>24.2</ele>
    <time>2026-05-20T13:51:28Z</time>
   </trkpt>
   <trkpt lat="44.9922580" lon="10.4093710">
    <ele>24.2</ele>
    <time>2026-05-20T13:51:29Z</time>
   </trkpt>
   <trkpt lat="44.9922580" lon="10.4093710">
    <ele>24.2</ele>
    <time>2026-05-20T13:51:30Z</time>
   </trkpt>
   <trkpt lat="44.9922550" lon="10.4093980">
    <ele>24.2</ele>
    <time>2026-05-20T13:51:31Z</time>
   </trkpt>
   <trkpt lat="44.9922500" lon="10.4094100">
    <ele>24.2</ele>
    <time>2026-05-20T13:51:32Z</time>
   </trkpt>
   <trkpt lat="44.9922480" lon="10.4094180">
    <ele>24.1</ele>
    <time>2026-05-20T13:51:33Z</time>
   </trkpt>
   <trkpt lat="44.9922480" lon="10.4094170">
    <ele>24.1</ele>
    <time>2026-05-20T13:51:34Z</time>
   </trkpt>
   <trkpt lat="44.9922510" lon="10.4094020">
    <ele>24.1</ele>
    <time>2026-05-20T13:51:35Z</time>
   </trkpt>
   <trkpt lat="44.9922520" lon="10.4094010">
    <ele>24.1</ele>
    <time>2026-05-20T13:51:36Z</time>
   </trkpt>
   <trkpt lat="44.9922600" lon="10.4093880">
    <ele>24.1</ele>
    <time>2026-05-20T13:51:37Z</time>
   </trkpt>
   <trkpt lat="44.9922680" lon="10.4093790">
    <ele>24.1</ele>
    <time>2026-05-20T13:51:38Z</time>
   </trkpt>
   <trkpt lat="44.9922650" lon="10.4093740">
    <ele>24.1</ele>
    <time>2026-05-20T13:51:39Z</time>
   </trkpt>
   <trkpt lat="44.9922630" lon="10.4093670">
    <ele>24.1</ele>
    <time>2026-05-20T13:51:40Z</time>
   </trkpt>
   <trkpt lat="44.9922600" lon="10.4093600">
    <ele>24.1</ele>
    <time>2026-05-20T13:51:41Z</time>
   </trkpt>
   <trkpt lat="44.9922580" lon="10.4093540">
    <ele>24.0</ele>
    <time>2026-05-20T13:51:42Z</time>
   </trkpt>
   <trkpt lat="44.9922550" lon="10.4093470">
    <ele>24.0</ele>
    <time>2026-05-20T13:51:43Z</time>
   </trkpt>
   <trkpt lat="44.9922530" lon="10.4093400">
    <ele>24.0</ele>
    <time>2026-05-20T13:51:44Z</time>
   </trkpt>
   <trkpt lat="44.9922500" lon="10.4093330">
    <ele>24.0</ele>
    <time>2026-05-20T13:51:45Z</time>
   </trkpt>
   <trkpt lat="44.9922290" lon="10.4093000">
    <ele>24.0</ele>
    <time>2026-05-20T13:51:46Z</time>
   </trkpt>
   <trkpt lat="44.9922240" lon="10.4092830">
    <ele>23.9</ele>
    <time>2026-05-20T13:51:47Z</time>
   </trkpt>
   <trkpt lat="44.9922120" lon="10.4092260">
    <ele>23.9</ele>
    <time>2026-05-20T13:51:48Z</time>
   </trkpt>
   <trkpt lat="44.9921960" lon="10.4091760">
    <ele>23.8</ele>
    <time>2026-05-20T13:51:49Z</time>
   </trkpt>
   <trkpt lat="44.9921870" lon="10.4091150">
    <ele>23.8</ele>
    <time>2026-05-20T13:51:50Z</time>
   </trkpt>
   <trkpt lat="44.9921740" lon="10.4090750">
    <ele>23.7</ele>
    <time>2026-05-20T13:51:51Z</time>
   </trkpt>
   <trkpt lat="44.9921450" lon="10.4090320">
    <ele>23.7</ele>
    <time>2026-05-20T13:51:52Z</time>
   </trkpt>
   <trkpt lat="44.9921140" lon="10.4089900">
    <ele>23.6</ele>
    <time>2026-05-20T13:51:53Z</time>
   </trkpt>
   <trkpt lat="44.9920860" lon="10.4089490">
    <ele>23.6</ele>
    <time>2026-05-20T13:51:54Z</time>
   </trkpt>
   <trkpt lat="44.9920570" lon="10.4088940">
    <ele>23.5</ele>
    <time>2026-05-20T13:51:55Z</time>
   </trkpt>
   <trkpt lat="44.9920310" lon="10.4088480">
    <ele>23.5</ele>
    <time>2026-05-20T13:51:56Z</time>
   </trkpt>
   <trkpt lat="44.9920220" lon="10.4087850">
    <ele>23.5</ele>
    <time>2026-05-20T13:51:57Z</time>
   </trkpt>
   <trkpt lat="44.9920210" lon="10.4087570">
    <ele>23.5</ele>
    <time>2026-05-20T13:51:58Z</time>
   </trkpt>
   <trkpt lat="44.9920000" lon="10.4087200">
    <ele>23.4</ele>
    <time>2026-05-20T13:51:59Z</time>
   </trkpt>
   <trkpt lat="44.9919870" lon="10.4087100">
    <ele>23.4</ele>
    <time>2026-05-20T13:52:00Z</time>
   </trkpt>
   <trkpt lat="44.9919610" lon="10.4086880">
    <ele>23.4</ele>
    <time>2026-05-20T13:52:01Z</time>
   </trkpt>
   <trkpt lat="44.9919540" lon="10.4086870">
    <ele>23.4</ele>
    <time>2026-05-20T13:52:02Z</time>
   </trkpt>
   <trkpt lat="44.9919250" lon="10.4086860">
    <ele>23.4</ele>
    <time>2026-05-20T13:52:03Z</time>
   </trkpt>
   <trkpt lat="44.9918970" lon="10.4086820">
    <ele>23.4</ele>
    <time>2026-05-20T13:52:04Z</time>
   </trkpt>
   <trkpt lat="44.9918860" lon="10.4086870">
    <ele>23.4</ele>
    <time>2026-05-20T13:52:05Z</time>
   </trkpt>
   <trkpt lat="44.9918760" lon="10.4086790">
    <ele>23.4</ele>
    <time>2026-05-20T13:52:06Z</time>
   </trkpt>
   <trkpt lat="44.9918540" lon="10.4086720">
    <ele>23.4</ele>
    <time>2026-05-20T13:52:07Z</time>
   </trkpt>
   <trkpt lat="44.9918180" lon="10.4086620">
    <ele>23.4</ele>
    <time>2026-05-20T13:52:08Z</time>
   </trkpt>
   <trkpt lat="44.9918020" lon="10.4086570">
    <ele>23.4</ele>
    <time>2026-05-20T13:52:09Z</time>
   </trkpt>
   <trkpt lat="44.9917720" lon="10.4086410">
    <ele>23.4</ele>
    <time>2026-05-20T13:52:10Z</time>
   </trkpt>
   <trkpt lat="44.9917620" lon="10.4086330">
    <ele>23.4</ele>
    <time>2026-05-20T13:52:11Z</time>
   </trkpt>
   <trkpt lat="44.9917390" lon="10.4085940">
    <ele>23.4</ele>
    <time>2026-05-20T13:52:12Z</time>
   </trkpt>
   <trkpt lat="44.9917060" lon="10.4085640">
    <ele>23.4</ele>
    <time>2026-05-20T13:52:13Z</time>
   </trkpt>
   <trkpt lat="44.9916710" lon="10.4085380">
    <ele>23.4</ele>
    <time>2026-05-20T13:52:14Z</time>
   </trkpt>
   <trkpt lat="44.9916380" lon="10.4085270">
    <ele>23.4</ele>
    <time>2026-05-20T13:52:15Z</time>
   </trkpt>
   <trkpt lat="44.9916070" lon="10.4085060">
    <ele>23.4</ele>
    <time>2026-05-20T13:52:16Z</time>
   </trkpt>
   <trkpt lat="44.9915660" lon="10.4084930">
    <ele>23.5</ele>
    <time>2026-05-20T13:52:17Z</time>
   </trkpt>
   <trkpt lat="44.9915390" lon="10.4084890">
    <ele>23.5</ele>
    <time>2026-05-20T13:52:18Z</time>
   </trkpt>
   <trkpt lat="44.9915020" lon="10.4084760">
    <ele>23.5</ele>
    <time>2026-05-20T13:52:19Z</time>
   </trkpt>
   <trkpt lat="44.9914600" lon="10.4084620">
    <ele>23.5</ele>
    <time>2026-05-20T13:52:20Z</time>
   </trkpt>
   <trkpt lat="44.9914100" lon="10.4084360">
    <ele>23.5</ele>
    <time>2026-05-20T13:52:21Z</time>
   </trkpt>
   <trkpt lat="44.9913630" lon="10.4084140">
    <ele>23.5</ele>
    <time>2026-05-20T13:52:22Z</time>
   </trkpt>
   <trkpt lat="44.9913420" lon="10.4083970">
    <ele>23.5</ele>
    <time>2026-05-20T13:52:23Z</time>
   </trkpt>
   <trkpt lat="44.9913080" lon="10.4083740">
    <ele>23.5</ele>
    <time>2026-05-20T13:52:24Z</time>
   </trkpt>
   <trkpt lat="44.9912590" lon="10.4083580">
    <ele>23.5</ele>
    <time>2026-05-20T13:52:25Z</time>
   </trkpt>
   <trkpt lat="44.9912160" lon="10.4083360">
    <ele>23.5</ele>
    <time>2026-05-20T13:52:26Z</time>
   </trkpt>
   <trkpt lat="44.9911770" lon="10.4083190">
    <ele>23.4</ele>
    <time>2026-05-20T13:52:27Z</time>
   </trkpt>
   <trkpt lat="44.9911470" lon="10.4082990">
    <ele>23.4</ele>
    <time>2026-05-20T13:52:28Z</time>
   </trkpt>
   <trkpt lat="44.9911100" lon="10.4082870">
    <ele>23.4</ele>
    <time>2026-05-20T13:52:29Z</time>
   </trkpt>
   <trkpt lat="44.9910740" lon="10.4082640">
    <ele>23.4</ele>
    <time>2026-05-20T13:52:30Z</time>
   </trkpt>
   <trkpt lat="44.9910300" lon="10.4082390">
    <ele>23.4</ele>
    <time>2026-05-20T13:52:31Z</time>
   </trkpt>
   <trkpt lat="44.9909830" lon="10.4082100">
    <ele>23.4</ele>
    <time>2026-05-20T13:52:32Z</time>
   </trkpt>
   <trkpt lat="44.9909400" lon="10.4082010">
    <ele>23.4</ele>
    <time>2026-05-20T13:52:33Z</time>
   </trkpt>
   <trkpt lat="44.9908980" lon="10.4081720">
    <ele>23.3</ele>
    <time>2026-05-20T13:52:34Z</time>
   </trkpt>
   <trkpt lat="44.9908560" lon="10.4081440">
    <ele>23.3</ele>
    <time>2026-05-20T13:52:35Z</time>
   </trkpt>
   <trkpt lat="44.9908140" lon="10.4081200">
    <ele>23.3</ele>
    <time>2026-05-20T13:52:36Z</time>
   </trkpt>
   <trkpt lat="44.9907690" lon="10.4080960">
    <ele>23.3</ele>
    <time>2026-05-20T13:52:37Z</time>
   </trkpt>
   <trkpt lat="44.9907300" lon="10.4080770">
    <ele>23.2</ele>
    <time>2026-05-20T13:52:38Z</time>
   </trkpt>
   <trkpt lat="44.9906870" lon="10.4080540">
    <ele>23.2</ele>
    <time>2026-05-20T13:52:39Z</time>
   </trkpt>
   <trkpt lat="44.9906440" lon="10.4080320">
    <ele>23.2</ele>
    <time>2026-05-20T13:52:40Z</time>
   </trkpt>
   <trkpt lat="44.9905990" lon="10.4080180">
    <ele>23.2</ele>
    <time>2026-05-20T13:52:41Z</time>
   </trkpt>
   <trkpt lat="44.9905610" lon="10.4079960">
    <ele>23.2</ele>
    <time>2026-05-20T13:52:42Z</time>
   </trkpt>
   <trkpt lat="44.9905200" lon="10.4079780">
    <ele>23.2</ele>
    <time>2026-05-20T13:52:43Z</time>
   </trkpt>
   <trkpt lat="44.9904790" lon="10.4079430">
    <ele>23.2</ele>
    <time>2026-05-20T13:52:44Z</time>
   </trkpt>
   <trkpt lat="44.9904350" lon="10.4079080">
    <ele>23.2</ele>
    <time>2026-05-20T13:52:45Z</time>
   </trkpt>
   <trkpt lat="44.9903840" lon="10.4078640">
    <ele>23.2</ele>
    <time>2026-05-20T13:52:46Z</time>
   </trkpt>
   <trkpt lat="44.9903590" lon="10.4078440">
    <ele>23.2</ele>
    <time>2026-05-20T13:52:47Z</time>
   </trkpt>
   <trkpt lat="44.9903400" lon="10.4078330">
    <ele>23.2</ele>
    <time>2026-05-20T13:52:48Z</time>
   </trkpt>
   <trkpt lat="44.9902970" lon="10.4078120">
    <ele>23.2</ele>
    <time>2026-05-20T13:52:49Z</time>
   </trkpt>
   <trkpt lat="44.9902470" lon="10.4077930">
    <ele>23.2</ele>
    <time>2026-05-20T13:52:50Z</time>
   </trkpt>
   <trkpt lat="44.9902110" lon="10.4077740">
    <ele>23.2</ele>
    <time>2026-05-20T13:52:51Z</time>
   </trkpt>
   <trkpt lat="44.9901660" lon="10.4077460">
    <ele>23.2</ele>
    <time>2026-05-20T13:52:52Z</time>
   </trkpt>
   <trkpt lat="44.9901130" lon="10.4077150">
    <ele>23.2</ele>
    <time>2026-05-20T13:52:53Z</time>
   </trkpt>
   <trkpt lat="44.9900740" lon="10.4077080">
    <ele>23.2</ele>
    <time>2026-05-20T13:52:54Z</time>
   </trkpt>
   <trkpt lat="44.9900350" lon="10.4076800">
    <ele>23.2</ele>
    <time>2026-05-20T13:52:55Z</time>
   </trkpt>
   <trkpt lat="44.9899960" lon="10.4076600">
    <ele>23.2</ele>
    <time>2026-05-20T13:52:56Z</time>
   </trkpt>
   <trkpt lat="44.9899540" lon="10.4076600">
    <ele>23.2</ele>
    <time>2026-05-20T13:52:57Z</time>
   </trkpt>
   <trkpt lat="44.9899200" lon="10.4076620">
    <ele>23.2</ele>
    <time>2026-05-20T13:52:58Z</time>
   </trkpt>
   <trkpt lat="44.9898880" lon="10.4076480">
    <ele>23.3</ele>
    <time>2026-05-20T13:52:59Z</time>
   </trkpt>
   <trkpt lat="44.9898510" lon="10.4076170">
    <ele>23.3</ele>
    <time>2026-05-20T13:53:00Z</time>
   </trkpt>
   <trkpt lat="44.9898320" lon="10.4076010">
    <ele>23.3</ele>
    <time>2026-05-20T13:53:01Z</time>
   </trkpt>
   <trkpt lat="44.9898010" lon="10.4075860">
    <ele>23.4</ele>
    <time>2026-05-20T13:53:02Z</time>
   </trkpt>
   <trkpt lat="44.9897740" lon="10.4075740">
    <ele>23.4</ele>
    <time>2026-05-20T13:53:03Z</time>
   </trkpt>
   <trkpt lat="44.9897590" lon="10.4075640">
    <ele>23.4</ele>
    <time>2026-05-20T13:53:04Z</time>
   </trkpt>
   <trkpt lat="44.9897530" lon="10.4075630">
    <ele>23.4</ele>
    <time>2026-05-20T13:53:05Z</time>
   </trkpt>
   <trkpt lat="44.9897590" lon="10.4075510">
    <ele>23.4</ele>
    <time>2026-05-20T13:53:06Z</time>
   </trkpt>
   <trkpt lat="44.9897560" lon="10.4075390">
    <ele>23.4</ele>
    <time>2026-05-20T13:53:07Z</time>
   </trkpt>
   <trkpt lat="44.9897560" lon="10.4075500">
    <ele>23.4</ele>
    <time>2026-05-20T13:53:08Z</time>
   </trkpt>
   <trkpt lat="44.9897560" lon="10.4075510">
    <ele>23.4</ele>
    <time>2026-05-20T13:53:09Z</time>
   </trkpt>
   <trkpt lat="44.9897600" lon="10.4075520">
    <ele>23.4</ele>
    <time>2026-05-20T13:53:10Z</time>
   </trkpt>
   <trkpt lat="44.9897570" lon="10.4075470">
    <ele>23.4</ele>
    <time>2026-05-20T13:53:11Z</time>
   </trkpt>
   <trkpt lat="44.9897560" lon="10.4075490">
    <ele>23.4</ele>
    <time>2026-05-20T13:53:12Z</time>
   </trkpt>
   <trkpt lat="44.9897590" lon="10.4075460">
    <ele>23.4</ele>
    <time>2026-05-20T13:53:13Z</time>
   </trkpt>
   <trkpt lat="44.9897600" lon="10.4075440">
    <ele>23.4</ele>
    <time>2026-05-20T13:53:14Z</time>
   </trkpt>
   <trkpt lat="44.9897630" lon="10.4075470">
    <ele>23.5</ele>
    <time>2026-05-20T13:53:15Z</time>
   </trkpt>
   <trkpt lat="44.9897500" lon="10.4075340">
    <ele>23.5</ele>
    <time>2026-05-20T13:53:16Z</time>
   </trkpt>
   <trkpt lat="44.9897500" lon="10.4075340">
    <ele>23.5</ele>
    <time>2026-05-20T13:53:17Z</time>
   </trkpt>
   <trkpt lat="44.9897500" lon="10.4075340">
    <ele>23.5</ele>
    <time>2026-05-20T13:53:18Z</time>
   </trkpt>
   <trkpt lat="44.9897540" lon="10.4075390">
    <ele>23.5</ele>
    <time>2026-05-20T13:53:19Z</time>
   </trkpt>
   <trkpt lat="44.9897550" lon="10.4075400">
    <ele>23.5</ele>
    <time>2026-05-20T13:53:20Z</time>
   </trkpt>
   <trkpt lat="44.9897540" lon="10.4075380">
    <ele>23.5</ele>
    <time>2026-05-20T13:53:21Z</time>
   </trkpt>
   <trkpt lat="44.9897540" lon="10.4075380">
    <ele>23.5</ele>
    <time>2026-05-20T13:53:22Z</time>
   </trkpt>
   <trkpt lat="44.9897520" lon="10.4075340">
    <ele>23.5</ele>
    <time>2026-05-20T13:53:23Z</time>
   </trkpt>
   <trkpt lat="44.9897520" lon="10.4075340">
    <ele>23.5</ele>
    <time>2026-05-20T13:53:24Z</time>
   </trkpt>
   <trkpt lat="44.9897470" lon="10.4075370">
    <ele>23.5</ele>
    <time>2026-05-20T13:53:25Z</time>
   </trkpt>
   <trkpt lat="44.9897500" lon="10.4075400">
    <ele>23.5</ele>
    <time>2026-05-20T13:53:26Z</time>
   </trkpt>
   <trkpt lat="44.9897410" lon="10.4075310">
    <ele>23.5</ele>
    <time>2026-05-20T13:53:27Z</time>
   </trkpt>
   <trkpt lat="44.9897390" lon="10.4075300">
    <ele>23.5</ele>
    <time>2026-05-20T13:53:28Z</time>
   </trkpt>
   <trkpt lat="44.9897420" lon="10.4075260">
    <ele>23.5</ele>
    <time>2026-05-20T13:53:29Z</time>
   </trkpt>
   <trkpt lat="44.9897420" lon="10.4075260">
    <ele>23.5</ele>
    <time>2026-05-20T13:53:30Z</time>
   </trkpt>
   <trkpt lat="44.9897420" lon="10.4075260">
    <ele>23.5</ele>
    <time>2026-05-20T13:53:31Z</time>
   </trkpt>
   <trkpt lat="44.9897310" lon="10.4075230">
    <ele>23.5</ele>
    <time>2026-05-20T13:53:32Z</time>
   </trkpt>
   <trkpt lat="44.9897150" lon="10.4075090">
    <ele>23.6</ele>
    <time>2026-05-20T13:53:33Z</time>
   </trkpt>
   <trkpt lat="44.9897220" lon="10.4075130">
    <ele>23.6</ele>
    <time>2026-05-20T13:53:34Z</time>
   </trkpt>
   <trkpt lat="44.9897210" lon="10.4075120">
    <ele>23.6</ele>
    <time>2026-05-20T13:53:35Z</time>
   </trkpt>
   <trkpt lat="44.9897150" lon="10.4075020">
    <ele>23.6</ele>
    <time>2026-05-20T13:53:36Z</time>
   </trkpt>
   <trkpt lat="44.9897160" lon="10.4075030">
    <ele>23.6</ele>
    <time>2026-05-20T13:53:37Z</time>
   </trkpt>
   <trkpt lat="44.9897270" lon="10.4075040">
    <ele>23.6</ele>
    <time>2026-05-20T13:53:38Z</time>
   </trkpt>
   <trkpt lat="44.9897260" lon="10.4075210">
    <ele>23.6</ele>
    <time>2026-05-20T13:53:39Z</time>
   </trkpt>
   <trkpt lat="44.9897290" lon="10.4075180">
    <ele>23.6</ele>
    <time>2026-05-20T13:53:40Z</time>
   </trkpt>
   <trkpt lat="44.9897210" lon="10.4075110">
    <ele>23.7</ele>
    <time>2026-05-20T13:53:41Z</time>
   </trkpt>
   <trkpt lat="44.9897170" lon="10.4075010">
    <ele>23.7</ele>
    <time>2026-05-20T13:53:42Z</time>
   </trkpt>
   <trkpt lat="44.9897170" lon="10.4074940">
    <ele>23.7</ele>
    <time>2026-05-20T13:53:43Z</time>
   </trkpt>
   <trkpt lat="44.9897150" lon="10.4074880">
    <ele>23.7</ele>
    <time>2026-05-20T13:53:44Z</time>
   </trkpt>
   <trkpt lat="44.9897160" lon="10.4074860">
    <ele>23.7</ele>
    <time>2026-05-20T13:53:45Z</time>
   </trkpt>
   <trkpt lat="44.9897070" lon="10.4074830">
    <ele>23.7</ele>
    <time>2026-05-20T13:53:46Z</time>
   </trkpt>
   <trkpt lat="44.9897190" lon="10.4074990">
    <ele>23.7</ele>
    <time>2026-05-20T13:53:47Z</time>
   </trkpt>
   <trkpt lat="44.9897190" lon="10.4074960">
    <ele>23.7</ele>
    <time>2026-05-20T13:53:48Z</time>
   </trkpt>
   <trkpt lat="44.9897140" lon="10.4074910">
    <ele>23.8</ele>
    <time>2026-05-20T13:53:49Z</time>
   </trkpt>
   <trkpt lat="44.9897160" lon="10.4074950">
    <ele>23.8</ele>
    <time>2026-05-20T13:53:50Z</time>
   </trkpt>
   <trkpt lat="44.9897120" lon="10.4074960">
    <ele>23.8</ele>
    <time>2026-05-20T13:53:51Z</time>
   </trkpt>
   <trkpt lat="44.9897110" lon="10.4074950">
    <ele>23.8</ele>
    <time>2026-05-20T13:53:52Z</time>
   </trkpt>
   <trkpt lat="44.9897070" lon="10.4074900">
    <ele>23.8</ele>
    <time>2026-05-20T13:53:53Z</time>
   </trkpt>
   <trkpt lat="44.9896950" lon="10.4074830">
    <ele>23.8</ele>
    <time>2026-05-20T13:53:54Z</time>
   </trkpt>
   <trkpt lat="44.9896940" lon="10.4074810">
    <ele>23.8</ele>
    <time>2026-05-20T13:53:55Z</time>
   </trkpt>
   <trkpt lat="44.9896960" lon="10.4074820">
    <ele>23.8</ele>
    <time>2026-05-20T13:53:56Z</time>
   </trkpt>
   <trkpt lat="44.9897020" lon="10.4074850">
    <ele>23.8</ele>
    <time>2026-05-20T13:53:57Z</time>
   </trkpt>
   <trkpt lat="44.9897030" lon="10.4074850">
    <ele>23.8</ele>
    <time>2026-05-20T13:53:58Z</time>
   </trkpt>
   <trkpt lat="44.9897070" lon="10.4074900">
    <ele>23.8</ele>
    <time>2026-05-20T13:53:59Z</time>
   </trkpt>
   <trkpt lat="44.9897500" lon="10.4075030">
    <ele>23.9</ele>
    <time>2026-05-20T13:54:00Z</time>
   </trkpt>
   <trkpt lat="44.9897410" lon="10.4075080">
    <ele>23.9</ele>
    <time>2026-05-20T13:54:01Z</time>
   </trkpt>
   <trkpt lat="44.9897410" lon="10.4075180">
    <ele>24.0</ele>
    <time>2026-05-20T13:54:02Z</time>
   </trkpt>
   <trkpt lat="44.9897400" lon="10.4075180">
    <ele>24.0</ele>
    <time>2026-05-20T13:54:03Z</time>
   </trkpt>
   <trkpt lat="44.9897400" lon="10.4075180">
    <ele>24.0</ele>
    <time>2026-05-20T13:54:04Z</time>
   </trkpt>
   <trkpt lat="44.9897400" lon="10.4075180">
    <ele>24.0</ele>
    <time>2026-05-20T13:54:05Z</time>
   </trkpt>
   <trkpt lat="44.9897240" lon="10.4075190">
    <ele>24.0</ele>
    <time>2026-05-20T13:54:06Z</time>
   </trkpt>
   <trkpt lat="44.9897200" lon="10.4075250">
    <ele>24.0</ele>
    <time>2026-05-20T13:54:07Z</time>
   </trkpt>
   <trkpt lat="44.9897190" lon="10.4075250">
    <ele>24.0</ele>
    <time>2026-05-20T13:54:08Z</time>
   </trkpt>
   <trkpt lat="44.9897190" lon="10.4075250">
    <ele>24.0</ele>
    <time>2026-05-20T13:54:09Z</time>
   </trkpt>
   <trkpt lat="44.9897250" lon="10.4075190">
    <ele>24.0</ele>
    <time>2026-05-20T13:54:10Z</time>
   </trkpt>
   <trkpt lat="44.9897250" lon="10.4075190">
    <ele>24.0</ele>
    <time>2026-05-20T13:54:11Z</time>
   </trkpt>
   <trkpt lat="44.9897260" lon="10.4075260">
    <ele>24.0</ele>
    <time>2026-05-20T13:54:12Z</time>
   </trkpt>
   <trkpt lat="44.9897310" lon="10.4075310">
    <ele>24.0</ele>
    <time>2026-05-20T13:54:13Z</time>
   </trkpt>
   <trkpt lat="44.9897400" lon="10.4075260">
    <ele>24.0</ele>
    <time>2026-05-20T13:54:14Z</time>
   </trkpt>
   <trkpt lat="44.9897340" lon="10.4075250">
    <ele>24.1</ele>
    <time>2026-05-20T13:54:15Z</time>
   </trkpt>
   <trkpt lat="44.9897300" lon="10.4075300">
    <ele>24.1</ele>
    <time>2026-05-20T13:54:16Z</time>
   </trkpt>
   <trkpt lat="44.9897320" lon="10.4075320">
    <ele>24.1</ele>
    <time>2026-05-20T13:54:17Z</time>
   </trkpt>
   <trkpt lat="44.9897280" lon="10.4075310">
    <ele>24.1</ele>
    <time>2026-05-20T13:54:18Z</time>
   </trkpt>
   <trkpt lat="44.9897340" lon="10.4075320">
    <ele>24.1</ele>
    <time>2026-05-20T13:54:19Z</time>
   </trkpt>
   <trkpt lat="44.9897370" lon="10.4075410">
    <ele>24.1</ele>
    <time>2026-05-20T13:54:20Z</time>
   </trkpt>
   <trkpt lat="44.9897300" lon="10.4075380">
    <ele>24.1</ele>
    <time>2026-05-20T13:54:21Z</time>
   </trkpt>
   <trkpt lat="44.9897290" lon="10.4075420">
    <ele>24.1</ele>
    <time>2026-05-20T13:54:22Z</time>
   </trkpt>
   <trkpt lat="44.9897290" lon="10.4075430">
    <ele>24.1</ele>
    <time>2026-05-20T13:54:23Z</time>
   </trkpt>
   <trkpt lat="44.9897290" lon="10.4075430">
    <ele>24.1</ele>
    <time>2026-05-20T13:54:24Z</time>
   </trkpt>
   <trkpt lat="44.9897290" lon="10.4075460">
    <ele>24.1</ele>
    <time>2026-05-20T13:54:25Z</time>
   </trkpt>
   <trkpt lat="44.9897400" lon="10.4075530">
    <ele>24.2</ele>
    <time>2026-05-20T13:54:26Z</time>
   </trkpt>
   <trkpt lat="44.9897370" lon="10.4075480">
    <ele>24.2</ele>
    <time>2026-05-20T13:54:27Z</time>
   </trkpt>
   <trkpt lat="44.9897370" lon="10.4075460">
    <ele>24.2</ele>
    <time>2026-05-20T13:54:28Z</time>
   </trkpt>
   <trkpt lat="44.9897360" lon="10.4075450">
    <ele>24.2</ele>
    <time>2026-05-20T13:54:29Z</time>
   </trkpt>
   <trkpt lat="44.9897350" lon="10.4075430">
    <ele>24.2</ele>
    <time>2026-05-20T13:54:30Z</time>
   </trkpt>
   <trkpt lat="44.9897350" lon="10.4075410">
    <ele>24.2</ele>
    <time>2026-05-20T13:54:31Z</time>
   </trkpt>
   <trkpt lat="44.9897340" lon="10.4075390">
    <ele>24.2</ele>
    <time>2026-05-20T13:54:32Z</time>
   </trkpt>
   <trkpt lat="44.9897330" lon="10.4075370">
    <ele>24.2</ele>
    <time>2026-05-20T13:54:33Z</time>
   </trkpt>
   <trkpt lat="44.9897330" lon="10.4075360">
    <ele>24.2</ele>
    <time>2026-05-20T13:54:34Z</time>
   </trkpt>
   <trkpt lat="44.9897320" lon="10.4075340">
    <ele>24.2</ele>
    <time>2026-05-20T13:54:35Z</time>
   </trkpt>
   <trkpt lat="44.9897320" lon="10.4075320">
    <ele>24.2</ele>
    <time>2026-05-20T13:54:36Z</time>
   </trkpt>
   <trkpt lat="44.9897310" lon="10.4075300">
    <ele>24.2</ele>
    <time>2026-05-20T13:54:37Z</time>
   </trkpt>
   <trkpt lat="44.9897300" lon="10.4075280">
    <ele>24.2</ele>
    <time>2026-05-20T13:54:38Z</time>
   </trkpt>
   <trkpt lat="44.9897300" lon="10.4075270">
    <ele>24.2</ele>
    <time>2026-05-20T13:54:39Z</time>
   </trkpt>
   <trkpt lat="44.9897290" lon="10.4075250">
    <ele>24.2</ele>
    <time>2026-05-20T13:54:40Z</time>
   </trkpt>
   <trkpt lat="44.9897280" lon="10.4075230">
    <ele>24.2</ele>
    <time>2026-05-20T13:54:41Z</time>
   </trkpt>
   <trkpt lat="44.9897280" lon="10.4075210">
    <ele>24.2</ele>
    <time>2026-05-20T13:54:42Z</time>
   </trkpt>
   <trkpt lat="44.9897270" lon="10.4075190">
    <ele>24.2</ele>
    <time>2026-05-20T13:54:43Z</time>
   </trkpt>
   <trkpt lat="44.9897260" lon="10.4075170">
    <ele>24.2</ele>
    <time>2026-05-20T13:54:44Z</time>
   </trkpt>
   <trkpt lat="44.9897260" lon="10.4075160">
    <ele>24.2</ele>
    <time>2026-05-20T13:54:45Z</time>
   </trkpt>
   <trkpt lat="44.9897250" lon="10.4075140">
    <ele>24.2</ele>
    <time>2026-05-20T13:54:46Z</time>
   </trkpt>
   <trkpt lat="44.9897240" lon="10.4075120">
    <ele>24.2</ele>
    <time>2026-05-20T13:54:47Z</time>
   </trkpt>
   <trkpt lat="44.9897240" lon="10.4075100">
    <ele>24.2</ele>
    <time>2026-05-20T13:54:48Z</time>
   </trkpt>
   <trkpt lat="44.9897230" lon="10.4075080">
    <ele>24.2</ele>
    <time>2026-05-20T13:54:49Z</time>
   </trkpt>
   <trkpt lat="44.9897230" lon="10.4075070">
    <ele>24.2</ele>
    <time>2026-05-20T13:54:50Z</time>
   </trkpt>
   <trkpt lat="44.9897220" lon="10.4075050">
    <ele>24.2</ele>
    <time>2026-05-20T13:54:51Z</time>
   </trkpt>
   <trkpt lat="44.9897210" lon="10.4075030">
    <ele>24.2</ele>
    <time>2026-05-20T13:54:52Z</time>
   </trkpt>
   <trkpt lat="44.9897210" lon="10.4075010">
    <ele>24.2</ele>
    <time>2026-05-20T13:54:53Z</time>
   </trkpt>
   <trkpt lat="44.9897200" lon="10.4074990">
    <ele>24.2</ele>
    <time>2026-05-20T13:54:54Z</time>
   </trkpt>
   <trkpt lat="44.9897190" lon="10.4074980">
    <ele>24.2</ele>
    <time>2026-05-20T13:54:55Z</time>
   </trkpt>
   <trkpt lat="44.9897190" lon="10.4074960">
    <ele>24.2</ele>
    <time>2026-05-20T13:54:56Z</time>
   </trkpt>
   <trkpt lat="44.9897180" lon="10.4074940">
    <ele>24.2</ele>
    <time>2026-05-20T13:54:57Z</time>
   </trkpt>
   <trkpt lat="44.9897140" lon="10.4074960">
    <ele>24.3</ele>
    <time>2026-05-20T13:54:58Z</time>
   </trkpt>
   <trkpt lat="44.9897140" lon="10.4074970">
    <ele>24.3</ele>
    <time>2026-05-20T13:54:59Z</time>
   </trkpt>
   <trkpt lat="44.9897110" lon="10.4074920">
    <ele>24.3</ele>
    <time>2026-05-20T13:55:00Z</time>
   </trkpt>
   <trkpt lat="44.9897140" lon="10.4074900">
    <ele>24.3</ele>
    <time>2026-05-20T13:55:01Z</time>
   </trkpt>
   <trkpt lat="44.9897140" lon="10.4074900">
    <ele>24.3</ele>
    <time>2026-05-20T13:55:02Z</time>
   </trkpt>
   <trkpt lat="44.9897160" lon="10.4074940">
    <ele>24.3</ele>
    <time>2026-05-20T13:55:03Z</time>
   </trkpt>
   <trkpt lat="44.9897160" lon="10.4074950">
    <ele>24.3</ele>
    <time>2026-05-20T13:55:04Z</time>
   </trkpt>
   <trkpt lat="44.9897220" lon="10.4075060">
    <ele>24.3</ele>
    <time>2026-05-20T13:55:05Z</time>
   </trkpt>
   <trkpt lat="44.9897200" lon="10.4075020">
    <ele>24.3</ele>
    <time>2026-05-20T13:55:06Z</time>
   </trkpt>
   <trkpt lat="44.9897190" lon="10.4074910">
    <ele>24.3</ele>
    <time>2026-05-20T13:55:07Z</time>
   </trkpt>
   <trkpt lat="44.9897130" lon="10.4074960">
    <ele>24.3</ele>
    <time>2026-05-20T13:55:08Z</time>
   </trkpt>
   <trkpt lat="44.9897120" lon="10.4075010">
    <ele>24.3</ele>
    <time>2026-05-20T13:55:09Z</time>
   </trkpt>
   <trkpt lat="44.9897180" lon="10.4074960">
    <ele>24.3</ele>
    <time>2026-05-20T13:55:10Z</time>
   </trkpt>
   <trkpt lat="44.9897210" lon="10.4075000">
    <ele>24.3</ele>
    <time>2026-05-20T13:55:11Z</time>
   </trkpt>
   <trkpt lat="44.9897200" lon="10.4075000">
    <ele>24.3</ele>
    <time>2026-05-20T13:55:12Z</time>
   </trkpt>
   <trkpt lat="44.9897200" lon="10.4075000">
    <ele>24.3</ele>
    <time>2026-05-20T13:55:13Z</time>
   </trkpt>
   <trkpt lat="44.9897200" lon="10.4075000">
    <ele>24.3</ele>
    <time>2026-05-20T13:55:14Z</time>
   </trkpt>
   <trkpt lat="44.9897200" lon="10.4075000">
    <ele>24.3</ele>
    <time>2026-05-20T13:55:15Z</time>
   </trkpt>
   <trkpt lat="44.9897200" lon="10.4075000">
    <ele>24.3</ele>
    <time>2026-05-20T13:55:16Z</time>
   </trkpt>
   <trkpt lat="44.9897190" lon="10.4075060">
    <ele>24.3</ele>
    <time>2026-05-20T13:55:17Z</time>
   </trkpt>
   <trkpt lat="44.9897190" lon="10.4075060">
    <ele>24.3</ele>
    <time>2026-05-20T13:55:18Z</time>
   </trkpt>
   <trkpt lat="44.9897190" lon="10.4075060">
    <ele>24.3</ele>
    <time>2026-05-20T13:55:19Z</time>
   </trkpt>
   <trkpt lat="44.9897190" lon="10.4075060">
    <ele>24.3</ele>
    <time>2026-05-20T13:55:20Z</time>
   </trkpt>
   <trkpt lat="44.9897190" lon="10.4075060">
    <ele>24.3</ele>
    <time>2026-05-20T13:55:21Z</time>
   </trkpt>
   <trkpt lat="44.9897100" lon="10.4074990">
    <ele>24.3</ele>
    <time>2026-05-20T13:55:22Z</time>
   </trkpt>
   <trkpt lat="44.9897200" lon="10.4075120">
    <ele>24.3</ele>
    <time>2026-05-20T13:55:23Z</time>
   </trkpt>
   <trkpt lat="44.9897310" lon="10.4075240">
    <ele>24.2</ele>
    <time>2026-05-20T13:55:24Z</time>
   </trkpt>
   <trkpt lat="44.9897350" lon="10.4075380">
    <ele>24.2</ele>
    <time>2026-05-20T13:55:25Z</time>
   </trkpt>
   <trkpt lat="44.9897410" lon="10.4075360">
    <ele>24.2</ele>
    <time>2026-05-20T13:55:26Z</time>
   </trkpt>
   <trkpt lat="44.9897470" lon="10.4075410">
    <ele>24.2</ele>
    <time>2026-05-20T13:55:27Z</time>
   </trkpt>
   <trkpt lat="44.9897460" lon="10.4075450">
    <ele>24.2</ele>
    <time>2026-05-20T13:55:28Z</time>
   </trkpt>
   <trkpt lat="44.9897520" lon="10.4075560">
    <ele>24.2</ele>
    <time>2026-05-20T13:55:29Z</time>
   </trkpt>
   <trkpt lat="44.9897530" lon="10.4075520">
    <ele>24.2</ele>
    <time>2026-05-20T13:55:30Z</time>
   </trkpt>
   <trkpt lat="44.9897530" lon="10.4075520">
    <ele>24.2</ele>
    <time>2026-05-20T13:55:31Z</time>
   </trkpt>
   <trkpt lat="44.9897520" lon="10.4075360">
    <ele>24.2</ele>
    <time>2026-05-20T13:55:32Z</time>
   </trkpt>
   <trkpt lat="44.9897570" lon="10.4075150">
    <ele>24.2</ele>
    <time>2026-05-20T13:55:33Z</time>
   </trkpt>
   <trkpt lat="44.9897570" lon="10.4075180">
    <ele>24.2</ele>
    <time>2026-05-20T13:55:34Z</time>
   </trkpt>
   <trkpt lat="44.9897570" lon="10.4075180">
    <ele>24.2</ele>
    <time>2026-05-20T13:55:35Z</time>
   </trkpt>
   <trkpt lat="44.9897570" lon="10.4075180">
    <ele>24.2</ele>
    <time>2026-05-20T13:55:36Z</time>
   </trkpt>
   <trkpt lat="44.9897570" lon="10.4075180">
    <ele>24.2</ele>
    <time>2026-05-20T13:55:37Z</time>
   </trkpt>
   <trkpt lat="44.9897570" lon="10.4075180">
    <ele>24.2</ele>
    <time>2026-05-20T13:55:38Z</time>
   </trkpt>
   <trkpt lat="44.9897570" lon="10.4075180">
    <ele>24.2</ele>
    <time>2026-05-20T13:55:39Z</time>
   </trkpt>
   <trkpt lat="44.9897570" lon="10.4075180">
    <ele>24.2</ele>
    <time>2026-05-20T13:55:40Z</time>
   </trkpt>
   <trkpt lat="44.9897570" lon="10.4075180">
    <ele>24.2</ele>
    <time>2026-05-20T13:55:41Z</time>
   </trkpt>
   <trkpt lat="44.9897570" lon="10.4075180">
    <ele>24.2</ele>
    <time>2026-05-20T13:55:42Z</time>
   </trkpt>
   <trkpt lat="44.9897570" lon="10.4075180">
    <ele>24.2</ele>
    <time>2026-05-20T13:55:43Z</time>
   </trkpt>
   <trkpt lat="44.9897570" lon="10.4075180">
    <ele>24.2</ele>
    <time>2026-05-20T13:55:44Z</time>
   </trkpt>
   <trkpt lat="44.9897400" lon="10.4075490">
    <ele>24.2</ele>
    <time>2026-05-20T13:55:45Z</time>
   </trkpt>
   <trkpt lat="44.9897440" lon="10.4075540">
    <ele>24.2</ele>
    <time>2026-05-20T13:55:46Z</time>
   </trkpt>
   <trkpt lat="44.9897440" lon="10.4075620">
    <ele>24.2</ele>
    <time>2026-05-20T13:55:47Z</time>
   </trkpt>
   <trkpt lat="44.9897440" lon="10.4075620">
    <ele>24.2</ele>
    <time>2026-05-20T13:55:48Z</time>
   </trkpt>
   <trkpt lat="44.9897440" lon="10.4075620">
    <ele>24.2</ele>
    <time>2026-05-20T13:55:49Z</time>
   </trkpt>
   <trkpt lat="44.9897440" lon="10.4075620">
    <ele>24.2</ele>
    <time>2026-05-20T13:55:50Z</time>
   </trkpt>
   <trkpt lat="44.9897440" lon="10.4075620">
    <ele>24.2</ele>
    <time>2026-05-20T13:55:51Z</time>
   </trkpt>
   <trkpt lat="44.9897440" lon="10.4075620">
    <ele>24.2</ele>
    <time>2026-05-20T13:55:52Z</time>
   </trkpt>
   <trkpt lat="44.9897440" lon="10.4075620">
    <ele>24.2</ele>
    <time>2026-05-20T13:55:53Z</time>
   </trkpt>
   <trkpt lat="44.9897440" lon="10.4075620">
    <ele>24.2</ele>
    <time>2026-05-20T13:55:54Z</time>
   </trkpt>
   <trkpt lat="44.9897440" lon="10.4075620">
    <ele>24.2</ele>
    <time>2026-05-20T13:55:55Z</time>
   </trkpt>
   <trkpt lat="44.9897440" lon="10.4075620">
    <ele>24.2</ele>
    <time>2026-05-20T13:55:56Z</time>
   </trkpt>
   <trkpt lat="44.9897440" lon="10.4075620">
    <ele>24.2</ele>
    <time>2026-05-20T13:55:57Z</time>
   </trkpt>
   <trkpt lat="44.9897440" lon="10.4075620">
    <ele>24.2</ele>
    <time>2026-05-20T13:55:58Z</time>
   </trkpt>
   <trkpt lat="44.9897440" lon="10.4075620">
    <ele>24.2</ele>
    <time>2026-05-20T13:55:59Z</time>
   </trkpt>
   <trkpt lat="44.9897440" lon="10.4075620">
    <ele>24.2</ele>
    <time>2026-05-20T13:56:00Z</time>
   </trkpt>
   <trkpt lat="44.9897440" lon="10.4075620">
    <ele>24.2</ele>
    <time>2026-05-20T13:56:01Z</time>
   </trkpt>
   <trkpt lat="44.9897440" lon="10.4075620">
    <ele>24.2</ele>
    <time>2026-05-20T13:56:02Z</time>
   </trkpt>
   <trkpt lat="44.9897440" lon="10.4075620">
    <ele>24.2</ele>
    <time>2026-05-20T13:56:03Z</time>
   </trkpt>
   <trkpt lat="44.9897440" lon="10.4075620">
    <ele>24.2</ele>
    <time>2026-05-20T13:56:04Z</time>
   </trkpt>
   <trkpt lat="44.9897440" lon="10.4075620">
    <ele>24.2</ele>
    <time>2026-05-20T13:56:05Z</time>
   </trkpt>
   <trkpt lat="44.9897440" lon="10.4075820">
    <ele>24.2</ele>
    <time>2026-05-20T13:56:06Z</time>
   </trkpt>
   <trkpt lat="44.9897450" lon="10.4075790">
    <ele>24.2</ele>
    <time>2026-05-20T13:56:07Z</time>
   </trkpt>
   <trkpt lat="44.9897450" lon="10.4075880">
    <ele>24.2</ele>
    <time>2026-05-20T13:56:08Z</time>
   </trkpt>
   <trkpt lat="44.9897490" lon="10.4075940">
    <ele>24.2</ele>
    <time>2026-05-20T13:56:09Z</time>
   </trkpt>
   <trkpt lat="44.9897490" lon="10.4075910">
    <ele>24.2</ele>
    <time>2026-05-20T13:56:10Z</time>
   </trkpt>
   <trkpt lat="44.9897500" lon="10.4075880">
    <ele>24.2</ele>
    <time>2026-05-20T13:56:11Z</time>
   </trkpt>
   <trkpt lat="44.9897500" lon="10.4075840">
    <ele>24.2</ele>
    <time>2026-05-20T13:56:12Z</time>
   </trkpt>
   <trkpt lat="44.9897510" lon="10.4075810">
    <ele>24.2</ele>
    <time>2026-05-20T13:56:13Z</time>
   </trkpt>
   <trkpt lat="44.9897520" lon="10.4075780">
    <ele>24.2</ele>
    <time>2026-05-20T13:56:14Z</time>
   </trkpt>
   <trkpt lat="44.9897520" lon="10.4075750">
    <ele>24.2</ele>
    <time>2026-05-20T13:56:15Z</time>
   </trkpt>
   <trkpt lat="44.9897530" lon="10.4075720">
    <ele>24.2</ele>
    <time>2026-05-20T13:56:16Z</time>
   </trkpt>
   <trkpt lat="44.9897530" lon="10.4075690">
    <ele>24.2</ele>
    <time>2026-05-20T13:56:17Z</time>
   </trkpt>
   <trkpt lat="44.9897540" lon="10.4075660">
    <ele>24.2</ele>
    <time>2026-05-20T13:56:18Z</time>
   </trkpt>
   <trkpt lat="44.9897550" lon="10.4075630">
    <ele>24.2</ele>
    <time>2026-05-20T13:56:19Z</time>
   </trkpt>
   <trkpt lat="44.9897550" lon="10.4075590">
    <ele>24.2</ele>
    <time>2026-05-20T13:56:20Z</time>
   </trkpt>
   <trkpt lat="44.9897560" lon="10.4075560">
    <ele>24.2</ele>
    <time>2026-05-20T13:56:21Z</time>
   </trkpt>
   <trkpt lat="44.9897560" lon="10.4075530">
    <ele>24.2</ele>
    <time>2026-05-20T13:56:22Z</time>
   </trkpt>
   <trkpt lat="44.9897570" lon="10.4075500">
    <ele>24.2</ele>
    <time>2026-05-20T13:56:23Z</time>
   </trkpt>
   <trkpt lat="44.9897570" lon="10.4075470">
    <ele>24.2</ele>
    <time>2026-05-20T13:56:24Z</time>
   </trkpt>
   <trkpt lat="44.9897580" lon="10.4075440">
    <ele>24.2</ele>
    <time>2026-05-20T13:56:25Z</time>
   </trkpt>
   <trkpt lat="44.9897590" lon="10.4075410">
    <ele>24.2</ele>
    <time>2026-05-20T13:56:26Z</time>
   </trkpt>
   <trkpt lat="44.9897590" lon="10.4075370">
    <ele>24.2</ele>
    <time>2026-05-20T13:56:27Z</time>
   </trkpt>
   <trkpt lat="44.9897600" lon="10.4075340">
    <ele>24.2</ele>
    <time>2026-05-20T13:56:28Z</time>
   </trkpt>
   <trkpt lat="44.9897600" lon="10.4075310">
    <ele>24.2</ele>
    <time>2026-05-20T13:56:29Z</time>
   </trkpt>
   <trkpt lat="44.9897610" lon="10.4075280">
    <ele>24.2</ele>
    <time>2026-05-20T13:56:30Z</time>
   </trkpt>
   <trkpt lat="44.9897610" lon="10.4075280">
    <ele>24.2</ele>
    <time>2026-05-20T13:56:31Z</time>
   </trkpt>
   <trkpt lat="44.9897610" lon="10.4075280">
    <ele>24.2</ele>
    <time>2026-05-20T13:56:32Z</time>
   </trkpt>
   <trkpt lat="44.9897610" lon="10.4075280">
    <ele>24.2</ele>
    <time>2026-05-20T13:56:33Z</time>
   </trkpt>
   <trkpt lat="44.9897610" lon="10.4075280">
    <ele>24.2</ele>
    <time>2026-05-20T13:56:34Z</time>
   </trkpt>
   <trkpt lat="44.9897610" lon="10.4075280">
    <ele>24.2</ele>
    <time>2026-05-20T13:56:35Z</time>
   </trkpt>
   <trkpt lat="44.9897610" lon="10.4075280">
    <ele>24.2</ele>
    <time>2026-05-20T13:56:36Z</time>
   </trkpt>
   <trkpt lat="44.9897610" lon="10.4075280">
    <ele>24.2</ele>
    <time>2026-05-20T13:56:37Z</time>
   </trkpt>
   <trkpt lat="44.9897610" lon="10.4075280">
    <ele>24.2</ele>
    <time>2026-05-20T13:56:38Z</time>
   </trkpt>
   <trkpt lat="44.9897610" lon="10.4075280">
    <ele>24.2</ele>
    <time>2026-05-20T13:56:39Z</time>
   </trkpt>
   <trkpt lat="44.9897610" lon="10.4075280">
    <ele>24.2</ele>
    <time>2026-05-20T13:56:40Z</time>
   </trkpt>
   <trkpt lat="44.9897610" lon="10.4075280">
    <ele>24.2</ele>
    <time>2026-05-20T13:56:41Z</time>
   </trkpt>
   <trkpt lat="44.9897610" lon="10.4075280">
    <ele>24.2</ele>
    <time>2026-05-20T13:56:42Z</time>
   </trkpt>
   <trkpt lat="44.9897610" lon="10.4075280">
    <ele>24.2</ele>
    <time>2026-05-20T13:56:43Z</time>
   </trkpt>
   <trkpt lat="44.9897610" lon="10.4075280">
    <ele>24.2</ele>
    <time>2026-05-20T13:56:44Z</time>
   </trkpt>
   <trkpt lat="44.9897610" lon="10.4075280">
    <ele>24.2</ele>
    <time>2026-05-20T13:56:45Z</time>
   </trkpt>
   <trkpt lat="44.9897610" lon="10.4075280">
    <ele>24.2</ele>
    <time>2026-05-20T13:56:46Z</time>
   </trkpt>
   <trkpt lat="44.9897610" lon="10.4075280">
    <ele>24.2</ele>
    <time>2026-05-20T13:56:47Z</time>
   </trkpt>
   <trkpt lat="44.9897610" lon="10.4075280">
    <ele>24.2</ele>
    <time>2026-05-20T13:56:48Z</time>
   </trkpt>
   <trkpt lat="44.9897610" lon="10.4075280">
    <ele>24.2</ele>
    <time>2026-05-20T13:56:49Z</time>
   </trkpt>
   <trkpt lat="44.9897610" lon="10.4075280">
    <ele>24.2</ele>
    <time>2026-05-20T13:56:50Z</time>
   </trkpt>
   <trkpt lat="44.9897610" lon="10.4075280">
    <ele>24.2</ele>
    <time>2026-05-20T13:56:51Z</time>
   </trkpt>
   <trkpt lat="44.9897610" lon="10.4075280">
    <ele>24.2</ele>
    <time>2026-05-20T13:56:52Z</time>
   </trkpt>
   <trkpt lat="44.9897610" lon="10.4075280">
    <ele>24.2</ele>
    <time>2026-05-20T13:56:53Z</time>
   </trkpt>
   <trkpt lat="44.9897610" lon="10.4075280">
    <ele>24.2</ele>
    <time>2026-05-20T13:56:54Z</time>
   </trkpt>
   <trkpt lat="44.9897610" lon="10.4075280">
    <ele>24.2</ele>
    <time>2026-05-20T13:56:55Z</time>
   </trkpt>
   <trkpt lat="44.9897610" lon="10.4075280">
    <ele>24.2</ele>
    <time>2026-05-20T13:56:56Z</time>
   </trkpt>
   <trkpt lat="44.9897610" lon="10.4075280">
    <ele>24.2</ele>
    <time>2026-05-20T13:56:57Z</time>
   </trkpt>
   <trkpt lat="44.9897610" lon="10.4075280">
    <ele>24.2</ele>
    <time>2026-05-20T13:56:58Z</time>
   </trkpt>
   <trkpt lat="44.9897610" lon="10.4075280">
    <ele>24.2</ele>
    <time>2026-05-20T13:56:59Z</time>
   </trkpt>
   <trkpt lat="44.9897610" lon="10.4075280">
    <ele>24.2</ele>
    <time>2026-05-20T13:57:00Z</time>
   </trkpt>
   <trkpt lat="44.9897610" lon="10.4075280">
    <ele>24.2</ele>
    <time>2026-05-20T13:57:01Z</time>
   </trkpt>
   <trkpt lat="44.9897610" lon="10.4075280">
    <ele>24.2</ele>
    <time>2026-05-20T13:57:02Z</time>
   </trkpt>
   <trkpt lat="44.9897610" lon="10.4075280">
    <ele>24.2</ele>
    <time>2026-05-20T13:57:03Z</time>
   </trkpt>
   <trkpt lat="44.9897610" lon="10.4075280">
    <ele>24.2</ele>
    <time>2026-05-20T13:57:04Z</time>
   </trkpt>
   <trkpt lat="44.9897610" lon="10.4075280">
    <ele>24.2</ele>
    <time>2026-05-20T13:57:05Z</time>
   </trkpt>
   <trkpt lat="44.9897610" lon="10.4075280">
    <ele>24.2</ele>
    <time>2026-05-20T13:57:06Z</time>
   </trkpt>
   <trkpt lat="44.9897610" lon="10.4075280">
    <ele>24.2</ele>
    <time>2026-05-20T13:57:07Z</time>
   </trkpt>
   <trkpt lat="44.9897610" lon="10.4075280">
    <ele>24.2</ele>
    <time>2026-05-20T13:57:08Z</time>
   </trkpt>
   <trkpt lat="44.9897610" lon="10.4075280">
    <ele>24.2</ele>
    <time>2026-05-20T13:57:09Z</time>
   </trkpt>
   <trkpt lat="44.9897610" lon="10.4075280">
    <ele>24.2</ele>
    <time>2026-05-20T13:57:10Z</time>
   </trkpt>
   <trkpt lat="44.9897610" lon="10.4075280">
    <ele>24.2</ele>
    <time>2026-05-20T13:57:11Z</time>
   </trkpt>
   <trkpt lat="44.9897610" lon="10.4075280">
    <ele>24.2</ele>
    <time>2026-05-20T13:57:12Z</time>
   </trkpt>
   <trkpt lat="44.9897610" lon="10.4075280">
    <ele>24.2</ele>
    <time>2026-05-20T13:57:13Z</time>
   </trkpt>
   <trkpt lat="44.9897610" lon="10.4075280">
    <ele>24.2</ele>
    <time>2026-05-20T13:57:14Z</time>
   </trkpt>
   <trkpt lat="44.9897610" lon="10.4075280">
    <ele>24.2</ele>
    <time>2026-05-20T13:57:15Z</time>
   </trkpt>
   <trkpt lat="44.9897610" lon="10.4075280">
    <ele>24.2</ele>
    <time>2026-05-20T13:57:16Z</time>
   </trkpt>
   <trkpt lat="44.9897610" lon="10.4075280">
    <ele>24.2</ele>
    <time>2026-05-20T13:57:17Z</time>
   </trkpt>
   <trkpt lat="44.9897610" lon="10.4075280">
    <ele>24.2</ele>
    <time>2026-05-20T13:57:18Z</time>
   </trkpt>
   <trkpt lat="44.9897610" lon="10.4075280">
    <ele>24.2</ele>
    <time>2026-05-20T13:57:19Z</time>
   </trkpt>
   <trkpt lat="44.9897610" lon="10.4075280">
    <ele>24.2</ele>
    <time>2026-05-20T13:57:20Z</time>
   </trkpt>
   <trkpt lat="44.9897610" lon="10.4075280">
    <ele>24.2</ele>
    <time>2026-05-20T13:57:21Z</time>
   </trkpt>
   <trkpt lat="44.9897610" lon="10.4075280">
    <ele>24.2</ele>
    <time>2026-05-20T13:57:22Z</time>
   </trkpt>
   <trkpt lat="44.9897610" lon="10.4075280">
    <ele>24.2</ele>
    <time>2026-05-20T13:57:23Z</time>
   </trkpt>
   <trkpt lat="44.9897610" lon="10.4075280">
    <ele>24.2</ele>
    <time>2026-05-20T13:57:24Z</time>
   </trkpt>
   <trkpt lat="44.9897610" lon="10.4075280">
    <ele>24.2</ele>
    <time>2026-05-20T13:57:25Z</time>
   </trkpt>
   <trkpt lat="44.9897810" lon="10.4075290">
    <ele>24.2</ele>
    <time>2026-05-20T13:57:26Z</time>
   </trkpt>
   <trkpt lat="44.9897810" lon="10.4075290">
    <ele>24.2</ele>
    <time>2026-05-20T13:57:27Z</time>
   </trkpt>
   <trkpt lat="44.9897810" lon="10.4075290">
    <ele>24.2</ele>
    <time>2026-05-20T13:57:28Z</time>
   </trkpt>
   <trkpt lat="44.9897810" lon="10.4075290">
    <ele>24.2</ele>
    <time>2026-05-20T13:57:29Z</time>
   </trkpt>
   <trkpt lat="44.9897810" lon="10.4075290">
    <ele>24.2</ele>
    <time>2026-05-20T13:57:30Z</time>
   </trkpt>
   <trkpt lat="44.9897810" lon="10.4075290">
    <ele>24.2</ele>
    <time>2026-05-20T13:57:31Z</time>
   </trkpt>
   <trkpt lat="44.9897810" lon="10.4075290">
    <ele>24.2</ele>
    <time>2026-05-20T13:57:32Z</time>
   </trkpt>
   <trkpt lat="44.9897810" lon="10.4075290">
    <ele>24.2</ele>
    <time>2026-05-20T13:57:33Z</time>
   </trkpt>
   <trkpt lat="44.9897810" lon="10.4075290">
    <ele>24.2</ele>
    <time>2026-05-20T13:57:34Z</time>
   </trkpt>
   <trkpt lat="44.9897810" lon="10.4075290">
    <ele>24.2</ele>
    <time>2026-05-20T13:57:35Z</time>
   </trkpt>
   <trkpt lat="44.9897480" lon="10.4075540">
    <ele>24.2</ele>
    <time>2026-05-20T13:57:36Z</time>
   </trkpt>
   <trkpt lat="44.9897530" lon="10.4075580">
    <ele>24.2</ele>
    <time>2026-05-20T13:57:37Z</time>
   </trkpt>
   <trkpt lat="44.9897530" lon="10.4075580">
    <ele>24.2</ele>
    <time>2026-05-20T13:57:38Z</time>
   </trkpt>
   <trkpt lat="44.9897530" lon="10.4075580">
    <ele>24.2</ele>
    <time>2026-05-20T13:57:39Z</time>
   </trkpt>
   <trkpt lat="44.9897530" lon="10.4075580">
    <ele>24.2</ele>
    <time>2026-05-20T13:57:40Z</time>
   </trkpt>
   <trkpt lat="44.9897530" lon="10.4075580">
    <ele>24.2</ele>
    <time>2026-05-20T13:57:41Z</time>
   </trkpt>
   <trkpt lat="44.9897530" lon="10.4075580">
    <ele>24.2</ele>
    <time>2026-05-20T13:57:42Z</time>
   </trkpt>
   <trkpt lat="44.9897530" lon="10.4075580">
    <ele>24.2</ele>
    <time>2026-05-20T13:57:43Z</time>
   </trkpt>
   <trkpt lat="44.9897530" lon="10.4075580">
    <ele>24.2</ele>
    <time>2026-05-20T13:57:44Z</time>
   </trkpt>
   <trkpt lat="44.9897530" lon="10.4075580">
    <ele>24.2</ele>
    <time>2026-05-20T13:57:45Z</time>
   </trkpt>
   <trkpt lat="44.9897530" lon="10.4075580">
    <ele>24.2</ele>
    <time>2026-05-20T13:57:46Z</time>
   </trkpt>
   <trkpt lat="44.9897530" lon="10.4075580">
    <ele>24.2</ele>
    <time>2026-05-20T13:57:47Z</time>
   </trkpt>
   <trkpt lat="44.9897530" lon="10.4075580">
    <ele>24.2</ele>
    <time>2026-05-20T13:57:48Z</time>
   </trkpt>
   <trkpt lat="44.9897530" lon="10.4075580">
    <ele>24.2</ele>
    <time>2026-05-20T13:57:49Z</time>
   </trkpt>
   <trkpt lat="44.9897530" lon="10.4075580">
    <ele>24.2</ele>
    <time>2026-05-20T13:57:50Z</time>
   </trkpt>
   <trkpt lat="44.9897530" lon="10.4075580">
    <ele>24.2</ele>
    <time>2026-05-20T13:57:51Z</time>
   </trkpt>
   <trkpt lat="44.9897530" lon="10.4075580">
    <ele>24.2</ele>
    <time>2026-05-20T13:57:52Z</time>
   </trkpt>
   <trkpt lat="44.9897530" lon="10.4075580">
    <ele>24.2</ele>
    <time>2026-05-20T13:57:53Z</time>
   </trkpt>
   <trkpt lat="44.9897530" lon="10.4075580">
    <ele>24.2</ele>
    <time>2026-05-20T13:57:54Z</time>
   </trkpt>
   <trkpt lat="44.9897530" lon="10.4075580">
    <ele>24.2</ele>
    <time>2026-05-20T13:57:55Z</time>
   </trkpt>
   <trkpt lat="44.9897530" lon="10.4075580">
    <ele>24.2</ele>
    <time>2026-05-20T13:57:56Z</time>
   </trkpt>
   <trkpt lat="44.9897530" lon="10.4075580">
    <ele>24.2</ele>
    <time>2026-05-20T13:57:57Z</time>
   </trkpt>
   <trkpt lat="44.9897530" lon="10.4075580">
    <ele>24.2</ele>
    <time>2026-05-20T13:57:58Z</time>
   </trkpt>
   <trkpt lat="44.9897530" lon="10.4075580">
    <ele>24.2</ele>
    <time>2026-05-20T13:57:59Z</time>
   </trkpt>
   <trkpt lat="44.9897530" lon="10.4075580">
    <ele>24.2</ele>
    <time>2026-05-20T13:58:00Z</time>
   </trkpt>
   <trkpt lat="44.9897530" lon="10.4075580">
    <ele>24.2</ele>
    <time>2026-05-20T13:58:01Z</time>
   </trkpt>
   <trkpt lat="44.9897530" lon="10.4075580">
    <ele>24.2</ele>
    <time>2026-05-20T13:58:02Z</time>
   </trkpt>
   <trkpt lat="44.9897530" lon="10.4075580">
    <ele>24.2</ele>
    <time>2026-05-20T13:58:03Z</time>
   </trkpt>
   <trkpt lat="44.9897530" lon="10.4075580">
    <ele>24.2</ele>
    <time>2026-05-20T13:58:04Z</time>
   </trkpt>
   <trkpt lat="44.9897530" lon="10.4075580">
    <ele>24.2</ele>
    <time>2026-05-20T13:58:05Z</time>
   </trkpt>
   <trkpt lat="44.9897530" lon="10.4075580">
    <ele>24.2</ele>
    <time>2026-05-20T13:58:06Z</time>
   </trkpt>
   <trkpt lat="44.9897530" lon="10.4075580">
    <ele>24.2</ele>
    <time>2026-05-20T13:58:07Z</time>
   </trkpt>
   <trkpt lat="44.9897480" lon="10.4075390">
    <ele>24.1</ele>
    <time>2026-05-20T13:58:08Z</time>
   </trkpt>
   <trkpt lat="44.9897480" lon="10.4075390">
    <ele>24.1</ele>
    <time>2026-05-20T13:58:09Z</time>
   </trkpt>
   <trkpt lat="44.9897480" lon="10.4075390">
    <ele>24.1</ele>
    <time>2026-05-20T13:58:10Z</time>
   </trkpt>
   <trkpt lat="44.9897480" lon="10.4075390">
    <ele>24.1</ele>
    <time>2026-05-20T13:58:11Z</time>
   </trkpt>
   <trkpt lat="44.9897480" lon="10.4075390">
    <ele>24.1</ele>
    <time>2026-05-20T13:58:12Z</time>
   </trkpt>
   <trkpt lat="44.9897480" lon="10.4075390">
    <ele>24.1</ele>
    <time>2026-05-20T13:58:13Z</time>
   </trkpt>
   <trkpt lat="44.9897480" lon="10.4075390">
    <ele>24.1</ele>
    <time>2026-05-20T13:58:15Z</time>
   </trkpt>
   <trkpt lat="44.9897480" lon="10.4075390">
    <ele>24.1</ele>
    <time>2026-05-20T13:58:16Z</time>
   </trkpt>
   <trkpt lat="44.9897480" lon="10.4075390">
    <ele>24.1</ele>
    <time>2026-05-20T13:58:17Z</time>
   </trkpt>
   <trkpt lat="44.9897480" lon="10.4075390">
    <ele>24.1</ele>
    <time>2026-05-20T13:58:18Z</time>
   </trkpt>
   <trkpt lat="44.9897480" lon="10.4075390">
    <ele>24.1</ele>
    <time>2026-05-20T13:58:19Z</time>
   </trkpt>
   <trkpt lat="44.9897480" lon="10.4075390">
    <ele>24.1</ele>
    <time>2026-05-20T13:58:20Z</time>
   </trkpt>
   <trkpt lat="44.9897480" lon="10.4075390">
    <ele>24.1</ele>
    <time>2026-05-20T13:58:21Z</time>
   </trkpt>
   <trkpt lat="44.9897480" lon="10.4075390">
    <ele>24.1</ele>
    <time>2026-05-20T13:58:22Z</time>
   </trkpt>
   <trkpt lat="44.9897480" lon="10.4075390">
    <ele>24.1</ele>
    <time>2026-05-20T13:58:23Z</time>
   </trkpt>
   <trkpt lat="44.9897480" lon="10.4075390">
    <ele>24.1</ele>
    <time>2026-05-20T13:58:24Z</time>
   </trkpt>
   <trkpt lat="44.9897480" lon="10.4075390">
    <ele>24.1</ele>
    <time>2026-05-20T13:58:25Z</time>
   </trkpt>
   <trkpt lat="44.9897480" lon="10.4075390">
    <ele>24.1</ele>
    <time>2026-05-20T13:58:26Z</time>
   </trkpt>
   <trkpt lat="44.9897540" lon="10.4075580">
    <ele>24.1</ele>
    <time>2026-05-20T13:58:27Z</time>
   </trkpt>
   <trkpt lat="44.9897540" lon="10.4075660">
    <ele>24.1</ele>
    <time>2026-05-20T13:58:28Z</time>
   </trkpt>
   <trkpt lat="44.9897540" lon="10.4075650">
    <ele>24.1</ele>
    <time>2026-05-20T13:58:29Z</time>
   </trkpt>
   <trkpt lat="44.9897510" lon="10.4075660">
    <ele>24.1</ele>
    <time>2026-05-20T13:58:30Z</time>
   </trkpt>
   <trkpt lat="44.9897380" lon="10.4075610">
    <ele>24.1</ele>
    <time>2026-05-20T13:58:31Z</time>
   </trkpt>
   <trkpt lat="44.9897400" lon="10.4075580">
    <ele>24.1</ele>
    <time>2026-05-20T13:58:32Z</time>
   </trkpt>
   <trkpt lat="44.9897420" lon="10.4075600">
    <ele>24.1</ele>
    <time>2026-05-20T13:58:33Z</time>
   </trkpt>
   <trkpt lat="44.9897500" lon="10.4075600">
    <ele>24.1</ele>
    <time>2026-05-20T13:58:34Z</time>
   </trkpt>
   <trkpt lat="44.9897540" lon="10.4075590">
    <ele>24.1</ele>
    <time>2026-05-20T13:58:35Z</time>
   </trkpt>
   <trkpt lat="44.9897580" lon="10.4075600">
    <ele>24.1</ele>
    <time>2026-05-20T13:58:36Z</time>
   </trkpt>
   <trkpt lat="44.9897580" lon="10.4075600">
    <ele>24.1</ele>
    <time>2026-05-20T13:58:37Z</time>
   </trkpt>
   <trkpt lat="44.9897580" lon="10.4075600">
    <ele>24.1</ele>
    <time>2026-05-20T13:58:38Z</time>
   </trkpt>
   <trkpt lat="44.9897640" lon="10.4075320">
    <ele>24.1</ele>
    <time>2026-05-20T13:58:39Z</time>
   </trkpt>
   <trkpt lat="44.9897640" lon="10.4075320">
    <ele>24.1</ele>
    <time>2026-05-20T13:58:40Z</time>
   </trkpt>
   <trkpt lat="44.9897640" lon="10.4075320">
    <ele>24.1</ele>
    <time>2026-05-20T13:58:41Z</time>
   </trkpt>
   <trkpt lat="44.9897640" lon="10.4075320">
    <ele>24.1</ele>
    <time>2026-05-20T13:58:42Z</time>
   </trkpt>
   <trkpt lat="44.9897690" lon="10.4075350">
    <ele>24.1</ele>
    <time>2026-05-20T13:58:43Z</time>
   </trkpt>
   <trkpt lat="44.9897850" lon="10.4075540">
    <ele>24.1</ele>
    <time>2026-05-20T13:58:44Z</time>
   </trkpt>
   <trkpt lat="44.9897860" lon="10.4075530">
    <ele>24.1</ele>
    <time>2026-05-20T13:58:45Z</time>
   </trkpt>
   <trkpt lat="44.9897870" lon="10.4075520">
    <ele>24.1</ele>
    <time>2026-05-20T13:58:46Z</time>
   </trkpt>
   <trkpt lat="44.9897890" lon="10.4075510">
    <ele>24.1</ele>
    <time>2026-05-20T13:58:47Z</time>
   </trkpt>
   <trkpt lat="44.9897910" lon="10.4075500">
    <ele>24.1</ele>
    <time>2026-05-20T13:58:48Z</time>
   </trkpt>
   <trkpt lat="44.9897920" lon="10.4075490">
    <ele>24.1</ele>
    <time>2026-05-20T13:58:49Z</time>
   </trkpt>
   <trkpt lat="44.9897940" lon="10.4075480">
    <ele>24.1</ele>
    <time>2026-05-20T13:58:50Z</time>
   </trkpt>
   <trkpt lat="44.9897950" lon="10.4075470">
    <ele>24.1</ele>
    <time>2026-05-20T13:58:51Z</time>
   </trkpt>
   <trkpt lat="44.9897970" lon="10.4075460">
    <ele>24.1</ele>
    <time>2026-05-20T13:58:52Z</time>
   </trkpt>
   <trkpt lat="44.9897990" lon="10.4075450">
    <ele>24.1</ele>
    <time>2026-05-20T13:58:53Z</time>
   </trkpt>
   <trkpt lat="44.9898000" lon="10.4075440">
    <ele>24.1</ele>
    <time>2026-05-20T13:58:54Z</time>
   </trkpt>
   <trkpt lat="44.9898020" lon="10.4075430">
    <ele>24.1</ele>
    <time>2026-05-20T13:58:55Z</time>
   </trkpt>
   <trkpt lat="44.9898040" lon="10.4075420">
    <ele>24.1</ele>
    <time>2026-05-20T13:58:56Z</time>
   </trkpt>
   <trkpt lat="44.9898050" lon="10.4075410">
    <ele>24.1</ele>
    <time>2026-05-20T13:58:57Z</time>
   </trkpt>
   <trkpt lat="44.9898070" lon="10.4075400">
    <ele>24.1</ele>
    <time>2026-05-20T13:58:58Z</time>
   </trkpt>
   <trkpt lat="44.9898090" lon="10.4075390">
    <ele>24.1</ele>
    <time>2026-05-20T13:58:59Z</time>
   </trkpt>
   <trkpt lat="44.9898100" lon="10.4075380">
    <ele>24.1</ele>
    <time>2026-05-20T13:59:00Z</time>
   </trkpt>
   <trkpt lat="44.9898120" lon="10.4075370">
    <ele>24.1</ele>
    <time>2026-05-20T13:59:01Z</time>
   </trkpt>
   <trkpt lat="44.9898140" lon="10.4075360">
    <ele>24.1</ele>
    <time>2026-05-20T13:59:02Z</time>
   </trkpt>
   <trkpt lat="44.9898150" lon="10.4075350">
    <ele>24.1</ele>
    <time>2026-05-20T13:59:03Z</time>
   </trkpt>
   <trkpt lat="44.9898170" lon="10.4075340">
    <ele>24.1</ele>
    <time>2026-05-20T13:59:04Z</time>
   </trkpt>
   <trkpt lat="44.9898180" lon="10.4075330">
    <ele>24.1</ele>
    <time>2026-05-20T13:59:05Z</time>
   </trkpt>
   <trkpt lat="44.9898200" lon="10.4075320">
    <ele>24.1</ele>
    <time>2026-05-20T13:59:06Z</time>
   </trkpt>
   <trkpt lat="44.9898220" lon="10.4075310">
    <ele>24.1</ele>
    <time>2026-05-20T13:59:07Z</time>
   </trkpt>
   <trkpt lat="44.9898230" lon="10.4075300">
    <ele>24.1</ele>
    <time>2026-05-20T13:59:08Z</time>
   </trkpt>
   <trkpt lat="44.9898250" lon="10.4075290">
    <ele>24.1</ele>
    <time>2026-05-20T13:59:09Z</time>
   </trkpt>
   <trkpt lat="44.9898250" lon="10.4075280">
    <ele>24.1</ele>
    <time>2026-05-20T13:59:10Z</time>
   </trkpt>
   <trkpt lat="44.9898250" lon="10.4075280">
    <ele>24.1</ele>
    <time>2026-05-20T13:59:11Z</time>
   </trkpt>
   <trkpt lat="44.9898150" lon="10.4075170">
    <ele>24.1</ele>
    <time>2026-05-20T13:59:12Z</time>
   </trkpt>
   <trkpt lat="44.9898040" lon="10.4075060">
    <ele>24.1</ele>
    <time>2026-05-20T13:59:13Z</time>
   </trkpt>
   <trkpt lat="44.9898180" lon="10.4075180">
    <ele>24.1</ele>
    <time>2026-05-20T13:59:14Z</time>
   </trkpt>
   <trkpt lat="44.9898230" lon="10.4075250">
    <ele>24.1</ele>
    <time>2026-05-20T13:59:15Z</time>
   </trkpt>
   <trkpt lat="44.9898230" lon="10.4075250">
    <ele>24.1</ele>
    <time>2026-05-20T13:59:16Z</time>
   </trkpt>
   <trkpt lat="44.9898230" lon="10.4075250">
    <ele>24.1</ele>
    <time>2026-05-20T13:59:17Z</time>
   </trkpt>
   <trkpt lat="44.9898230" lon="10.4075250">
    <ele>24.1</ele>
    <time>2026-05-20T13:59:18Z</time>
   </trkpt>
   <trkpt lat="44.9898190" lon="10.4075330">
    <ele>24.1</ele>
    <time>2026-05-20T13:59:19Z</time>
   </trkpt>
   <trkpt lat="44.9898180" lon="10.4075320">
    <ele>24.1</ele>
    <time>2026-05-20T13:59:20Z</time>
   </trkpt>
   <trkpt lat="44.9898180" lon="10.4075320">
    <ele>24.1</ele>
    <time>2026-05-20T13:59:21Z</time>
   </trkpt>
   <trkpt lat="44.9898180" lon="10.4075320">
    <ele>24.1</ele>
    <time>2026-05-20T13:59:22Z</time>
   </trkpt>
   <trkpt lat="44.9898330" lon="10.4075240">
    <ele>24.1</ele>
    <time>2026-05-20T13:59:23Z</time>
   </trkpt>
   <trkpt lat="44.9898330" lon="10.4075240">
    <ele>24.1</ele>
    <time>2026-05-20T13:59:24Z</time>
   </trkpt>
   <trkpt lat="44.9898330" lon="10.4075150">
    <ele>24.1</ele>
    <time>2026-05-20T13:59:25Z</time>
   </trkpt>
   <trkpt lat="44.9898330" lon="10.4075150">
    <ele>24.1</ele>
    <time>2026-05-20T13:59:26Z</time>
   </trkpt>
   <trkpt lat="44.9898330" lon="10.4075150">
    <ele>24.1</ele>
    <time>2026-05-20T13:59:27Z</time>
   </trkpt>
   <trkpt lat="44.9898330" lon="10.4075150">
    <ele>24.1</ele>
    <time>2026-05-20T13:59:28Z</time>
   </trkpt>
   <trkpt lat="44.9898420" lon="10.4074920">
    <ele>24.1</ele>
    <time>2026-05-20T13:59:29Z</time>
   </trkpt>
   <trkpt lat="44.9898420" lon="10.4074910">
    <ele>24.1</ele>
    <time>2026-05-20T13:59:30Z</time>
   </trkpt>
   <trkpt lat="44.9898450" lon="10.4074920">
    <ele>24.1</ele>
    <time>2026-05-20T13:59:31Z</time>
   </trkpt>
   <trkpt lat="44.9898450" lon="10.4074920">
    <ele>24.1</ele>
    <time>2026-05-20T13:59:32Z</time>
   </trkpt>
   <trkpt lat="44.9898530" lon="10.4074980">
    <ele>24.0</ele>
    <time>2026-05-20T13:59:33Z</time>
   </trkpt>
   <trkpt lat="44.9898510" lon="10.4074940">
    <ele>24.0</ele>
    <time>2026-05-20T13:59:34Z</time>
   </trkpt>
   <trkpt lat="44.9898510" lon="10.4074940">
    <ele>24.0</ele>
    <time>2026-05-20T13:59:35Z</time>
   </trkpt>
   <trkpt lat="44.9898440" lon="10.4074910">
    <ele>24.0</ele>
    <time>2026-05-20T13:59:36Z</time>
   </trkpt>
   <trkpt lat="44.9898420" lon="10.4075020">
    <ele>24.0</ele>
    <time>2026-05-20T13:59:37Z</time>
   </trkpt>
   <trkpt lat="44.9898270" lon="10.4075100">
    <ele>24.0</ele>
    <time>2026-05-20T13:59:38Z</time>
   </trkpt>
   <trkpt lat="44.9898230" lon="10.4075190">
    <ele>24.0</ele>
    <time>2026-05-20T13:59:39Z</time>
   </trkpt>
   <trkpt lat="44.9898240" lon="10.4075300">
    <ele>24.0</ele>
    <time>2026-05-20T13:59:40Z</time>
   </trkpt>
   <trkpt lat="44.9898240" lon="10.4075300">
    <ele>24.0</ele>
    <time>2026-05-20T13:59:41Z</time>
   </trkpt>
   <trkpt lat="44.9898240" lon="10.4075300">
    <ele>24.0</ele>
    <time>2026-05-20T13:59:42Z</time>
   </trkpt>
   <trkpt lat="44.9898240" lon="10.4075300">
    <ele>24.0</ele>
    <time>2026-05-20T13:59:43Z</time>
   </trkpt>
   <trkpt lat="44.9898240" lon="10.4075300">
    <ele>24.0</ele>
    <time>2026-05-20T13:59:44Z</time>
   </trkpt>
   <trkpt lat="44.9898240" lon="10.4075300">
    <ele>24.0</ele>
    <time>2026-05-20T13:59:45Z</time>
   </trkpt>
   <trkpt lat="44.9898240" lon="10.4075300">
    <ele>24.0</ele>
    <time>2026-05-20T13:59:46Z</time>
   </trkpt>
   <trkpt lat="44.9898000" lon="10.4075200">
    <ele>24.0</ele>
    <time>2026-05-20T13:59:47Z</time>
   </trkpt>
   <trkpt lat="44.9898120" lon="10.4075360">
    <ele>24.0</ele>
    <time>2026-05-20T13:59:48Z</time>
   </trkpt>
   <trkpt lat="44.9898150" lon="10.4075350">
    <ele>24.0</ele>
    <time>2026-05-20T13:59:49Z</time>
   </trkpt>
   <trkpt lat="44.9898010" lon="10.4075200">
    <ele>24.0</ele>
    <time>2026-05-20T13:59:50Z</time>
   </trkpt>
   <trkpt lat="44.9898010" lon="10.4075200">
    <ele>24.0</ele>
    <time>2026-05-20T13:59:51Z</time>
   </trkpt>
   <trkpt lat="44.9898010" lon="10.4075200">
    <ele>24.0</ele>
    <time>2026-05-20T13:59:52Z</time>
   </trkpt>
   <trkpt lat="44.9897880" lon="10.4075260">
    <ele>24.0</ele>
    <time>2026-05-20T13:59:53Z</time>
   </trkpt>
   <trkpt lat="44.9897870" lon="10.4075330">
    <ele>24.0</ele>
    <time>2026-05-20T13:59:54Z</time>
   </trkpt>
   <trkpt lat="44.9897860" lon="10.4075310">
    <ele>24.0</ele>
    <time>2026-05-20T13:59:55Z</time>
   </trkpt>
   <trkpt lat="44.9897850" lon="10.4075290">
    <ele>24.0</ele>
    <time>2026-05-20T13:59:56Z</time>
   </trkpt>
   <trkpt lat="44.9897850" lon="10.4075270">
    <ele>24.0</ele>
    <time>2026-05-20T13:59:57Z</time>
   </trkpt>
   <trkpt lat="44.9897840" lon="10.4075250">
    <ele>24.0</ele>
    <time>2026-05-20T13:59:58Z</time>
   </trkpt>
   <trkpt lat="44.9897830" lon="10.4075230">
    <ele>24.0</ele>
    <time>2026-05-20T13:59:59Z</time>
   </trkpt>
   <trkpt lat="44.9897820" lon="10.4075210">
    <ele>24.0</ele>
    <time>2026-05-20T14:00:00Z</time>
   </trkpt>
   <trkpt lat="44.9897810" lon="10.4075190">
    <ele>24.0</ele>
    <time>2026-05-20T14:00:01Z</time>
   </trkpt>
   <trkpt lat="44.9897800" lon="10.4075170">
    <ele>24.0</ele>
    <time>2026-05-20T14:00:02Z</time>
   </trkpt>
   <trkpt lat="44.9897800" lon="10.4075150">
    <ele>24.0</ele>
    <time>2026-05-20T14:00:03Z</time>
   </trkpt>
   <trkpt lat="44.9897790" lon="10.4075130">
    <ele>24.0</ele>
    <time>2026-05-20T14:00:04Z</time>
   </trkpt>
   <trkpt lat="44.9897780" lon="10.4075110">
    <ele>24.0</ele>
    <time>2026-05-20T14:00:05Z</time>
   </trkpt>
   <trkpt lat="44.9897770" lon="10.4075090">
    <ele>24.0</ele>
    <time>2026-05-20T14:00:06Z</time>
   </trkpt>
   <trkpt lat="44.9897760" lon="10.4075070">
    <ele>24.0</ele>
    <time>2026-05-20T14:00:07Z</time>
   </trkpt>
   <trkpt lat="44.9897750" lon="10.4075050">
    <ele>24.0</ele>
    <time>2026-05-20T14:00:08Z</time>
   </trkpt>
   <trkpt lat="44.9897750" lon="10.4075030">
    <ele>24.0</ele>
    <time>2026-05-20T14:00:09Z</time>
   </trkpt>
   <trkpt lat="44.9897740" lon="10.4075010">
    <ele>24.0</ele>
    <time>2026-05-20T14:00:10Z</time>
   </trkpt>
   <trkpt lat="44.9897730" lon="10.4074990">
    <ele>24.0</ele>
    <time>2026-05-20T14:00:11Z</time>
   </trkpt>
   <trkpt lat="44.9897720" lon="10.4074970">
    <ele>24.0</ele>
    <time>2026-05-20T14:00:12Z</time>
   </trkpt>
   <trkpt lat="44.9897710" lon="10.4074950">
    <ele>24.0</ele>
    <time>2026-05-20T14:00:13Z</time>
   </trkpt>
   <trkpt lat="44.9897700" lon="10.4074930">
    <ele>24.0</ele>
    <time>2026-05-20T14:00:14Z</time>
   </trkpt>
   <trkpt lat="44.9897690" lon="10.4074910">
    <ele>24.0</ele>
    <time>2026-05-20T14:00:15Z</time>
   </trkpt>
   <trkpt lat="44.9897690" lon="10.4074890">
    <ele>24.0</ele>
    <time>2026-05-20T14:00:16Z</time>
   </trkpt>
   <trkpt lat="44.9897680" lon="10.4074870">
    <ele>24.0</ele>
    <time>2026-05-20T14:00:17Z</time>
   </trkpt>
   <trkpt lat="44.9897670" lon="10.4074850">
    <ele>24.0</ele>
    <time>2026-05-20T14:00:18Z</time>
   </trkpt>
   <trkpt lat="44.9897660" lon="10.4074830">
    <ele>24.0</ele>
    <time>2026-05-20T14:00:19Z</time>
   </trkpt>
   <trkpt lat="44.9897650" lon="10.4074810">
    <ele>24.0</ele>
    <time>2026-05-20T14:00:21Z</time>
   </trkpt>
   <trkpt lat="44.9897640" lon="10.4074790">
    <ele>24.0</ele>
    <time>2026-05-20T14:00:22Z</time>
   </trkpt>
   <trkpt lat="44.9897640" lon="10.4074770">
    <ele>24.0</ele>
    <time>2026-05-20T14:00:23Z</time>
   </trkpt>
   <trkpt lat="44.9897630" lon="10.4074750">
    <ele>24.0</ele>
    <time>2026-05-20T14:00:24Z</time>
   </trkpt>
   <trkpt lat="44.9897620" lon="10.4074730">
    <ele>24.0</ele>
    <time>2026-05-20T14:00:25Z</time>
   </trkpt>
   <trkpt lat="44.9897610" lon="10.4074710">
    <ele>24.0</ele>
    <time>2026-05-20T14:00:26Z</time>
   </trkpt>
   <trkpt lat="44.9897600" lon="10.4074690">
    <ele>24.0</ele>
    <time>2026-05-20T14:00:27Z</time>
   </trkpt>
   <trkpt lat="44.9897590" lon="10.4074670">
    <ele>24.0</ele>
    <time>2026-05-20T14:00:28Z</time>
   </trkpt>
   <trkpt lat="44.9897590" lon="10.4074650">
    <ele>24.0</ele>
    <time>2026-05-20T14:00:29Z</time>
   </trkpt>
   <trkpt lat="44.9897580" lon="10.4074630">
    <ele>24.0</ele>
    <time>2026-05-20T14:00:30Z</time>
   </trkpt>
   <trkpt lat="44.9897570" lon="10.4074610">
    <ele>24.0</ele>
    <time>2026-05-20T14:00:31Z</time>
   </trkpt>
   <trkpt lat="44.9897560" lon="10.4074590">
    <ele>24.0</ele>
    <time>2026-05-20T14:00:32Z</time>
   </trkpt>
   <trkpt lat="44.9897560" lon="10.4074740">
    <ele>24.0</ele>
    <time>2026-05-20T14:00:33Z</time>
   </trkpt>
   <trkpt lat="44.9897540" lon="10.4074850">
    <ele>24.0</ele>
    <time>2026-05-20T14:00:34Z</time>
   </trkpt>
   <trkpt lat="44.9897520" lon="10.4074970">
    <ele>24.0</ele>
    <time>2026-05-20T14:00:35Z</time>
   </trkpt>
   <trkpt lat="44.9897500" lon="10.4075080">
    <ele>24.0</ele>
    <time>2026-05-20T14:00:36Z</time>
   </trkpt>
   <trkpt lat="44.9897480" lon="10.4075190">
    <ele>24.0</ele>
    <time>2026-05-20T14:00:37Z</time>
   </trkpt>
   <trkpt lat="44.9897510" lon="10.4075310">
    <ele>24.0</ele>
    <time>2026-05-20T14:00:38Z</time>
   </trkpt>
   <trkpt lat="44.9897540" lon="10.4075250">
    <ele>24.0</ele>
    <time>2026-05-20T14:00:39Z</time>
   </trkpt>
   <trkpt lat="44.9897580" lon="10.4075180">
    <ele>24.0</ele>
    <time>2026-05-20T14:00:40Z</time>
   </trkpt>
   <trkpt lat="44.9897620" lon="10.4075120">
    <ele>24.0</ele>
    <time>2026-05-20T14:00:41Z</time>
   </trkpt>
   <trkpt lat="44.9897650" lon="10.4075050">
    <ele>24.0</ele>
    <time>2026-05-20T14:00:42Z</time>
   </trkpt>
   <trkpt lat="44.9897690" lon="10.4074990">
    <ele>24.0</ele>
    <time>2026-05-20T14:00:43Z</time>
   </trkpt>
   <trkpt lat="44.9897730" lon="10.4074920">
    <ele>23.9</ele>
    <time>2026-05-20T14:00:44Z</time>
   </trkpt>
   <trkpt lat="44.9897760" lon="10.4074860">
    <ele>23.9</ele>
    <time>2026-05-20T14:00:45Z</time>
   </trkpt>
   <trkpt lat="44.9897800" lon="10.4074790">
    <ele>23.9</ele>
    <time>2026-05-20T14:00:46Z</time>
   </trkpt>
   <trkpt lat="44.9897840" lon="10.4074410">
    <ele>23.9</ele>
    <time>2026-05-20T14:00:47Z</time>
   </trkpt>
   <trkpt lat="44.9897860" lon="10.4074280">
    <ele>23.9</ele>
    <time>2026-05-20T14:00:48Z</time>
   </trkpt>
   <trkpt lat="44.9898050" lon="10.4073830">
    <ele>23.9</ele>
    <time>2026-05-20T14:00:49Z</time>
   </trkpt>
   <trkpt lat="44.9898120" lon="10.4073660">
    <ele>23.9</ele>
    <time>2026-05-20T14:00:50Z</time>
   </trkpt>
   <trkpt lat="44.9898340" lon="10.4073370">
    <ele>23.9</ele>
    <time>2026-05-20T14:00:51Z</time>
   </trkpt>
   <trkpt lat="44.9898510" lon="10.4073010">
    <ele>23.9</ele>
    <time>2026-05-20T14:00:52Z</time>
   </trkpt>
   <trkpt lat="44.9898580" lon="10.4072870">
    <ele>23.9</ele>
    <time>2026-05-20T14:00:53Z</time>
   </trkpt>
   <trkpt lat="44.9898640" lon="10.4072700">
    <ele>23.9</ele>
    <time>2026-05-20T14:00:54Z</time>
   </trkpt>
   <trkpt lat="44.9898510" lon="10.4072460">
    <ele>23.9</ele>
    <time>2026-05-20T14:00:55Z</time>
   </trkpt>
   <trkpt lat="44.9898490" lon="10.4072090">
    <ele>23.9</ele>
    <time>2026-05-20T14:00:56Z</time>
   </trkpt>
   <trkpt lat="44.9898410" lon="10.4071940">
    <ele>23.9</ele>
    <time>2026-05-20T14:00:57Z</time>
   </trkpt>
   <trkpt lat="44.9898380" lon="10.4071900">
    <ele>23.9</ele>
    <time>2026-05-20T14:00:58Z</time>
   </trkpt>
   <trkpt lat="44.9898600" lon="10.4071860">
    <ele>23.9</ele>
    <time>2026-05-20T14:00:59Z</time>
   </trkpt>
   <trkpt lat="44.9898450" lon="10.4071650">
    <ele>23.9</ele>
    <time>2026-05-20T14:01:00Z</time>
   </trkpt>
   <trkpt lat="44.9898360" lon="10.4071690">
    <ele>23.9</ele>
    <time>2026-05-20T14:01:01Z</time>
   </trkpt>
   <trkpt lat="44.9898330" lon="10.4071660">
    <ele>23.9</ele>
    <time>2026-05-20T14:01:02Z</time>
   </trkpt>
   <trkpt lat="44.9898360" lon="10.4071740">
    <ele>23.9</ele>
    <time>2026-05-20T14:01:03Z</time>
   </trkpt>
   <trkpt lat="44.9898360" lon="10.4071730">
    <ele>23.9</ele>
    <time>2026-05-20T14:01:04Z</time>
   </trkpt>
   <trkpt lat="44.9898340" lon="10.4071730">
    <ele>23.9</ele>
    <time>2026-05-20T14:01:05Z</time>
   </trkpt>
   <trkpt lat="44.9898340" lon="10.4071730">
    <ele>23.9</ele>
    <time>2026-05-20T14:01:06Z</time>
   </trkpt>
   <trkpt lat="44.9898340" lon="10.4071730">
    <ele>23.9</ele>
    <time>2026-05-20T14:01:07Z</time>
   </trkpt>
   <trkpt lat="44.9898410" lon="10.4071830">
    <ele>23.9</ele>
    <time>2026-05-20T14:01:08Z</time>
   </trkpt>
   <trkpt lat="44.9898360" lon="10.4071660">
    <ele>23.9</ele>
    <time>2026-05-20T14:01:09Z</time>
   </trkpt>
   <trkpt lat="44.9898350" lon="10.4071680">
    <ele>23.9</ele>
    <time>2026-05-20T14:01:10Z</time>
   </trkpt>
   <trkpt lat="44.9898350" lon="10.4071680">
    <ele>23.9</ele>
    <time>2026-05-20T14:01:11Z</time>
   </trkpt>
   <trkpt lat="44.9898420" lon="10.4071820">
    <ele>23.9</ele>
    <time>2026-05-20T14:01:12Z</time>
   </trkpt>
   <trkpt lat="44.9898410" lon="10.4071770">
    <ele>23.9</ele>
    <time>2026-05-20T14:01:13Z</time>
   </trkpt>
   <trkpt lat="44.9898350" lon="10.4071650">
    <ele>23.9</ele>
    <time>2026-05-20T14:01:14Z</time>
   </trkpt>
   <trkpt lat="44.9898330" lon="10.4071720">
    <ele>23.9</ele>
    <time>2026-05-20T14:01:15Z</time>
   </trkpt>
   <trkpt lat="44.9898290" lon="10.4071650">
    <ele>23.9</ele>
    <time>2026-05-20T14:01:16Z</time>
   </trkpt>
   <trkpt lat="44.9898410" lon="10.4071550">
    <ele>23.9</ele>
    <time>2026-05-20T14:01:17Z</time>
   </trkpt>
   <trkpt lat="44.9898540" lon="10.4071540">
    <ele>23.9</ele>
    <time>2026-05-20T14:01:18Z</time>
   </trkpt>
   <trkpt lat="44.9898540" lon="10.4071540">
    <ele>23.9</ele>
    <time>2026-05-20T14:01:19Z</time>
   </trkpt>
   <trkpt lat="44.9898540" lon="10.4071540">
    <ele>23.9</ele>
    <time>2026-05-20T14:01:20Z</time>
   </trkpt>
   <trkpt lat="44.9898540" lon="10.4071540">
    <ele>23.9</ele>
    <time>2026-05-20T14:01:21Z</time>
   </trkpt>
   <trkpt lat="44.9898540" lon="10.4071540">
    <ele>23.9</ele>
    <time>2026-05-20T14:01:22Z</time>
   </trkpt>
   <trkpt lat="44.9898540" lon="10.4071540">
    <ele>23.9</ele>
    <time>2026-05-20T14:01:23Z</time>
   </trkpt>
   <trkpt lat="44.9898620" lon="10.4071400">
    <ele>23.9</ele>
    <time>2026-05-20T14:01:24Z</time>
   </trkpt>
   <trkpt lat="44.9898580" lon="10.4071410">
    <ele>23.9</ele>
    <time>2026-05-20T14:01:25Z</time>
   </trkpt>
   <trkpt lat="44.9898540" lon="10.4071420">
    <ele>23.9</ele>
    <time>2026-05-20T14:01:26Z</time>
   </trkpt>
   <trkpt lat="44.9898500" lon="10.4071440">
    <ele>23.9</ele>
    <time>2026-05-20T14:01:27Z</time>
   </trkpt>
   <trkpt lat="44.9898450" lon="10.4071450">
    <ele>23.9</ele>
    <time>2026-05-20T14:01:28Z</time>
   </trkpt>
   <trkpt lat="44.9898410" lon="10.4071460">
    <ele>23.9</ele>
    <time>2026-05-20T14:01:29Z</time>
   </trkpt>
   <trkpt lat="44.9898370" lon="10.4071470">
    <ele>23.9</ele>
    <time>2026-05-20T14:01:30Z</time>
   </trkpt>
   <trkpt lat="44.9898330" lon="10.4071480">
    <ele>23.9</ele>
    <time>2026-05-20T14:01:31Z</time>
   </trkpt>
   <trkpt lat="44.9898290" lon="10.4071490">
    <ele>23.9</ele>
    <time>2026-05-20T14:01:32Z</time>
   </trkpt>
   <trkpt lat="44.9898250" lon="10.4071510">
    <ele>23.9</ele>
    <time>2026-05-20T14:01:33Z</time>
   </trkpt>
   <trkpt lat="44.9898200" lon="10.4071520">
    <ele>23.9</ele>
    <time>2026-05-20T14:01:34Z</time>
   </trkpt>
   <trkpt lat="44.9898160" lon="10.4071530">
    <ele>23.9</ele>
    <time>2026-05-20T14:01:35Z</time>
   </trkpt>
   <trkpt lat="44.9898120" lon="10.4071540">
    <ele>23.9</ele>
    <time>2026-05-20T14:01:36Z</time>
   </trkpt>
   <trkpt lat="44.9898210" lon="10.4071440">
    <ele>23.9</ele>
    <time>2026-05-20T14:01:37Z</time>
   </trkpt>
   <trkpt lat="44.9898230" lon="10.4071390">
    <ele>23.9</ele>
    <time>2026-05-20T14:01:38Z</time>
   </trkpt>
   <trkpt lat="44.9898240" lon="10.4071340">
    <ele>23.9</ele>
    <time>2026-05-20T14:01:39Z</time>
   </trkpt>
   <trkpt lat="44.9898260" lon="10.4071290">
    <ele>23.9</ele>
    <time>2026-05-20T14:01:40Z</time>
   </trkpt>
   <trkpt lat="44.9898270" lon="10.4071240">
    <ele>23.9</ele>
    <time>2026-05-20T14:01:41Z</time>
   </trkpt>
   <trkpt lat="44.9898290" lon="10.4071200">
    <ele>23.9</ele>
    <time>2026-05-20T14:01:42Z</time>
   </trkpt>
   <trkpt lat="44.9898300" lon="10.4071150">
    <ele>23.9</ele>
    <time>2026-05-20T14:01:43Z</time>
   </trkpt>
   <trkpt lat="44.9898320" lon="10.4071100">
    <ele>23.9</ele>
    <time>2026-05-20T14:01:44Z</time>
   </trkpt>
   <trkpt lat="44.9898330" lon="10.4071050">
    <ele>23.9</ele>
    <time>2026-05-20T14:01:45Z</time>
   </trkpt>
   <trkpt lat="44.9898350" lon="10.4071000">
    <ele>23.9</ele>
    <time>2026-05-20T14:01:46Z</time>
   </trkpt>
   <trkpt lat="44.9898360" lon="10.4070950">
    <ele>23.9</ele>
    <time>2026-05-20T14:01:47Z</time>
   </trkpt>
   <trkpt lat="44.9898360" lon="10.4070950">
    <ele>23.9</ele>
    <time>2026-05-20T14:01:48Z</time>
   </trkpt>
   <trkpt lat="44.9898360" lon="10.4070950">
    <ele>23.9</ele>
    <time>2026-05-20T14:01:49Z</time>
   </trkpt>
   <trkpt lat="44.9898540" lon="10.4071140">
    <ele>23.9</ele>
    <time>2026-05-20T14:01:50Z</time>
   </trkpt>
   <trkpt lat="44.9898540" lon="10.4071140">
    <ele>23.9</ele>
    <time>2026-05-20T14:01:51Z</time>
   </trkpt>
   <trkpt lat="44.9898680" lon="10.4071160">
    <ele>23.9</ele>
    <time>2026-05-20T14:01:52Z</time>
   </trkpt>
   <trkpt lat="44.9898610" lon="10.4071100">
    <ele>23.9</ele>
    <time>2026-05-20T14:01:53Z</time>
   </trkpt>
   <trkpt lat="44.9898600" lon="10.4071120">
    <ele>23.9</ele>
    <time>2026-05-20T14:01:54Z</time>
   </trkpt>
   <trkpt lat="44.9898710" lon="10.4070940">
    <ele>23.9</ele>
    <time>2026-05-20T14:01:55Z</time>
   </trkpt>
   <trkpt lat="44.9898780" lon="10.4070840">
    <ele>24.0</ele>
    <time>2026-05-20T14:01:56Z</time>
   </trkpt>
   <trkpt lat="44.9898700" lon="10.4070790">
    <ele>24.0</ele>
    <time>2026-05-20T14:01:57Z</time>
   </trkpt>
   <trkpt lat="44.9898440" lon="10.4070840">
    <ele>24.0</ele>
    <time>2026-05-20T14:01:58Z</time>
   </trkpt>
   <trkpt lat="44.9898560" lon="10.4070980">
    <ele>24.0</ele>
    <time>2026-05-20T14:01:59Z</time>
   </trkpt>
   <trkpt lat="44.9898590" lon="10.4071080">
    <ele>24.0</ele>
    <time>2026-05-20T14:02:00Z</time>
   </trkpt>
   <trkpt lat="44.9898630" lon="10.4071190">
    <ele>24.0</ele>
    <time>2026-05-20T14:02:01Z</time>
   </trkpt>
   <trkpt lat="44.9898660" lon="10.4071300">
    <ele>24.0</ele>
    <time>2026-05-20T14:02:02Z</time>
   </trkpt>
   <trkpt lat="44.9898650" lon="10.4071440">
    <ele>24.0</ele>
    <time>2026-05-20T14:02:03Z</time>
   </trkpt>
   <trkpt lat="44.9898660" lon="10.4071440">
    <ele>24.0</ele>
    <time>2026-05-20T14:02:04Z</time>
   </trkpt>
   <trkpt lat="44.9898660" lon="10.4071440">
    <ele>24.0</ele>
    <time>2026-05-20T14:02:05Z</time>
   </trkpt>
   <trkpt lat="44.9898660" lon="10.4071440">
    <ele>24.0</ele>
    <time>2026-05-20T14:02:06Z</time>
   </trkpt>
   <trkpt lat="44.9898660" lon="10.4071440">
    <ele>24.0</ele>
    <time>2026-05-20T14:02:07Z</time>
   </trkpt>
   <trkpt lat="44.9898660" lon="10.4071440">
    <ele>24.0</ele>
    <time>2026-05-20T14:02:08Z</time>
   </trkpt>
   <trkpt lat="44.9898660" lon="10.4071440">
    <ele>24.0</ele>
    <time>2026-05-20T14:02:09Z</time>
   </trkpt>
   <trkpt lat="44.9898630" lon="10.4071750">
    <ele>24.0</ele>
    <time>2026-05-20T14:02:10Z</time>
   </trkpt>
   <trkpt lat="44.9898610" lon="10.4071650">
    <ele>24.0</ele>
    <time>2026-05-20T14:02:11Z</time>
   </trkpt>
   <trkpt lat="44.9898790" lon="10.4071800">
    <ele>24.0</ele>
    <time>2026-05-20T14:02:12Z</time>
   </trkpt>
   <trkpt lat="44.9898790" lon="10.4071740">
    <ele>24.0</ele>
    <time>2026-05-20T14:02:13Z</time>
   </trkpt>
   <trkpt lat="44.9898700" lon="10.4071630">
    <ele>24.0</ele>
    <time>2026-05-20T14:02:14Z</time>
   </trkpt>
   <trkpt lat="44.9898720" lon="10.4071590">
    <ele>24.0</ele>
    <time>2026-05-20T14:02:15Z</time>
   </trkpt>
   <trkpt lat="44.9898790" lon="10.4071620">
    <ele>24.0</ele>
    <time>2026-05-20T14:02:16Z</time>
   </trkpt>
   <trkpt lat="44.9898690" lon="10.4071450">
    <ele>24.0</ele>
    <time>2026-05-20T14:02:17Z</time>
   </trkpt>
   <trkpt lat="44.9898640" lon="10.4071390">
    <ele>24.0</ele>
    <time>2026-05-20T14:02:18Z</time>
   </trkpt>
   <trkpt lat="44.9898690" lon="10.4071360">
    <ele>24.0</ele>
    <time>2026-05-20T14:02:19Z</time>
   </trkpt>
   <trkpt lat="44.9898750" lon="10.4071390">
    <ele>24.0</ele>
    <time>2026-05-20T14:02:20Z</time>
   </trkpt>
   <trkpt lat="44.9898710" lon="10.4071330">
    <ele>24.0</ele>
    <time>2026-05-20T14:02:21Z</time>
   </trkpt>
   <trkpt lat="44.9898740" lon="10.4071320">
    <ele>24.0</ele>
    <time>2026-05-20T14:02:22Z</time>
   </trkpt>
   <trkpt lat="44.9898700" lon="10.4071320">
    <ele>24.0</ele>
    <time>2026-05-20T14:02:23Z</time>
   </trkpt>
   <trkpt lat="44.9898730" lon="10.4071310">
    <ele>24.0</ele>
    <time>2026-05-20T14:02:24Z</time>
   </trkpt>
   <trkpt lat="44.9898730" lon="10.4071320">
    <ele>24.0</ele>
    <time>2026-05-20T14:02:25Z</time>
   </trkpt>
   <trkpt lat="44.9899000" lon="10.4071500">
    <ele>24.0</ele>
    <time>2026-05-20T14:02:26Z</time>
   </trkpt>
   <trkpt lat="44.9899030" lon="10.4071630">
    <ele>24.0</ele>
    <time>2026-05-20T14:02:27Z</time>
   </trkpt>
   <trkpt lat="44.9898990" lon="10.4071600">
    <ele>24.0</ele>
    <time>2026-05-20T14:02:28Z</time>
   </trkpt>
   <trkpt lat="44.9898980" lon="10.4071560">
    <ele>24.0</ele>
    <time>2026-05-20T14:02:29Z</time>
   </trkpt>
   <trkpt lat="44.9898970" lon="10.4071530">
    <ele>24.0</ele>
    <time>2026-05-20T14:02:30Z</time>
   </trkpt>
   <trkpt lat="44.9898970" lon="10.4071530">
    <ele>24.0</ele>
    <time>2026-05-20T14:02:31Z</time>
   </trkpt>
   <trkpt lat="44.9898940" lon="10.4071660">
    <ele>24.0</ele>
    <time>2026-05-20T14:02:32Z</time>
   </trkpt>
   <trkpt lat="44.9898890" lon="10.4071700">
    <ele>24.0</ele>
    <time>2026-05-20T14:02:33Z</time>
   </trkpt>
   <trkpt lat="44.9898850" lon="10.4071770">
    <ele>24.0</ele>
    <time>2026-05-20T14:02:34Z</time>
   </trkpt>
   <trkpt lat="44.9898820" lon="10.4071710">
    <ele>24.0</ele>
    <time>2026-05-20T14:02:35Z</time>
   </trkpt>
   <trkpt lat="44.9898780" lon="10.4071730">
    <ele>24.0</ele>
    <time>2026-05-20T14:02:36Z</time>
   </trkpt>
   <trkpt lat="44.9898760" lon="10.4071670">
    <ele>24.0</ele>
    <time>2026-05-20T14:02:37Z</time>
   </trkpt>
   <trkpt lat="44.9898620" lon="10.4071630">
    <ele>24.1</ele>
    <time>2026-05-20T14:02:38Z</time>
   </trkpt>
   <trkpt lat="44.9898590" lon="10.4071620">
    <ele>24.1</ele>
    <time>2026-05-20T14:02:39Z</time>
   </trkpt>
   <trkpt lat="44.9898560" lon="10.4071700">
    <ele>24.1</ele>
    <time>2026-05-20T14:02:40Z</time>
   </trkpt>
   <trkpt lat="44.9898490" lon="10.4071660">
    <ele>24.1</ele>
    <time>2026-05-20T14:02:41Z</time>
   </trkpt>
   <trkpt lat="44.9898460" lon="10.4071710">
    <ele>24.1</ele>
    <time>2026-05-20T14:02:42Z</time>
   </trkpt>
   <trkpt lat="44.9898460" lon="10.4071710">
    <ele>24.1</ele>
    <time>2026-05-20T14:02:43Z</time>
   </trkpt>
   <trkpt lat="44.9898460" lon="10.4071710">
    <ele>24.1</ele>
    <time>2026-05-20T14:02:44Z</time>
   </trkpt>
   <trkpt lat="44.9898300" lon="10.4071600">
    <ele>24.1</ele>
    <time>2026-05-20T14:02:45Z</time>
   </trkpt>
   <trkpt lat="44.9898320" lon="10.4071660">
    <ele>24.1</ele>
    <time>2026-05-20T14:02:46Z</time>
   </trkpt>
   <trkpt lat="44.9898320" lon="10.4071660">
    <ele>24.1</ele>
    <time>2026-05-20T14:02:47Z</time>
   </trkpt>
   <trkpt lat="44.9898320" lon="10.4071660">
    <ele>24.1</ele>
    <time>2026-05-20T14:02:48Z</time>
   </trkpt>
   <trkpt lat="44.9898320" lon="10.4071660">
    <ele>24.1</ele>
    <time>2026-05-20T14:02:49Z</time>
   </trkpt>
   <trkpt lat="44.9898440" lon="10.4071480">
    <ele>24.1</ele>
    <time>2026-05-20T14:02:50Z</time>
   </trkpt>
   <trkpt lat="44.9898480" lon="10.4071500">
    <ele>24.1</ele>
    <time>2026-05-20T14:02:51Z</time>
   </trkpt>
   <trkpt lat="44.9898560" lon="10.4071590">
    <ele>24.1</ele>
    <time>2026-05-20T14:02:52Z</time>
   </trkpt>
   <trkpt lat="44.9898560" lon="10.4071590">
    <ele>24.1</ele>
    <time>2026-05-20T14:02:53Z</time>
   </trkpt>
   <trkpt lat="44.9898620" lon="10.4071530">
    <ele>24.1</ele>
    <time>2026-05-20T14:02:54Z</time>
   </trkpt>
   <trkpt lat="44.9898610" lon="10.4071480">
    <ele>24.1</ele>
    <time>2026-05-20T14:02:55Z</time>
   </trkpt>
   <trkpt lat="44.9898590" lon="10.4071510">
    <ele>24.1</ele>
    <time>2026-05-20T14:02:56Z</time>
   </trkpt>
   <trkpt lat="44.9898610" lon="10.4071580">
    <ele>24.1</ele>
    <time>2026-05-20T14:02:57Z</time>
   </trkpt>
   <trkpt lat="44.9898790" lon="10.4071650">
    <ele>24.1</ele>
    <time>2026-05-20T14:02:58Z</time>
   </trkpt>
   <trkpt lat="44.9898920" lon="10.4071740">
    <ele>24.1</ele>
    <time>2026-05-20T14:02:59Z</time>
   </trkpt>
   <trkpt lat="44.9898930" lon="10.4071790">
    <ele>24.1</ele>
    <time>2026-05-20T14:03:00Z</time>
   </trkpt>
   <trkpt lat="44.9898820" lon="10.4071770">
    <ele>24.1</ele>
    <time>2026-05-20T14:03:01Z</time>
   </trkpt>
   <trkpt lat="44.9898750" lon="10.4071720">
    <ele>24.1</ele>
    <time>2026-05-20T14:03:02Z</time>
   </trkpt>
   <trkpt lat="44.9898670" lon="10.4071720">
    <ele>24.1</ele>
    <time>2026-05-20T14:03:03Z</time>
   </trkpt>
   <trkpt lat="44.9898710" lon="10.4071760">
    <ele>24.1</ele>
    <time>2026-05-20T14:03:04Z</time>
   </trkpt>
   <trkpt lat="44.9898600" lon="10.4071580">
    <ele>24.1</ele>
    <time>2026-05-20T14:03:05Z</time>
   </trkpt>
   <trkpt lat="44.9898590" lon="10.4071590">
    <ele>24.1</ele>
    <time>2026-05-20T14:03:06Z</time>
   </trkpt>
   <trkpt lat="44.9898590" lon="10.4071590">
    <ele>24.1</ele>
    <time>2026-05-20T14:03:07Z</time>
   </trkpt>
   <trkpt lat="44.9898590" lon="10.4071590">
    <ele>24.1</ele>
    <time>2026-05-20T14:03:08Z</time>
   </trkpt>
   <trkpt lat="44.9898720" lon="10.4071850">
    <ele>24.1</ele>
    <time>2026-05-20T14:03:09Z</time>
   </trkpt>
   <trkpt lat="44.9898710" lon="10.4071850">
    <ele>24.1</ele>
    <time>2026-05-20T14:03:10Z</time>
   </trkpt>
   <trkpt lat="44.9898740" lon="10.4071920">
    <ele>24.1</ele>
    <time>2026-05-20T14:03:11Z</time>
   </trkpt>
   <trkpt lat="44.9898740" lon="10.4071920">
    <ele>24.1</ele>
    <time>2026-05-20T14:03:12Z</time>
   </trkpt>
   <trkpt lat="44.9898740" lon="10.4071920">
    <ele>24.1</ele>
    <time>2026-05-20T14:03:13Z</time>
   </trkpt>
   <trkpt lat="44.9898740" lon="10.4071920">
    <ele>24.1</ele>
    <time>2026-05-20T14:03:14Z</time>
   </trkpt>
   <trkpt lat="44.9898740" lon="10.4071920">
    <ele>24.1</ele>
    <time>2026-05-20T14:03:15Z</time>
   </trkpt>
   <trkpt lat="44.9898740" lon="10.4071920">
    <ele>24.1</ele>
    <time>2026-05-20T14:03:16Z</time>
   </trkpt>
   <trkpt lat="44.9899000" lon="10.4071890">
    <ele>24.1</ele>
    <time>2026-05-20T14:03:17Z</time>
   </trkpt>
   <trkpt lat="44.9899000" lon="10.4071890">
    <ele>24.1</ele>
    <time>2026-05-20T14:03:18Z</time>
   </trkpt>
   <trkpt lat="44.9898980" lon="10.4071730">
    <ele>24.1</ele>
    <time>2026-05-20T14:03:19Z</time>
   </trkpt>
   <trkpt lat="44.9899120" lon="10.4071870">
    <ele>24.1</ele>
    <time>2026-05-20T14:03:20Z</time>
   </trkpt>
   <trkpt lat="44.9899240" lon="10.4071820">
    <ele>24.1</ele>
    <time>2026-05-20T14:03:21Z</time>
   </trkpt>
   <trkpt lat="44.9899360" lon="10.4071760">
    <ele>24.2</ele>
    <time>2026-05-20T14:03:22Z</time>
   </trkpt>
   <trkpt lat="44.9899480" lon="10.4071710">
    <ele>24.2</ele>
    <time>2026-05-20T14:03:23Z</time>
   </trkpt>
   <trkpt lat="44.9899320" lon="10.4071570">
    <ele>24.2</ele>
    <time>2026-05-20T14:03:24Z</time>
   </trkpt>
   <trkpt lat="44.9899170" lon="10.4071430">
    <ele>24.2</ele>
    <time>2026-05-20T14:03:25Z</time>
   </trkpt>
   <trkpt lat="44.9899020" lon="10.4071280">
    <ele>24.2</ele>
    <time>2026-05-20T14:03:26Z</time>
   </trkpt>
   <trkpt lat="44.9898870" lon="10.4071140">
    <ele>24.2</ele>
    <time>2026-05-20T14:03:27Z</time>
   </trkpt>
   <trkpt lat="44.9898930" lon="10.4071190">
    <ele>24.2</ele>
    <time>2026-05-20T14:03:28Z</time>
   </trkpt>
   <trkpt lat="44.9898950" lon="10.4071220">
    <ele>24.2</ele>
    <time>2026-05-20T14:03:29Z</time>
   </trkpt>
   <trkpt lat="44.9898960" lon="10.4071260">
    <ele>24.2</ele>
    <time>2026-05-20T14:03:30Z</time>
   </trkpt>
   <trkpt lat="44.9898980" lon="10.4071290">
    <ele>24.2</ele>
    <time>2026-05-20T14:03:31Z</time>
   </trkpt>
   <trkpt lat="44.9898990" lon="10.4071320">
    <ele>24.2</ele>
    <time>2026-05-20T14:03:32Z</time>
   </trkpt>
   <trkpt lat="44.9899010" lon="10.4071350">
    <ele>24.2</ele>
    <time>2026-05-20T14:03:33Z</time>
   </trkpt>
   <trkpt lat="44.9899020" lon="10.4071380">
    <ele>24.2</ele>
    <time>2026-05-20T14:03:34Z</time>
   </trkpt>
   <trkpt lat="44.9899040" lon="10.4071410">
    <ele>24.2</ele>
    <time>2026-05-20T14:03:35Z</time>
   </trkpt>
   <trkpt lat="44.9899050" lon="10.4071450">
    <ele>24.2</ele>
    <time>2026-05-20T14:03:36Z</time>
   </trkpt>
   <trkpt lat="44.9899070" lon="10.4071480">
    <ele>24.2</ele>
    <time>2026-05-20T14:03:37Z</time>
   </trkpt>
   <trkpt lat="44.9899080" lon="10.4071510">
    <ele>24.2</ele>
    <time>2026-05-20T14:03:38Z</time>
   </trkpt>
   <trkpt lat="44.9899100" lon="10.4071540">
    <ele>24.2</ele>
    <time>2026-05-20T14:03:39Z</time>
   </trkpt>
   <trkpt lat="44.9899110" lon="10.4071570">
    <ele>24.2</ele>
    <time>2026-05-20T14:03:40Z</time>
   </trkpt>
   <trkpt lat="44.9899130" lon="10.4071600">
    <ele>24.2</ele>
    <time>2026-05-20T14:03:41Z</time>
   </trkpt>
   <trkpt lat="44.9899140" lon="10.4071640">
    <ele>24.2</ele>
    <time>2026-05-20T14:03:42Z</time>
   </trkpt>
   <trkpt lat="44.9899160" lon="10.4071670">
    <ele>24.2</ele>
    <time>2026-05-20T14:03:43Z</time>
   </trkpt>
   <trkpt lat="44.9899170" lon="10.4071700">
    <ele>24.2</ele>
    <time>2026-05-20T14:03:44Z</time>
   </trkpt>
   <trkpt lat="44.9899240" lon="10.4071620">
    <ele>24.2</ele>
    <time>2026-05-20T14:03:45Z</time>
   </trkpt>
   <trkpt lat="44.9899300" lon="10.4071810">
    <ele>24.2</ele>
    <time>2026-05-20T14:03:46Z</time>
   </trkpt>
   <trkpt lat="44.9899250" lon="10.4071680">
    <ele>24.2</ele>
    <time>2026-05-20T14:03:47Z</time>
   </trkpt>
   <trkpt lat="44.9899230" lon="10.4071680">
    <ele>24.2</ele>
    <time>2026-05-20T14:03:48Z</time>
   </trkpt>
   <trkpt lat="44.9899190" lon="10.4071580">
    <ele>24.2</ele>
    <time>2026-05-20T14:03:49Z</time>
   </trkpt>
   <trkpt lat="44.9899270" lon="10.4071570">
    <ele>24.2</ele>
    <time>2026-05-20T14:03:50Z</time>
   </trkpt>
   <trkpt lat="44.9899290" lon="10.4071610">
    <ele>24.2</ele>
    <time>2026-05-20T14:03:51Z</time>
   </trkpt>
   <trkpt lat="44.9899190" lon="10.4071530">
    <ele>24.2</ele>
    <time>2026-05-20T14:03:52Z</time>
   </trkpt>
   <trkpt lat="44.9899190" lon="10.4071530">
    <ele>24.2</ele>
    <time>2026-05-20T14:03:53Z</time>
   </trkpt>
   <trkpt lat="44.9899050" lon="10.4071580">
    <ele>24.2</ele>
    <time>2026-05-20T14:03:54Z</time>
   </trkpt>
   <trkpt lat="44.9899050" lon="10.4071540">
    <ele>24.2</ele>
    <time>2026-05-20T14:03:55Z</time>
   </trkpt>
   <trkpt lat="44.9899050" lon="10.4071540">
    <ele>24.2</ele>
    <time>2026-05-20T14:03:56Z</time>
   </trkpt>
   <trkpt lat="44.9899050" lon="10.4071540">
    <ele>24.2</ele>
    <time>2026-05-20T14:03:57Z</time>
   </trkpt>
   <trkpt lat="44.9899000" lon="10.4071640">
    <ele>24.2</ele>
    <time>2026-05-20T14:03:58Z</time>
   </trkpt>
   <trkpt lat="44.9898900" lon="10.4071540">
    <ele>24.2</ele>
    <time>2026-05-20T14:03:59Z</time>
   </trkpt>
   <trkpt lat="44.9898870" lon="10.4071580">
    <ele>24.2</ele>
    <time>2026-05-20T14:04:00Z</time>
   </trkpt>
   <trkpt lat="44.9898850" lon="10.4071510">
    <ele>24.2</ele>
    <time>2026-05-20T14:04:01Z</time>
   </trkpt>
   <trkpt lat="44.9898850" lon="10.4071510">
    <ele>24.2</ele>
    <time>2026-05-20T14:04:02Z</time>
   </trkpt>
   <trkpt lat="44.9898750" lon="10.4071410">
    <ele>24.2</ele>
    <time>2026-05-20T14:04:03Z</time>
   </trkpt>
   <trkpt lat="44.9898730" lon="10.4071410">
    <ele>24.2</ele>
    <time>2026-05-20T14:04:04Z</time>
   </trkpt>
   <trkpt lat="44.9898730" lon="10.4071410">
    <ele>24.2</ele>
    <time>2026-05-20T14:04:05Z</time>
   </trkpt>
   <trkpt lat="44.9898620" lon="10.4071390">
    <ele>24.2</ele>
    <time>2026-05-20T14:04:06Z</time>
   </trkpt>
   <trkpt lat="44.9898720" lon="10.4071620">
    <ele>24.2</ele>
    <time>2026-05-20T14:04:07Z</time>
   </trkpt>
   <trkpt lat="44.9898750" lon="10.4071670">
    <ele>24.2</ele>
    <time>2026-05-20T14:04:08Z</time>
   </trkpt>
   <trkpt lat="44.9898780" lon="10.4071720">
    <ele>24.3</ele>
    <time>2026-05-20T14:04:09Z</time>
   </trkpt>
   <trkpt lat="44.9898800" lon="10.4071780">
    <ele>24.3</ele>
    <time>2026-05-20T14:04:10Z</time>
   </trkpt>
   <trkpt lat="44.9898830" lon="10.4071830">
    <ele>24.3</ele>
    <time>2026-05-20T14:04:11Z</time>
   </trkpt>
   <trkpt lat="44.9898860" lon="10.4071880">
    <ele>24.3</ele>
    <time>2026-05-20T14:04:12Z</time>
   </trkpt>
   <trkpt lat="44.9898860" lon="10.4071880">
    <ele>24.3</ele>
    <time>2026-05-20T14:04:13Z</time>
   </trkpt>
   <trkpt lat="44.9898860" lon="10.4071880">
    <ele>24.3</ele>
    <time>2026-05-20T14:04:14Z</time>
   </trkpt>
   <trkpt lat="44.9898860" lon="10.4071880">
    <ele>24.3</ele>
    <time>2026-05-20T14:04:15Z</time>
   </trkpt>
   <trkpt lat="44.9898860" lon="10.4071880">
    <ele>24.3</ele>
    <time>2026-05-20T14:04:16Z</time>
   </trkpt>
   <trkpt lat="44.9898990" lon="10.4072150">
    <ele>24.3</ele>
    <time>2026-05-20T14:04:17Z</time>
   </trkpt>
   <trkpt lat="44.9898980" lon="10.4072160">
    <ele>24.3</ele>
    <time>2026-05-20T14:04:18Z</time>
   </trkpt>
   <trkpt lat="44.9899180" lon="10.4072070">
    <ele>24.3</ele>
    <time>2026-05-20T14:04:19Z</time>
   </trkpt>
   <trkpt lat="44.9899240" lon="10.4072480">
    <ele>24.3</ele>
    <time>2026-05-20T14:04:20Z</time>
   </trkpt>
   <trkpt lat="44.9899610" lon="10.4072320">
    <ele>24.3</ele>
    <time>2026-05-20T14:04:21Z</time>
   </trkpt>
   <trkpt lat="44.9899320" lon="10.4072130">
    <ele>24.3</ele>
    <time>2026-05-20T14:04:22Z</time>
   </trkpt>
   <trkpt lat="44.9899220" lon="10.4072020">
    <ele>24.3</ele>
    <time>2026-05-20T14:04:23Z</time>
   </trkpt>
   <trkpt lat="44.9899280" lon="10.4071960">
    <ele>24.3</ele>
    <time>2026-05-20T14:04:24Z</time>
   </trkpt>
   <trkpt lat="44.9899290" lon="10.4071800">
    <ele>24.3</ele>
    <time>2026-05-20T14:04:25Z</time>
   </trkpt>
   <trkpt lat="44.9899450" lon="10.4072000">
    <ele>24.3</ele>
    <time>2026-05-20T14:04:26Z</time>
   </trkpt>
   <trkpt lat="44.9899340" lon="10.4071810">
    <ele>24.3</ele>
    <time>2026-05-20T14:04:27Z</time>
   </trkpt>
   <trkpt lat="44.9899430" lon="10.4071770">
    <ele>24.3</ele>
    <time>2026-05-20T14:04:28Z</time>
   </trkpt>
   <trkpt lat="44.9899120" lon="10.4071510">
    <ele>24.3</ele>
    <time>2026-05-20T14:04:29Z</time>
   </trkpt>
   <trkpt lat="44.9898980" lon="10.4071480">
    <ele>24.3</ele>
    <time>2026-05-20T14:04:30Z</time>
   </trkpt>
   <trkpt lat="44.9898710" lon="10.4071160">
    <ele>24.4</ele>
    <time>2026-05-20T14:04:31Z</time>
   </trkpt>
   <trkpt lat="44.9898700" lon="10.4071160">
    <ele>24.4</ele>
    <time>2026-05-20T14:04:32Z</time>
   </trkpt>
   <trkpt lat="44.9898650" lon="10.4071080">
    <ele>24.4</ele>
    <time>2026-05-20T14:04:33Z</time>
   </trkpt>
   <trkpt lat="44.9898660" lon="10.4071120">
    <ele>24.4</ele>
    <time>2026-05-20T14:04:34Z</time>
   </trkpt>
   <trkpt lat="44.9898610" lon="10.4071160">
    <ele>24.4</ele>
    <time>2026-05-20T14:04:35Z</time>
   </trkpt>
   <trkpt lat="44.9898690" lon="10.4071210">
    <ele>24.4</ele>
    <time>2026-05-20T14:04:36Z</time>
   </trkpt>
   <trkpt lat="44.9898580" lon="10.4071090">
    <ele>24.4</ele>
    <time>2026-05-20T14:04:37Z</time>
   </trkpt>
   <trkpt lat="44.9898520" lon="10.4071060">
    <ele>24.4</ele>
    <time>2026-05-20T14:04:38Z</time>
   </trkpt>
   <trkpt lat="44.9898470" lon="10.4071090">
    <ele>24.4</ele>
    <time>2026-05-20T14:04:39Z</time>
   </trkpt>
   <trkpt lat="44.9898730" lon="10.4071070">
    <ele>24.4</ele>
    <time>2026-05-20T14:04:40Z</time>
   </trkpt>
   <trkpt lat="44.9898780" lon="10.4070900">
    <ele>24.4</ele>
    <time>2026-05-20T14:04:41Z</time>
   </trkpt>
   <trkpt lat="44.9898790" lon="10.4070750">
    <ele>24.4</ele>
    <time>2026-05-20T14:04:42Z</time>
   </trkpt>
   <trkpt lat="44.9899000" lon="10.4070440">
    <ele>24.4</ele>
    <time>2026-05-20T14:04:43Z</time>
   </trkpt>
   <trkpt lat="44.9899100" lon="10.4070310">
    <ele>24.4</ele>
    <time>2026-05-20T14:04:44Z</time>
   </trkpt>
   <trkpt lat="44.9899190" lon="10.4069800">
    <ele>24.4</ele>
    <time>2026-05-20T14:04:45Z</time>
   </trkpt>
   <trkpt lat="44.9899170" lon="10.4069630">
    <ele>24.4</ele>
    <time>2026-05-20T14:04:46Z</time>
   </trkpt>
   <trkpt lat="44.9899250" lon="10.4069140">
    <ele>24.4</ele>
    <time>2026-05-20T14:04:47Z</time>
   </trkpt>
   <trkpt lat="44.9899320" lon="10.4068940">
    <ele>24.4</ele>
    <time>2026-05-20T14:04:48Z</time>
   </trkpt>
   <trkpt lat="44.9899500" lon="10.4068520">
    <ele>24.4</ele>
    <time>2026-05-20T14:04:49Z</time>
   </trkpt>
   <trkpt lat="44.9899610" lon="10.4067970">
    <ele>24.4</ele>
    <time>2026-05-20T14:04:50Z</time>
   </trkpt>
   <trkpt lat="44.9899720" lon="10.4067430">
    <ele>24.4</ele>
    <time>2026-05-20T14:04:51Z</time>
   </trkpt>
   <trkpt lat="44.9899790" lon="10.4067190">
    <ele>24.4</ele>
    <time>2026-05-20T14:04:52Z</time>
   </trkpt>
   <trkpt lat="44.9900010" lon="10.4066790">
    <ele>24.4</ele>
    <time>2026-05-20T14:04:53Z</time>
   </trkpt>
   <trkpt lat="44.9900170" lon="10.4066390">
    <ele>24.4</ele>
    <time>2026-05-20T14:04:54Z</time>
   </trkpt>
   <trkpt lat="44.9900280" lon="10.4066030">
    <ele>24.4</ele>
    <time>2026-05-20T14:04:55Z</time>
   </trkpt>
   <trkpt lat="44.9900440" lon="10.4065650">
    <ele>24.4</ele>
    <time>2026-05-20T14:04:56Z</time>
   </trkpt>
   <trkpt lat="44.9900740" lon="10.4065190">
    <ele>24.4</ele>
    <time>2026-05-20T14:04:57Z</time>
   </trkpt>
   <trkpt lat="44.9900870" lon="10.4064930">
    <ele>24.4</ele>
    <time>2026-05-20T14:04:58Z</time>
   </trkpt>
   <trkpt lat="44.9901000" lon="10.4064370">
    <ele>24.4</ele>
    <time>2026-05-20T14:04:59Z</time>
   </trkpt>
   <trkpt lat="44.9901150" lon="10.4063790">
    <ele>24.4</ele>
    <time>2026-05-20T14:05:00Z</time>
   </trkpt>
   <trkpt lat="44.9901250" lon="10.4063140">
    <ele>24.4</ele>
    <time>2026-05-20T14:05:01Z</time>
   </trkpt>
   <trkpt lat="44.9901350" lon="10.4062670">
    <ele>24.4</ele>
    <time>2026-05-20T14:05:02Z</time>
   </trkpt>
   <trkpt lat="44.9901390" lon="10.4062160">
    <ele>24.4</ele>
    <time>2026-05-20T14:05:03Z</time>
   </trkpt>
   <trkpt lat="44.9901510" lon="10.4061630">
    <ele>24.4</ele>
    <time>2026-05-20T14:05:04Z</time>
   </trkpt>
   <trkpt lat="44.9901660" lon="10.4061080">
    <ele>24.4</ele>
    <time>2026-05-20T14:05:05Z</time>
   </trkpt>
   <trkpt lat="44.9901710" lon="10.4060670">
    <ele>24.4</ele>
    <time>2026-05-20T14:05:06Z</time>
   </trkpt>
   <trkpt lat="44.9901700" lon="10.4060370">
    <ele>24.4</ele>
    <time>2026-05-20T14:05:07Z</time>
   </trkpt>
   <trkpt lat="44.9901620" lon="10.4060170">
    <ele>24.4</ele>
    <time>2026-05-20T14:05:08Z</time>
   </trkpt>
   <trkpt lat="44.9901650" lon="10.4059670">
    <ele>24.4</ele>
    <time>2026-05-20T14:05:09Z</time>
   </trkpt>
   <trkpt lat="44.9901690" lon="10.4059420">
    <ele>24.4</ele>
    <time>2026-05-20T14:05:10Z</time>
   </trkpt>
   <trkpt lat="44.9901780" lon="10.4058970">
    <ele>24.4</ele>
    <time>2026-05-20T14:05:11Z</time>
   </trkpt>
   <trkpt lat="44.9901790" lon="10.4058800">
    <ele>24.4</ele>
    <time>2026-05-20T14:05:12Z</time>
   </trkpt>
   <trkpt lat="44.9901660" lon="10.4058370">
    <ele>24.4</ele>
    <time>2026-05-20T14:05:13Z</time>
   </trkpt>
   <trkpt lat="44.9901740" lon="10.4057970">
    <ele>24.4</ele>
    <time>2026-05-20T14:05:14Z</time>
   </trkpt>
   <trkpt lat="44.9901720" lon="10.4057770">
    <ele>24.4</ele>
    <time>2026-05-20T14:05:15Z</time>
   </trkpt>
   <trkpt lat="44.9901920" lon="10.4056880">
    <ele>24.4</ele>
    <time>2026-05-20T14:05:16Z</time>
   </trkpt>
   <trkpt lat="44.9902070" lon="10.4056110">
    <ele>24.4</ele>
    <time>2026-05-20T14:05:17Z</time>
   </trkpt>
   <trkpt lat="44.9902290" lon="10.4055280">
    <ele>24.4</ele>
    <time>2026-05-20T14:05:18Z</time>
   </trkpt>
   <trkpt lat="44.9902330" lon="10.4054340">
    <ele>24.5</ele>
    <time>2026-05-20T14:05:19Z</time>
   </trkpt>
   <trkpt lat="44.9902460" lon="10.4054960">
    <ele>24.5</ele>
    <time>2026-05-20T14:05:20Z</time>
   </trkpt>
   <trkpt lat="44.9902150" lon="10.4054640">
    <ele>24.5</ele>
    <time>2026-05-20T14:05:21Z</time>
   </trkpt>
   <trkpt lat="44.9902100" lon="10.4053710">
    <ele>24.5</ele>
    <time>2026-05-20T14:05:22Z</time>
   </trkpt>
   <trkpt lat="44.9901980" lon="10.4053080">
    <ele>24.5</ele>
    <time>2026-05-20T14:05:23Z</time>
   </trkpt>
   <trkpt lat="44.9902090" lon="10.4052570">
    <ele>24.5</ele>
    <time>2026-05-20T14:05:24Z</time>
   </trkpt>
   <trkpt lat="44.9902080" lon="10.4052260">
    <ele>24.5</ele>
    <time>2026-05-20T14:05:25Z</time>
   </trkpt>
   <trkpt lat="44.9902350" lon="10.4051810">
    <ele>24.4</ele>
    <time>2026-05-20T14:05:26Z</time>
   </trkpt>
   <trkpt lat="44.9902420" lon="10.4051480">
    <ele>24.4</ele>
    <time>2026-05-20T14:05:27Z</time>
   </trkpt>
   <trkpt lat="44.9902310" lon="10.4050930">
    <ele>24.4</ele>
    <time>2026-05-20T14:05:28Z</time>
   </trkpt>
   <trkpt lat="44.9902300" lon="10.4050690">
    <ele>24.4</ele>
    <time>2026-05-20T14:05:29Z</time>
   </trkpt>
   <trkpt lat="44.9902430" lon="10.4050290">
    <ele>24.3</ele>
    <time>2026-05-20T14:05:30Z</time>
   </trkpt>
   <trkpt lat="44.9902290" lon="10.4049240">
    <ele>24.3</ele>
    <time>2026-05-20T14:05:31Z</time>
   </trkpt>
   <trkpt lat="44.9902120" lon="10.4048830">
    <ele>24.2</ele>
    <time>2026-05-20T14:05:32Z</time>
   </trkpt>
   <trkpt lat="44.9902040" lon="10.4047950">
    <ele>24.2</ele>
    <time>2026-05-20T14:05:33Z</time>
   </trkpt>
   <trkpt lat="44.9901920" lon="10.4047060">
    <ele>24.1</ele>
    <time>2026-05-20T14:05:34Z</time>
   </trkpt>
   <trkpt lat="44.9901840" lon="10.4046680">
    <ele>24.1</ele>
    <time>2026-05-20T14:05:35Z</time>
   </trkpt>
   <trkpt lat="44.9901830" lon="10.4046580">
    <ele>24.1</ele>
    <time>2026-05-20T14:05:36Z</time>
   </trkpt>
   <trkpt lat="44.9901880" lon="10.4046300">
    <ele>24.1</ele>
    <time>2026-05-20T14:05:37Z</time>
   </trkpt>
   <trkpt lat="44.9901930" lon="10.4046030">
    <ele>24.1</ele>
    <time>2026-05-20T14:05:38Z</time>
   </trkpt>
   <trkpt lat="44.9901940" lon="10.4045830">
    <ele>24.1</ele>
    <time>2026-05-20T14:05:39Z</time>
   </trkpt>
   <trkpt lat="44.9902050" lon="10.4045600">
    <ele>24.1</ele>
    <time>2026-05-20T14:05:40Z</time>
   </trkpt>
   <trkpt lat="44.9902080" lon="10.4045590">
    <ele>24.1</ele>
    <time>2026-05-20T14:05:41Z</time>
   </trkpt>
   <trkpt lat="44.9902090" lon="10.4045470">
    <ele>24.1</ele>
    <time>2026-05-20T14:05:42Z</time>
   </trkpt>
   <trkpt lat="44.9902040" lon="10.4045340">
    <ele>24.1</ele>
    <time>2026-05-20T14:05:43Z</time>
   </trkpt>
   <trkpt lat="44.9902020" lon="10.4045250">
    <ele>24.1</ele>
    <time>2026-05-20T14:05:44Z</time>
   </trkpt>
   <trkpt lat="44.9902110" lon="10.4045190">
    <ele>24.1</ele>
    <time>2026-05-20T14:05:45Z</time>
   </trkpt>
   <trkpt lat="44.9902200" lon="10.4045190">
    <ele>24.1</ele>
    <time>2026-05-20T14:05:46Z</time>
   </trkpt>
   <trkpt lat="44.9902170" lon="10.4045160">
    <ele>24.1</ele>
    <time>2026-05-20T14:05:47Z</time>
   </trkpt>
   <trkpt lat="44.9902220" lon="10.4045150">
    <ele>24.0</ele>
    <time>2026-05-20T14:05:48Z</time>
   </trkpt>
   <trkpt lat="44.9902240" lon="10.4045090">
    <ele>24.0</ele>
    <time>2026-05-20T14:05:49Z</time>
   </trkpt>
   <trkpt lat="44.9902140" lon="10.4045160">
    <ele>24.0</ele>
    <time>2026-05-20T14:05:50Z</time>
   </trkpt>
   <trkpt lat="44.9902070" lon="10.4044990">
    <ele>24.0</ele>
    <time>2026-05-20T14:05:51Z</time>
   </trkpt>
   <trkpt lat="44.9902080" lon="10.4044890">
    <ele>24.0</ele>
    <time>2026-05-20T14:05:52Z</time>
   </trkpt>
   <trkpt lat="44.9902090" lon="10.4044630">
    <ele>24.0</ele>
    <time>2026-05-20T14:05:53Z</time>
   </trkpt>
   <trkpt lat="44.9902020" lon="10.4044210">
    <ele>24.0</ele>
    <time>2026-05-20T14:05:54Z</time>
   </trkpt>
   <trkpt lat="44.9902000" lon="10.4044080">
    <ele>24.0</ele>
    <time>2026-05-20T14:05:55Z</time>
   </trkpt>
   <trkpt lat="44.9901920" lon="10.4043540">
    <ele>24.0</ele>
    <time>2026-05-20T14:05:56Z</time>
   </trkpt>
   <trkpt lat="44.9901900" lon="10.4043360">
    <ele>24.0</ele>
    <time>2026-05-20T14:05:57Z</time>
   </trkpt>
   <trkpt lat="44.9901910" lon="10.4042880">
    <ele>24.0</ele>
    <time>2026-05-20T14:05:58Z</time>
   </trkpt>
   <trkpt lat="44.9901880" lon="10.4042730">
    <ele>24.0</ele>
    <time>2026-05-20T14:05:59Z</time>
   </trkpt>
   <trkpt lat="44.9901880" lon="10.4042320">
    <ele>24.1</ele>
    <time>2026-05-20T14:06:00Z</time>
   </trkpt>
   <trkpt lat="44.9901880" lon="10.4042170">
    <ele>24.1</ele>
    <time>2026-05-20T14:06:01Z</time>
   </trkpt>
   <trkpt lat="44.9901880" lon="10.4041920">
    <ele>24.1</ele>
    <time>2026-05-20T14:06:02Z</time>
   </trkpt>
   <trkpt lat="44.9901920" lon="10.4041810">
    <ele>24.1</ele>
    <time>2026-05-20T14:06:03Z</time>
   </trkpt>
   <trkpt lat="44.9901890" lon="10.4041720">
    <ele>24.1</ele>
    <time>2026-05-20T14:06:04Z</time>
   </trkpt>
   <trkpt lat="44.9901880" lon="10.4041800">
    <ele>24.1</ele>
    <time>2026-05-20T14:06:05Z</time>
   </trkpt>
   <trkpt lat="44.9901880" lon="10.4041810">
    <ele>24.1</ele>
    <time>2026-05-20T14:06:06Z</time>
   </trkpt>
   <trkpt lat="44.9901880" lon="10.4041810">
    <ele>24.1</ele>
    <time>2026-05-20T14:06:07Z</time>
   </trkpt>
   <trkpt lat="44.9901860" lon="10.4041690">
    <ele>24.1</ele>
    <time>2026-05-20T14:06:08Z</time>
   </trkpt>
   <trkpt lat="44.9901800" lon="10.4041500">
    <ele>24.1</ele>
    <time>2026-05-20T14:06:09Z</time>
   </trkpt>
   <trkpt lat="44.9901840" lon="10.4041610">
    <ele>24.1</ele>
    <time>2026-05-20T14:06:10Z</time>
   </trkpt>
   <trkpt lat="44.9901850" lon="10.4041650">
    <ele>24.1</ele>
    <time>2026-05-20T14:06:11Z</time>
   </trkpt>
   <trkpt lat="44.9901850" lon="10.4041640">
    <ele>24.1</ele>
    <time>2026-05-20T14:06:12Z</time>
   </trkpt>
   <trkpt lat="44.9901860" lon="10.4041660">
    <ele>24.1</ele>
    <time>2026-05-20T14:06:13Z</time>
   </trkpt>
   <trkpt lat="44.9901830" lon="10.4041660">
    <ele>24.1</ele>
    <time>2026-05-20T14:06:14Z</time>
   </trkpt>
   <trkpt lat="44.9901830" lon="10.4041660">
    <ele>24.1</ele>
    <time>2026-05-20T14:06:15Z</time>
   </trkpt>
   <trkpt lat="44.9901830" lon="10.4041660">
    <ele>24.1</ele>
    <time>2026-05-20T14:06:16Z</time>
   </trkpt>
   <trkpt lat="44.9901830" lon="10.4041660">
    <ele>24.1</ele>
    <time>2026-05-20T14:06:17Z</time>
   </trkpt>
   <trkpt lat="44.9901830" lon="10.4041660">
    <ele>24.1</ele>
    <time>2026-05-20T14:06:18Z</time>
   </trkpt>
   <trkpt lat="44.9901830" lon="10.4041640">
    <ele>24.1</ele>
    <time>2026-05-20T14:06:19Z</time>
   </trkpt>
   <trkpt lat="44.9901840" lon="10.4041610">
    <ele>24.1</ele>
    <time>2026-05-20T14:06:20Z</time>
   </trkpt>
   <trkpt lat="44.9901850" lon="10.4041610">
    <ele>24.1</ele>
    <time>2026-05-20T14:06:21Z</time>
   </trkpt>
   <trkpt lat="44.9901890" lon="10.4041610">
    <ele>24.1</ele>
    <time>2026-05-20T14:06:22Z</time>
   </trkpt>
   <trkpt lat="44.9901910" lon="10.4041630">
    <ele>24.1</ele>
    <time>2026-05-20T14:06:23Z</time>
   </trkpt>
   <trkpt lat="44.9901920" lon="10.4041630">
    <ele>24.1</ele>
    <time>2026-05-20T14:06:24Z</time>
   </trkpt>
   <trkpt lat="44.9901920" lon="10.4041630">
    <ele>24.1</ele>
    <time>2026-05-20T14:06:25Z</time>
   </trkpt>
   <trkpt lat="44.9901930" lon="10.4041620">
    <ele>24.1</ele>
    <time>2026-05-20T14:06:26Z</time>
   </trkpt>
   <trkpt lat="44.9901940" lon="10.4041610">
    <ele>24.1</ele>
    <time>2026-05-20T14:06:27Z</time>
   </trkpt>
   <trkpt lat="44.9901940" lon="10.4041610">
    <ele>24.1</ele>
    <time>2026-05-20T14:06:28Z</time>
   </trkpt>
   <trkpt lat="44.9901940" lon="10.4041620">
    <ele>24.1</ele>
    <time>2026-05-20T14:06:29Z</time>
   </trkpt>
   <trkpt lat="44.9901940" lon="10.4041660">
    <ele>24.1</ele>
    <time>2026-05-20T14:06:30Z</time>
   </trkpt>
   <trkpt lat="44.9901910" lon="10.4041670">
    <ele>24.1</ele>
    <time>2026-05-20T14:06:31Z</time>
   </trkpt>
   <trkpt lat="44.9901900" lon="10.4041690">
    <ele>24.1</ele>
    <time>2026-05-20T14:06:32Z</time>
   </trkpt>
   <trkpt lat="44.9901880" lon="10.4041670">
    <ele>24.1</ele>
    <time>2026-05-20T14:06:33Z</time>
   </trkpt>
   <trkpt lat="44.9901890" lon="10.4041700">
    <ele>24.1</ele>
    <time>2026-05-20T14:06:34Z</time>
   </trkpt>
   <trkpt lat="44.9901890" lon="10.4041710">
    <ele>24.1</ele>
    <time>2026-05-20T14:06:35Z</time>
   </trkpt>
   <trkpt lat="44.9901870" lon="10.4041730">
    <ele>24.1</ele>
    <time>2026-05-20T14:06:36Z</time>
   </trkpt>
   <trkpt lat="44.9901830" lon="10.4041680">
    <ele>24.1</ele>
    <time>2026-05-20T14:06:37Z</time>
   </trkpt>
   <trkpt lat="44.9901820" lon="10.4041700">
    <ele>24.1</ele>
    <time>2026-05-20T14:06:38Z</time>
   </trkpt>
   <trkpt lat="44.9901820" lon="10.4041700">
    <ele>24.1</ele>
    <time>2026-05-20T14:06:39Z</time>
   </trkpt>
   <trkpt lat="44.9901820" lon="10.4041700">
    <ele>24.1</ele>
    <time>2026-05-20T14:06:40Z</time>
   </trkpt>
   <trkpt lat="44.9901770" lon="10.4041900">
    <ele>24.1</ele>
    <time>2026-05-20T14:06:41Z</time>
   </trkpt>
   <trkpt lat="44.9901780" lon="10.4042050">
    <ele>24.1</ele>
    <time>2026-05-20T14:06:42Z</time>
   </trkpt>
   <trkpt lat="44.9901780" lon="10.4042050">
    <ele>24.1</ele>
    <time>2026-05-20T14:06:43Z</time>
   </trkpt>
   <trkpt lat="44.9901790" lon="10.4041990">
    <ele>24.1</ele>
    <time>2026-05-20T14:06:44Z</time>
   </trkpt>
   <trkpt lat="44.9901840" lon="10.4042010">
    <ele>24.1</ele>
    <time>2026-05-20T14:06:45Z</time>
   </trkpt>
   <trkpt lat="44.9901840" lon="10.4042010">
    <ele>24.1</ele>
    <time>2026-05-20T14:06:46Z</time>
   </trkpt>
   <trkpt lat="44.9901820" lon="10.4041920">
    <ele>24.1</ele>
    <time>2026-05-20T14:06:47Z</time>
   </trkpt>
   <trkpt lat="44.9901710" lon="10.4041840">
    <ele>24.1</ele>
    <time>2026-05-20T14:06:48Z</time>
   </trkpt>
   <trkpt lat="44.9901650" lon="10.4041780">
    <ele>24.1</ele>
    <time>2026-05-20T14:06:49Z</time>
   </trkpt>
   <trkpt lat="44.9901650" lon="10.4041800">
    <ele>24.1</ele>
    <time>2026-05-20T14:06:50Z</time>
   </trkpt>
   <trkpt lat="44.9901580" lon="10.4041730">
    <ele>24.1</ele>
    <time>2026-05-20T14:06:51Z</time>
   </trkpt>
   <trkpt lat="44.9901580" lon="10.4041730">
    <ele>24.1</ele>
    <time>2026-05-20T14:06:52Z</time>
   </trkpt>
   <trkpt lat="44.9901580" lon="10.4041730">
    <ele>24.1</ele>
    <time>2026-05-20T14:06:53Z</time>
   </trkpt>
   <trkpt lat="44.9901580" lon="10.4041730">
    <ele>24.1</ele>
    <time>2026-05-20T14:06:54Z</time>
   </trkpt>
   <trkpt lat="44.9901580" lon="10.4041730">
    <ele>24.1</ele>
    <time>2026-05-20T14:06:55Z</time>
   </trkpt>
   <trkpt lat="44.9901580" lon="10.4041730">
    <ele>24.1</ele>
    <time>2026-05-20T14:06:56Z</time>
   </trkpt>
   <trkpt lat="44.9901580" lon="10.4041730">
    <ele>24.1</ele>
    <time>2026-05-20T14:06:57Z</time>
   </trkpt>
   <trkpt lat="44.9901400" lon="10.4041650">
    <ele>24.1</ele>
    <time>2026-05-20T14:06:58Z</time>
   </trkpt>
   <trkpt lat="44.9901380" lon="10.4041580">
    <ele>24.1</ele>
    <time>2026-05-20T14:06:59Z</time>
   </trkpt>
   <trkpt lat="44.9901340" lon="10.4041580">
    <ele>24.1</ele>
    <time>2026-05-20T14:07:00Z</time>
   </trkpt>
   <trkpt lat="44.9901390" lon="10.4041620">
    <ele>24.1</ele>
    <time>2026-05-20T14:07:01Z</time>
   </trkpt>
   <trkpt lat="44.9901400" lon="10.4041620">
    <ele>24.1</ele>
    <time>2026-05-20T14:07:02Z</time>
   </trkpt>
   <trkpt lat="44.9901400" lon="10.4041620">
    <ele>24.1</ele>
    <time>2026-05-20T14:07:03Z</time>
   </trkpt>
   <trkpt lat="44.9901400" lon="10.4041620">
    <ele>24.1</ele>
    <time>2026-05-20T14:07:04Z</time>
   </trkpt>
   <trkpt lat="44.9901530" lon="10.4041790">
    <ele>24.1</ele>
    <time>2026-05-20T14:07:05Z</time>
   </trkpt>
   <trkpt lat="44.9901530" lon="10.4041790">
    <ele>24.1</ele>
    <time>2026-05-20T14:07:06Z</time>
   </trkpt>
   <trkpt lat="44.9901530" lon="10.4041790">
    <ele>24.1</ele>
    <time>2026-05-20T14:07:07Z</time>
   </trkpt>
   <trkpt lat="44.9901630" lon="10.4041630">
    <ele>24.1</ele>
    <time>2026-05-20T14:07:08Z</time>
   </trkpt>
   <trkpt lat="44.9901630" lon="10.4041630">
    <ele>24.1</ele>
    <time>2026-05-20T14:07:09Z</time>
   </trkpt>
   <trkpt lat="44.9901630" lon="10.4041630">
    <ele>24.1</ele>
    <time>2026-05-20T14:07:10Z</time>
   </trkpt>
   <trkpt lat="44.9901630" lon="10.4041630">
    <ele>24.1</ele>
    <time>2026-05-20T14:07:11Z</time>
   </trkpt>
   <trkpt lat="44.9901630" lon="10.4041630">
    <ele>24.1</ele>
    <time>2026-05-20T14:07:12Z</time>
   </trkpt>
   <trkpt lat="44.9901630" lon="10.4041630">
    <ele>24.1</ele>
    <time>2026-05-20T14:07:13Z</time>
   </trkpt>
   <trkpt lat="44.9901630" lon="10.4041630">
    <ele>24.1</ele>
    <time>2026-05-20T14:07:14Z</time>
   </trkpt>
   <trkpt lat="44.9901630" lon="10.4041630">
    <ele>24.1</ele>
    <time>2026-05-20T14:07:15Z</time>
   </trkpt>
   <trkpt lat="44.9901630" lon="10.4041630">
    <ele>24.1</ele>
    <time>2026-05-20T14:07:16Z</time>
   </trkpt>
   <trkpt lat="44.9901630" lon="10.4041630">
    <ele>24.1</ele>
    <time>2026-05-20T14:07:17Z</time>
   </trkpt>
   <trkpt lat="44.9901790" lon="10.4041580">
    <ele>24.1</ele>
    <time>2026-05-20T14:07:18Z</time>
   </trkpt>
   <trkpt lat="44.9901790" lon="10.4041580">
    <ele>24.1</ele>
    <time>2026-05-20T14:07:19Z</time>
   </trkpt>
   <trkpt lat="44.9901790" lon="10.4041580">
    <ele>24.1</ele>
    <time>2026-05-20T14:07:20Z</time>
   </trkpt>
   <trkpt lat="44.9901790" lon="10.4041580">
    <ele>24.1</ele>
    <time>2026-05-20T14:07:21Z</time>
   </trkpt>
   <trkpt lat="44.9901800" lon="10.4041550">
    <ele>24.1</ele>
    <time>2026-05-20T14:07:22Z</time>
   </trkpt>
   <trkpt lat="44.9901800" lon="10.4041550">
    <ele>24.1</ele>
    <time>2026-05-20T14:07:23Z</time>
   </trkpt>
   <trkpt lat="44.9901800" lon="10.4041550">
    <ele>24.1</ele>
    <time>2026-05-20T14:07:24Z</time>
   </trkpt>
   <trkpt lat="44.9901800" lon="10.4041550">
    <ele>24.1</ele>
    <time>2026-05-20T14:07:25Z</time>
   </trkpt>
   <trkpt lat="44.9901800" lon="10.4041550">
    <ele>24.1</ele>
    <time>2026-05-20T14:07:26Z</time>
   </trkpt>
   <trkpt lat="44.9901800" lon="10.4041550">
    <ele>24.1</ele>
    <time>2026-05-20T14:07:27Z</time>
   </trkpt>
   <trkpt lat="44.9901800" lon="10.4041550">
    <ele>24.1</ele>
    <time>2026-05-20T14:07:28Z</time>
   </trkpt>
   <trkpt lat="44.9901800" lon="10.4041550">
    <ele>24.1</ele>
    <time>2026-05-20T14:07:29Z</time>
   </trkpt>
   <trkpt lat="44.9901800" lon="10.4041550">
    <ele>24.1</ele>
    <time>2026-05-20T14:07:30Z</time>
   </trkpt>
   <trkpt lat="44.9901800" lon="10.4041550">
    <ele>24.1</ele>
    <time>2026-05-20T14:07:31Z</time>
   </trkpt>
   <trkpt lat="44.9901800" lon="10.4041550">
    <ele>24.1</ele>
    <time>2026-05-20T14:07:32Z</time>
   </trkpt>
   <trkpt lat="44.9901800" lon="10.4041550">
    <ele>24.1</ele>
    <time>2026-05-20T14:07:33Z</time>
   </trkpt>
   <trkpt lat="44.9901800" lon="10.4041550">
    <ele>24.1</ele>
    <time>2026-05-20T14:07:34Z</time>
   </trkpt>
   <trkpt lat="44.9901800" lon="10.4041550">
    <ele>24.1</ele>
    <time>2026-05-20T14:07:35Z</time>
   </trkpt>
   <trkpt lat="44.9901800" lon="10.4041550">
    <ele>24.1</ele>
    <time>2026-05-20T14:07:36Z</time>
   </trkpt>
   <trkpt lat="44.9901660" lon="10.4041430">
    <ele>24.1</ele>
    <time>2026-05-20T14:07:37Z</time>
   </trkpt>
   <trkpt lat="44.9901660" lon="10.4041440">
    <ele>24.1</ele>
    <time>2026-05-20T14:07:38Z</time>
   </trkpt>
   <trkpt lat="44.9901660" lon="10.4041440">
    <ele>24.1</ele>
    <time>2026-05-20T14:07:39Z</time>
   </trkpt>
   <trkpt lat="44.9901660" lon="10.4041440">
    <ele>24.1</ele>
    <time>2026-05-20T14:07:40Z</time>
   </trkpt>
   <trkpt lat="44.9901660" lon="10.4041440">
    <ele>24.1</ele>
    <time>2026-05-20T14:07:41Z</time>
   </trkpt>
   <trkpt lat="44.9901660" lon="10.4041440">
    <ele>24.1</ele>
    <time>2026-05-20T14:07:42Z</time>
   </trkpt>
   <trkpt lat="44.9901720" lon="10.4041490">
    <ele>24.1</ele>
    <time>2026-05-20T14:07:43Z</time>
   </trkpt>
   <trkpt lat="44.9901720" lon="10.4041490">
    <ele>24.1</ele>
    <time>2026-05-20T14:07:44Z</time>
   </trkpt>
   <trkpt lat="44.9901720" lon="10.4041490">
    <ele>24.1</ele>
    <time>2026-05-20T14:07:45Z</time>
   </trkpt>
   <trkpt lat="44.9901700" lon="10.4041550">
    <ele>24.1</ele>
    <time>2026-05-20T14:07:46Z</time>
   </trkpt>
   <trkpt lat="44.9901660" lon="10.4041430">
    <ele>24.1</ele>
    <time>2026-05-20T14:07:47Z</time>
   </trkpt>
   <trkpt lat="44.9901660" lon="10.4041450">
    <ele>24.1</ele>
    <time>2026-05-20T14:07:48Z</time>
   </trkpt>
   <trkpt lat="44.9901660" lon="10.4041450">
    <ele>24.1</ele>
    <time>2026-05-20T14:07:49Z</time>
   </trkpt>
   <trkpt lat="44.9901660" lon="10.4041450">
    <ele>24.1</ele>
    <time>2026-05-20T14:07:50Z</time>
   </trkpt>
   <trkpt lat="44.9901650" lon="10.4041310">
    <ele>24.1</ele>
    <time>2026-05-20T14:07:51Z</time>
   </trkpt>
   <trkpt lat="44.9901690" lon="10.4041220">
    <ele>24.1</ele>
    <time>2026-05-20T14:07:52Z</time>
   </trkpt>
   <trkpt lat="44.9901700" lon="10.4041170">
    <ele>24.1</ele>
    <time>2026-05-20T14:07:53Z</time>
   </trkpt>
   <trkpt lat="44.9901710" lon="10.4041130">
    <ele>24.1</ele>
    <time>2026-05-20T14:07:54Z</time>
   </trkpt>
   <trkpt lat="44.9901720" lon="10.4041090">
    <ele>24.1</ele>
    <time>2026-05-20T14:07:55Z</time>
   </trkpt>
   <trkpt lat="44.9901740" lon="10.4041050">
    <ele>24.1</ele>
    <time>2026-05-20T14:07:56Z</time>
   </trkpt>
   <trkpt lat="44.9901750" lon="10.4041000">
    <ele>24.1</ele>
    <time>2026-05-20T14:07:57Z</time>
   </trkpt>
   <trkpt lat="44.9901760" lon="10.4040960">
    <ele>24.1</ele>
    <time>2026-05-20T14:07:58Z</time>
   </trkpt>
   <trkpt lat="44.9901770" lon="10.4040920">
    <ele>24.1</ele>
    <time>2026-05-20T14:07:59Z</time>
   </trkpt>
   <trkpt lat="44.9901780" lon="10.4040870">
    <ele>24.1</ele>
    <time>2026-05-20T14:08:00Z</time>
   </trkpt>
   <trkpt lat="44.9901790" lon="10.4040830">
    <ele>24.1</ele>
    <time>2026-05-20T14:08:01Z</time>
   </trkpt>
   <trkpt lat="44.9901720" lon="10.4040410">
    <ele>24.1</ele>
    <time>2026-05-20T14:08:02Z</time>
   </trkpt>
   <trkpt lat="44.9901740" lon="10.4040230">
    <ele>24.1</ele>
    <time>2026-05-20T14:08:03Z</time>
   </trkpt>
   <trkpt lat="44.9901750" lon="10.4039750">
    <ele>24.1</ele>
    <time>2026-05-20T14:08:04Z</time>
   </trkpt>
   <trkpt lat="44.9901750" lon="10.4039560">
    <ele>24.1</ele>
    <time>2026-05-20T14:08:05Z</time>
   </trkpt>
   <trkpt lat="44.9901700" lon="10.4039020">
    <ele>24.2</ele>
    <time>2026-05-20T14:08:06Z</time>
   </trkpt>
   <trkpt lat="44.9901680" lon="10.4038840">
    <ele>24.2</ele>
    <time>2026-05-20T14:08:07Z</time>
   </trkpt>
   <trkpt lat="44.9901680" lon="10.4038420">
    <ele>24.2</ele>
    <time>2026-05-20T14:08:08Z</time>
   </trkpt>
   <trkpt lat="44.9901700" lon="10.4038000">
    <ele>24.2</ele>
    <time>2026-05-20T14:08:09Z</time>
   </trkpt>
   <trkpt lat="44.9901720" lon="10.4037530">
    <ele>24.2</ele>
    <time>2026-05-20T14:08:10Z</time>
   </trkpt>
   <trkpt lat="44.9901780" lon="10.4037390">
    <ele>24.2</ele>
    <time>2026-05-20T14:08:11Z</time>
   </trkpt>
   <trkpt lat="44.9901730" lon="10.4036930">
    <ele>24.2</ele>
    <time>2026-05-20T14:08:12Z</time>
   </trkpt>
   <trkpt lat="44.9901650" lon="10.4036500">
    <ele>24.2</ele>
    <time>2026-05-20T14:08:13Z</time>
   </trkpt>
   <trkpt lat="44.9901650" lon="10.4036410">
    <ele>24.2</ele>
    <time>2026-05-20T14:08:14Z</time>
   </trkpt>
   <trkpt lat="44.9901700" lon="10.4036300">
    <ele>24.2</ele>
    <time>2026-05-20T14:08:15Z</time>
   </trkpt>
   <trkpt lat="44.9901680" lon="10.4036120">
    <ele>24.2</ele>
    <time>2026-05-20T14:08:16Z</time>
   </trkpt>
   <trkpt lat="44.9901670" lon="10.4036020">
    <ele>24.2</ele>
    <time>2026-05-20T14:08:17Z</time>
   </trkpt>
   <trkpt lat="44.9901640" lon="10.4035870">
    <ele>24.2</ele>
    <time>2026-05-20T14:08:18Z</time>
   </trkpt>
   <trkpt lat="44.9901680" lon="10.4035680">
    <ele>24.2</ele>
    <time>2026-05-20T14:08:19Z</time>
   </trkpt>
   <trkpt lat="44.9901680" lon="10.4035520">
    <ele>24.2</ele>
    <time>2026-05-20T14:08:20Z</time>
   </trkpt>
   <trkpt lat="44.9901770" lon="10.4035400">
    <ele>24.2</ele>
    <time>2026-05-20T14:08:21Z</time>
   </trkpt>
   <trkpt lat="44.9901910" lon="10.4035330">
    <ele>24.2</ele>
    <time>2026-05-20T14:08:22Z</time>
   </trkpt>
   <trkpt lat="44.9902060" lon="10.4035460">
    <ele>24.2</ele>
    <time>2026-05-20T14:08:23Z</time>
   </trkpt>
   <trkpt lat="44.9902230" lon="10.4035520">
    <ele>24.2</ele>
    <time>2026-05-20T14:08:24Z</time>
   </trkpt>
   <trkpt lat="44.9902370" lon="10.4035480">
    <ele>24.2</ele>
    <time>2026-05-20T14:08:25Z</time>
   </trkpt>
   <trkpt lat="44.9902510" lon="10.4035500">
    <ele>24.2</ele>
    <time>2026-05-20T14:08:26Z</time>
   </trkpt>
   <trkpt lat="44.9902720" lon="10.4035420">
    <ele>24.2</ele>
    <time>2026-05-20T14:08:27Z</time>
   </trkpt>
   <trkpt lat="44.9902800" lon="10.4035420">
    <ele>24.2</ele>
    <time>2026-05-20T14:08:28Z</time>
   </trkpt>
   <trkpt lat="44.9902910" lon="10.4035380">
    <ele>24.2</ele>
    <time>2026-05-20T14:08:29Z</time>
   </trkpt>
   <trkpt lat="44.9902940" lon="10.4035360">
    <ele>24.2</ele>
    <time>2026-05-20T14:08:30Z</time>
   </trkpt>
   <trkpt lat="44.9902960" lon="10.4035340">
    <ele>24.2</ele>
    <time>2026-05-20T14:08:31Z</time>
   </trkpt>
   <trkpt lat="44.9902980" lon="10.4035320">
    <ele>24.2</ele>
    <time>2026-05-20T14:08:32Z</time>
   </trkpt>
   <trkpt lat="44.9903010" lon="10.4035300">
    <ele>24.2</ele>
    <time>2026-05-20T14:08:33Z</time>
   </trkpt>
   <trkpt lat="44.9903030" lon="10.4035290">
    <ele>24.2</ele>
    <time>2026-05-20T14:08:34Z</time>
   </trkpt>
   <trkpt lat="44.9903050" lon="10.4035270">
    <ele>24.2</ele>
    <time>2026-05-20T14:08:35Z</time>
   </trkpt>
   <trkpt lat="44.9903080" lon="10.4035250">
    <ele>24.2</ele>
    <time>2026-05-20T14:08:36Z</time>
   </trkpt>
   <trkpt lat="44.9903100" lon="10.4035230">
    <ele>24.2</ele>
    <time>2026-05-20T14:08:37Z</time>
   </trkpt>
   <trkpt lat="44.9903120" lon="10.4035210">
    <ele>24.2</ele>
    <time>2026-05-20T14:08:38Z</time>
   </trkpt>
   <trkpt lat="44.9903150" lon="10.4035190">
    <ele>24.2</ele>
    <time>2026-05-20T14:08:39Z</time>
   </trkpt>
   <trkpt lat="44.9903170" lon="10.4035170">
    <ele>24.2</ele>
    <time>2026-05-20T14:08:40Z</time>
   </trkpt>
   <trkpt lat="44.9903240" lon="10.4035230">
    <ele>24.2</ele>
    <time>2026-05-20T14:08:41Z</time>
   </trkpt>
   <trkpt lat="44.9903360" lon="10.4035380">
    <ele>24.2</ele>
    <time>2026-05-20T14:08:42Z</time>
   </trkpt>
   <trkpt lat="44.9903490" lon="10.4035520">
    <ele>24.3</ele>
    <time>2026-05-20T14:08:43Z</time>
   </trkpt>
   <trkpt lat="44.9903090" lon="10.4035140">
    <ele>24.3</ele>
    <time>2026-05-20T14:08:44Z</time>
   </trkpt>
   <trkpt lat="44.9903130" lon="10.4035220">
    <ele>24.3</ele>
    <time>2026-05-20T14:08:45Z</time>
   </trkpt>
   <trkpt lat="44.9903070" lon="10.4035310">
    <ele>24.3</ele>
    <time>2026-05-20T14:08:46Z</time>
   </trkpt>
   <trkpt lat="44.9903040" lon="10.4035330">
    <ele>24.3</ele>
    <time>2026-05-20T14:08:47Z</time>
   </trkpt>
   <trkpt lat="44.9903040" lon="10.4035330">
    <ele>24.3</ele>
    <time>2026-05-20T14:08:48Z</time>
   </trkpt>
   <trkpt lat="44.9903050" lon="10.4035410">
    <ele>24.3</ele>
    <time>2026-05-20T14:08:49Z</time>
   </trkpt>
   <trkpt lat="44.9903020" lon="10.4035330">
    <ele>24.3</ele>
    <time>2026-05-20T14:08:50Z</time>
   </trkpt>
   <trkpt lat="44.9903040" lon="10.4035320">
    <ele>24.3</ele>
    <time>2026-05-20T14:08:51Z</time>
   </trkpt>
   <trkpt lat="44.9903050" lon="10.4035320">
    <ele>24.3</ele>
    <time>2026-05-20T14:08:52Z</time>
   </trkpt>
   <trkpt lat="44.9903020" lon="10.4035300">
    <ele>24.3</ele>
    <time>2026-05-20T14:08:53Z</time>
   </trkpt>
   <trkpt lat="44.9903000" lon="10.4035300">
    <ele>24.3</ele>
    <time>2026-05-20T14:08:54Z</time>
   </trkpt>
   <trkpt lat="44.9903020" lon="10.4035290">
    <ele>24.3</ele>
    <time>2026-05-20T14:08:55Z</time>
   </trkpt>
   <trkpt lat="44.9903010" lon="10.4035290">
    <ele>24.3</ele>
    <time>2026-05-20T14:08:56Z</time>
   </trkpt>
   <trkpt lat="44.9903010" lon="10.4035290">
    <ele>24.3</ele>
    <time>2026-05-20T14:08:57Z</time>
   </trkpt>
   <trkpt lat="44.9903010" lon="10.4035290">
    <ele>24.3</ele>
    <time>2026-05-20T14:08:58Z</time>
   </trkpt>
   <trkpt lat="44.9903010" lon="10.4035290">
    <ele>24.3</ele>
    <time>2026-05-20T14:08:59Z</time>
   </trkpt>
   <trkpt lat="44.9903010" lon="10.4035290">
    <ele>24.3</ele>
    <time>2026-05-20T14:09:00Z</time>
   </trkpt>
   <trkpt lat="44.9902920" lon="10.4035300">
    <ele>24.3</ele>
    <time>2026-05-20T14:09:01Z</time>
   </trkpt>
   <trkpt lat="44.9902900" lon="10.4035310">
    <ele>24.3</ele>
    <time>2026-05-20T14:09:02Z</time>
   </trkpt>
   <trkpt lat="44.9902900" lon="10.4035300">
    <ele>24.3</ele>
    <time>2026-05-20T14:09:03Z</time>
   </trkpt>
   <trkpt lat="44.9902850" lon="10.4035360">
    <ele>24.3</ele>
    <time>2026-05-20T14:09:04Z</time>
   </trkpt>
   <trkpt lat="44.9902850" lon="10.4035360">
    <ele>24.3</ele>
    <time>2026-05-20T14:09:05Z</time>
   </trkpt>
   <trkpt lat="44.9902850" lon="10.4035360">
    <ele>24.3</ele>
    <time>2026-05-20T14:09:06Z</time>
   </trkpt>
   <trkpt lat="44.9902850" lon="10.4035360">
    <ele>24.3</ele>
    <time>2026-05-20T14:09:07Z</time>
   </trkpt>
   <trkpt lat="44.9902850" lon="10.4035360">
    <ele>24.3</ele>
    <time>2026-05-20T14:09:08Z</time>
   </trkpt>
   <trkpt lat="44.9902750" lon="10.4035290">
    <ele>24.3</ele>
    <time>2026-05-20T14:09:09Z</time>
   </trkpt>
   <trkpt lat="44.9902750" lon="10.4035270">
    <ele>24.3</ele>
    <time>2026-05-20T14:09:10Z</time>
   </trkpt>
   <trkpt lat="44.9902750" lon="10.4035260">
    <ele>24.3</ele>
    <time>2026-05-20T14:09:11Z</time>
   </trkpt>
   <trkpt lat="44.9902750" lon="10.4035260">
    <ele>24.3</ele>
    <time>2026-05-20T14:09:12Z</time>
   </trkpt>
   <trkpt lat="44.9902750" lon="10.4035260">
    <ele>24.3</ele>
    <time>2026-05-20T14:09:13Z</time>
   </trkpt>
   <trkpt lat="44.9902750" lon="10.4035260">
    <ele>24.3</ele>
    <time>2026-05-20T14:09:14Z</time>
   </trkpt>
   <trkpt lat="44.9902750" lon="10.4035260">
    <ele>24.3</ele>
    <time>2026-05-20T14:09:15Z</time>
   </trkpt>
   <trkpt lat="44.9902750" lon="10.4035260">
    <ele>24.3</ele>
    <time>2026-05-20T14:09:16Z</time>
   </trkpt>
   <trkpt lat="44.9902770" lon="10.4035270">
    <ele>24.3</ele>
    <time>2026-05-20T14:09:17Z</time>
   </trkpt>
   <trkpt lat="44.9902820" lon="10.4035250">
    <ele>24.3</ele>
    <time>2026-05-20T14:09:18Z</time>
   </trkpt>
   <trkpt lat="44.9902870" lon="10.4035250">
    <ele>24.3</ele>
    <time>2026-05-20T14:09:19Z</time>
   </trkpt>
   <trkpt lat="44.9902880" lon="10.4035270">
    <ele>24.3</ele>
    <time>2026-05-20T14:09:20Z</time>
   </trkpt>
   <trkpt lat="44.9902900" lon="10.4035320">
    <ele>24.3</ele>
    <time>2026-05-20T14:09:21Z</time>
   </trkpt>
   <trkpt lat="44.9902890" lon="10.4035280">
    <ele>24.3</ele>
    <time>2026-05-20T14:09:22Z</time>
   </trkpt>
   <trkpt lat="44.9902890" lon="10.4035260">
    <ele>24.3</ele>
    <time>2026-05-20T14:09:23Z</time>
   </trkpt>
   <trkpt lat="44.9902920" lon="10.4035210">
    <ele>24.3</ele>
    <time>2026-05-20T14:09:24Z</time>
   </trkpt>
   <trkpt lat="44.9902920" lon="10.4035210">
    <ele>24.3</ele>
    <time>2026-05-20T14:09:25Z</time>
   </trkpt>
   <trkpt lat="44.9902920" lon="10.4035210">
    <ele>24.3</ele>
    <time>2026-05-20T14:09:26Z</time>
   </trkpt>
   <trkpt lat="44.9902920" lon="10.4035210">
    <ele>24.3</ele>
    <time>2026-05-20T14:09:27Z</time>
   </trkpt>
   <trkpt lat="44.9902900" lon="10.4035140">
    <ele>24.3</ele>
    <time>2026-05-20T14:09:28Z</time>
   </trkpt>
   <trkpt lat="44.9902860" lon="10.4035180">
    <ele>24.3</ele>
    <time>2026-05-20T14:09:29Z</time>
   </trkpt>
   <trkpt lat="44.9902860" lon="10.4035140">
    <ele>24.3</ele>
    <time>2026-05-20T14:09:30Z</time>
   </trkpt>
   <trkpt lat="44.9902860" lon="10.4035140">
    <ele>24.3</ele>
    <time>2026-05-20T14:09:31Z</time>
   </trkpt>
   <trkpt lat="44.9902860" lon="10.4035140">
    <ele>24.3</ele>
    <time>2026-05-20T14:09:32Z</time>
   </trkpt>
   <trkpt lat="44.9902880" lon="10.4035210">
    <ele>24.3</ele>
    <time>2026-05-20T14:09:33Z</time>
   </trkpt>
   <trkpt lat="44.9902890" lon="10.4035260">
    <ele>24.3</ele>
    <time>2026-05-20T14:09:34Z</time>
   </trkpt>
   <trkpt lat="44.9902920" lon="10.4035260">
    <ele>24.3</ele>
    <time>2026-05-20T14:09:35Z</time>
   </trkpt>
   <trkpt lat="44.9902920" lon="10.4035250">
    <ele>24.3</ele>
    <time>2026-05-20T14:09:36Z</time>
   </trkpt>
   <trkpt lat="44.9902920" lon="10.4035250">
    <ele>24.3</ele>
    <time>2026-05-20T14:09:37Z</time>
   </trkpt>
   <trkpt lat="44.9902920" lon="10.4035250">
    <ele>24.3</ele>
    <time>2026-05-20T14:09:38Z</time>
   </trkpt>
   <trkpt lat="44.9902890" lon="10.4035270">
    <ele>24.3</ele>
    <time>2026-05-20T14:09:39Z</time>
   </trkpt>
   <trkpt lat="44.9902890" lon="10.4035270">
    <ele>24.3</ele>
    <time>2026-05-20T14:09:40Z</time>
   </trkpt>
   <trkpt lat="44.9902890" lon="10.4035270">
    <ele>24.3</ele>
    <time>2026-05-20T14:09:41Z</time>
   </trkpt>
   <trkpt lat="44.9902890" lon="10.4035270">
    <ele>24.3</ele>
    <time>2026-05-20T14:09:42Z</time>
   </trkpt>
   <trkpt lat="44.9902890" lon="10.4035270">
    <ele>24.3</ele>
    <time>2026-05-20T14:09:43Z</time>
   </trkpt>
   <trkpt lat="44.9902890" lon="10.4035270">
    <ele>24.3</ele>
    <time>2026-05-20T14:09:44Z</time>
   </trkpt>
   <trkpt lat="44.9902890" lon="10.4035270">
    <ele>24.3</ele>
    <time>2026-05-20T14:09:45Z</time>
   </trkpt>
   <trkpt lat="44.9902890" lon="10.4035270">
    <ele>24.3</ele>
    <time>2026-05-20T14:09:46Z</time>
   </trkpt>
   <trkpt lat="44.9902890" lon="10.4035270">
    <ele>24.3</ele>
    <time>2026-05-20T14:09:47Z</time>
   </trkpt>
   <trkpt lat="44.9902890" lon="10.4035270">
    <ele>24.3</ele>
    <time>2026-05-20T14:09:48Z</time>
   </trkpt>
   <trkpt lat="44.9902760" lon="10.4035390">
    <ele>24.3</ele>
    <time>2026-05-20T14:09:49Z</time>
   </trkpt>
   <trkpt lat="44.9902730" lon="10.4035400">
    <ele>24.3</ele>
    <time>2026-05-20T14:09:50Z</time>
   </trkpt>
   <trkpt lat="44.9902730" lon="10.4035400">
    <ele>24.3</ele>
    <time>2026-05-20T14:09:51Z</time>
   </trkpt>
   <trkpt lat="44.9902730" lon="10.4035400">
    <ele>24.3</ele>
    <time>2026-05-20T14:09:52Z</time>
   </trkpt>
   <trkpt lat="44.9902730" lon="10.4035400">
    <ele>24.3</ele>
    <time>2026-05-20T14:09:53Z</time>
   </trkpt>
   <trkpt lat="44.9902730" lon="10.4035400">
    <ele>24.3</ele>
    <time>2026-05-20T14:09:54Z</time>
   </trkpt>
   <trkpt lat="44.9902660" lon="10.4035450">
    <ele>24.3</ele>
    <time>2026-05-20T14:09:55Z</time>
   </trkpt>
   <trkpt lat="44.9902670" lon="10.4035410">
    <ele>24.3</ele>
    <time>2026-05-20T14:09:56Z</time>
   </trkpt>
   <trkpt lat="44.9902630" lon="10.4035360">
    <ele>24.3</ele>
    <time>2026-05-20T14:09:57Z</time>
   </trkpt>
   <trkpt lat="44.9902590" lon="10.4035330">
    <ele>24.3</ele>
    <time>2026-05-20T14:09:58Z</time>
   </trkpt>
   <trkpt lat="44.9902660" lon="10.4035360">
    <ele>24.4</ele>
    <time>2026-05-20T14:09:59Z</time>
   </trkpt>
   <trkpt lat="44.9902730" lon="10.4035320">
    <ele>24.4</ele>
    <time>2026-05-20T14:10:00Z</time>
   </trkpt>
   <trkpt lat="44.9902620" lon="10.4035260">
    <ele>24.4</ele>
    <time>2026-05-20T14:10:01Z</time>
   </trkpt>
   <trkpt lat="44.9902620" lon="10.4035250">
    <ele>24.4</ele>
    <time>2026-05-20T14:10:02Z</time>
   </trkpt>
   <trkpt lat="44.9902550" lon="10.4035200">
    <ele>24.4</ele>
    <time>2026-05-20T14:10:03Z</time>
   </trkpt>
   <trkpt lat="44.9902560" lon="10.4035170">
    <ele>24.4</ele>
    <time>2026-05-20T14:10:04Z</time>
   </trkpt>
   <trkpt lat="44.9902620" lon="10.4035110">
    <ele>24.4</ele>
    <time>2026-05-20T14:10:05Z</time>
   </trkpt>
   <trkpt lat="44.9902740" lon="10.4035120">
    <ele>24.4</ele>
    <time>2026-05-20T14:10:06Z</time>
   </trkpt>
   <trkpt lat="44.9902810" lon="10.4035040">
    <ele>24.4</ele>
    <time>2026-05-20T14:10:07Z</time>
   </trkpt>
   <trkpt lat="44.9902950" lon="10.4035100">
    <ele>24.4</ele>
    <time>2026-05-20T14:10:08Z</time>
   </trkpt>
   <trkpt lat="44.9903040" lon="10.4035170">
    <ele>24.4</ele>
    <time>2026-05-20T14:10:09Z</time>
   </trkpt>
   <trkpt lat="44.9903120" lon="10.4035250">
    <ele>24.4</ele>
    <time>2026-05-20T14:10:10Z</time>
   </trkpt>
   <trkpt lat="44.9903200" lon="10.4035330">
    <ele>24.4</ele>
    <time>2026-05-20T14:10:11Z</time>
   </trkpt>
   <trkpt lat="44.9903490" lon="10.4035610">
    <ele>24.4</ele>
    <time>2026-05-20T14:10:12Z</time>
   </trkpt>
   <trkpt lat="44.9903660" lon="10.4035720">
    <ele>24.4</ele>
    <time>2026-05-20T14:10:13Z</time>
   </trkpt>
   <trkpt lat="44.9903770" lon="10.4035650">
    <ele>24.4</ele>
    <time>2026-05-20T14:10:14Z</time>
   </trkpt>
   <trkpt lat="44.9903890" lon="10.4035660">
    <ele>24.4</ele>
    <time>2026-05-20T14:10:15Z</time>
   </trkpt>
   <trkpt lat="44.9903970" lon="10.4035500">
    <ele>24.4</ele>
    <time>2026-05-20T14:10:16Z</time>
   </trkpt>
   <trkpt lat="44.9904030" lon="10.4035320">
    <ele>24.5</ele>
    <time>2026-05-20T14:10:17Z</time>
   </trkpt>
   <trkpt lat="44.9904030" lon="10.4035160">
    <ele>24.5</ele>
    <time>2026-05-20T14:10:18Z</time>
   </trkpt>
   <trkpt lat="44.9904030" lon="10.4035000">
    <ele>24.5</ele>
    <time>2026-05-20T14:10:19Z</time>
   </trkpt>
   <trkpt lat="44.9903990" lon="10.4034880">
    <ele>24.5</ele>
    <time>2026-05-20T14:10:20Z</time>
   </trkpt>
   <trkpt lat="44.9903970" lon="10.4034510">
    <ele>24.5</ele>
    <time>2026-05-20T14:10:21Z</time>
   </trkpt>
   <trkpt lat="44.9903990" lon="10.4034310">
    <ele>24.5</ele>
    <time>2026-05-20T14:10:22Z</time>
   </trkpt>
   <trkpt lat="44.9903830" lon="10.4034210">
    <ele>24.5</ele>
    <time>2026-05-20T14:10:23Z</time>
   </trkpt>
   <trkpt lat="44.9903770" lon="10.4034110">
    <ele>24.5</ele>
    <time>2026-05-20T14:10:24Z</time>
   </trkpt>
   <trkpt lat="44.9903910" lon="10.4034010">
    <ele>24.5</ele>
    <time>2026-05-20T14:10:25Z</time>
   </trkpt>
   <trkpt lat="44.9903970" lon="10.4033920">
    <ele>24.5</ele>
    <time>2026-05-20T14:10:26Z</time>
   </trkpt>
   <trkpt lat="44.9903980" lon="10.4033940">
    <ele>24.5</ele>
    <time>2026-05-20T14:10:27Z</time>
   </trkpt>
   <trkpt lat="44.9904040" lon="10.4033900">
    <ele>24.5</ele>
    <time>2026-05-20T14:10:28Z</time>
   </trkpt>
   <trkpt lat="44.9904020" lon="10.4033920">
    <ele>24.5</ele>
    <time>2026-05-20T14:10:29Z</time>
   </trkpt>
   <trkpt lat="44.9904030" lon="10.4033870">
    <ele>24.5</ele>
    <time>2026-05-20T14:10:30Z</time>
   </trkpt>
   <trkpt lat="44.9903950" lon="10.4033820">
    <ele>24.5</ele>
    <time>2026-05-20T14:10:31Z</time>
   </trkpt>
   <trkpt lat="44.9903940" lon="10.4033980">
    <ele>24.5</ele>
    <time>2026-05-20T14:10:32Z</time>
   </trkpt>
   <trkpt lat="44.9903980" lon="10.4033980">
    <ele>24.5</ele>
    <time>2026-05-20T14:10:33Z</time>
   </trkpt>
   <trkpt lat="44.9903950" lon="10.4033930">
    <ele>24.5</ele>
    <time>2026-05-20T14:10:34Z</time>
   </trkpt>
   <trkpt lat="44.9903890" lon="10.4033900">
    <ele>24.5</ele>
    <time>2026-05-20T14:10:35Z</time>
   </trkpt>
   <trkpt lat="44.9904000" lon="10.4033940">
    <ele>24.6</ele>
    <time>2026-05-20T14:10:36Z</time>
   </trkpt>
   <trkpt lat="44.9903990" lon="10.4034000">
    <ele>24.6</ele>
    <time>2026-05-20T14:10:37Z</time>
   </trkpt>
   <trkpt lat="44.9903980" lon="10.4034020">
    <ele>24.6</ele>
    <time>2026-05-20T14:10:38Z</time>
   </trkpt>
   <trkpt lat="44.9903960" lon="10.4033990">
    <ele>24.6</ele>
    <time>2026-05-20T14:10:39Z</time>
   </trkpt>
   <trkpt lat="44.9903950" lon="10.4034000">
    <ele>24.6</ele>
    <time>2026-05-20T14:10:40Z</time>
   </trkpt>
   <trkpt lat="44.9904030" lon="10.4034040">
    <ele>24.6</ele>
    <time>2026-05-20T14:10:41Z</time>
   </trkpt>
   <trkpt lat="44.9903990" lon="10.4034020">
    <ele>24.6</ele>
    <time>2026-05-20T14:10:42Z</time>
   </trkpt>
   <trkpt lat="44.9904030" lon="10.4034000">
    <ele>24.6</ele>
    <time>2026-05-20T14:10:43Z</time>
   </trkpt>
   <trkpt lat="44.9904070" lon="10.4034050">
    <ele>24.6</ele>
    <time>2026-05-20T14:10:44Z</time>
   </trkpt>
   <trkpt lat="44.9904010" lon="10.4034150">
    <ele>24.6</ele>
    <time>2026-05-20T14:10:45Z</time>
   </trkpt>
   <trkpt lat="44.9903960" lon="10.4034010">
    <ele>24.6</ele>
    <time>2026-05-20T14:10:46Z</time>
   </trkpt>
   <trkpt lat="44.9903920" lon="10.4033960">
    <ele>24.6</ele>
    <time>2026-05-20T14:10:47Z</time>
   </trkpt>
   <trkpt lat="44.9903870" lon="10.4034010">
    <ele>24.6</ele>
    <time>2026-05-20T14:10:48Z</time>
   </trkpt>
   <trkpt lat="44.9903990" lon="10.4034050">
    <ele>24.6</ele>
    <time>2026-05-20T14:10:49Z</time>
   </trkpt>
   <trkpt lat="44.9904030" lon="10.4034060">
    <ele>24.6</ele>
    <time>2026-05-20T14:10:51Z</time>
   </trkpt>
   <trkpt lat="44.9904020" lon="10.4034000">
    <ele>24.6</ele>
    <time>2026-05-20T14:10:52Z</time>
   </trkpt>
   <trkpt lat="44.9903990" lon="10.4033940">
    <ele>24.6</ele>
    <time>2026-05-20T14:10:53Z</time>
   </trkpt>
   <trkpt lat="44.9904010" lon="10.4033970">
    <ele>24.6</ele>
    <time>2026-05-20T14:10:54Z</time>
   </trkpt>
   <trkpt lat="44.9903960" lon="10.4033940">
    <ele>24.6</ele>
    <time>2026-05-20T14:10:55Z</time>
   </trkpt>
   <trkpt lat="44.9903960" lon="10.4033940">
    <ele>24.6</ele>
    <time>2026-05-20T14:10:56Z</time>
   </trkpt>
   <trkpt lat="44.9903960" lon="10.4033940">
    <ele>24.6</ele>
    <time>2026-05-20T14:10:57Z</time>
   </trkpt>
   <trkpt lat="44.9903960" lon="10.4033820">
    <ele>24.6</ele>
    <time>2026-05-20T14:10:58Z</time>
   </trkpt>
   <trkpt lat="44.9904050" lon="10.4033680">
    <ele>24.6</ele>
    <time>2026-05-20T14:10:59Z</time>
   </trkpt>
   <trkpt lat="44.9904050" lon="10.4033700">
    <ele>24.6</ele>
    <time>2026-05-20T14:11:00Z</time>
   </trkpt>
   <trkpt lat="44.9903940" lon="10.4033690">
    <ele>24.6</ele>
    <time>2026-05-20T14:11:01Z</time>
   </trkpt>
   <trkpt lat="44.9904030" lon="10.4033760">
    <ele>24.6</ele>
    <time>2026-05-20T14:11:02Z</time>
   </trkpt>
   <trkpt lat="44.9904080" lon="10.4033680">
    <ele>24.6</ele>
    <time>2026-05-20T14:11:03Z</time>
   </trkpt>
   <trkpt lat="44.9904080" lon="10.4033680">
    <ele>24.6</ele>
    <time>2026-05-20T14:11:04Z</time>
   </trkpt>
   <trkpt lat="44.9903900" lon="10.4033710">
    <ele>24.6</ele>
    <time>2026-05-20T14:11:05Z</time>
   </trkpt>
   <trkpt lat="44.9903980" lon="10.4033840">
    <ele>24.6</ele>
    <time>2026-05-20T14:11:06Z</time>
   </trkpt>
   <trkpt lat="44.9904020" lon="10.4033980">
    <ele>24.6</ele>
    <time>2026-05-20T14:11:07Z</time>
   </trkpt>
   <trkpt lat="44.9904020" lon="10.4033990">
    <ele>24.6</ele>
    <time>2026-05-20T14:11:08Z</time>
   </trkpt>
   <trkpt lat="44.9904020" lon="10.4033990">
    <ele>24.6</ele>
    <time>2026-05-20T14:11:09Z</time>
   </trkpt>
   <trkpt lat="44.9904090" lon="10.4034090">
    <ele>24.6</ele>
    <time>2026-05-20T14:11:10Z</time>
   </trkpt>
   <trkpt lat="44.9904110" lon="10.4034160">
    <ele>24.6</ele>
    <time>2026-05-20T14:11:11Z</time>
   </trkpt>
   <trkpt lat="44.9904120" lon="10.4034180">
    <ele>24.6</ele>
    <time>2026-05-20T14:11:12Z</time>
   </trkpt>
   <trkpt lat="44.9904100" lon="10.4034160">
    <ele>24.5</ele>
    <time>2026-05-20T14:11:13Z</time>
   </trkpt>
   <trkpt lat="44.9904120" lon="10.4034130">
    <ele>24.5</ele>
    <time>2026-05-20T14:11:14Z</time>
   </trkpt>
   <trkpt lat="44.9904140" lon="10.4034150">
    <ele>24.5</ele>
    <time>2026-05-20T14:11:15Z</time>
   </trkpt>
   <trkpt lat="44.9904140" lon="10.4034150">
    <ele>24.5</ele>
    <time>2026-05-20T14:11:16Z</time>
   </trkpt>
   <trkpt lat="44.9904130" lon="10.4034200">
    <ele>24.5</ele>
    <time>2026-05-20T14:11:17Z</time>
   </trkpt>
   <trkpt lat="44.9904110" lon="10.4034310">
    <ele>24.5</ele>
    <time>2026-05-20T14:11:18Z</time>
   </trkpt>
   <trkpt lat="44.9903940" lon="10.4034670">
    <ele>24.5</ele>
    <time>2026-05-20T14:11:19Z</time>
   </trkpt>
   <trkpt lat="44.9903900" lon="10.4034810">
    <ele>24.5</ele>
    <time>2026-05-20T14:11:20Z</time>
   </trkpt>
   <trkpt lat="44.9903860" lon="10.4034930">
    <ele>24.5</ele>
    <time>2026-05-20T14:11:21Z</time>
   </trkpt>
   <trkpt lat="44.9903770" lon="10.4035180">
    <ele>24.5</ele>
    <time>2026-05-20T14:11:22Z</time>
   </trkpt>
   <trkpt lat="44.9903650" lon="10.4035340">
    <ele>24.5</ele>
    <time>2026-05-20T14:11:23Z</time>
   </trkpt>
   <trkpt lat="44.9903640" lon="10.4035530">
    <ele>24.4</ele>
    <time>2026-05-20T14:11:24Z</time>
   </trkpt>
   <trkpt lat="44.9903650" lon="10.4035650">
    <ele>24.4</ele>
    <time>2026-05-20T14:11:25Z</time>
   </trkpt>
   <trkpt lat="44.9903560" lon="10.4035780">
    <ele>24.4</ele>
    <time>2026-05-20T14:11:26Z</time>
   </trkpt>
   <trkpt lat="44.9903460" lon="10.4035740">
    <ele>24.4</ele>
    <time>2026-05-20T14:11:27Z</time>
   </trkpt>
   <trkpt lat="44.9903370" lon="10.4035680">
    <ele>24.4</ele>
    <time>2026-05-20T14:11:28Z</time>
   </trkpt>
   <trkpt lat="44.9903200" lon="10.4035490">
    <ele>24.4</ele>
    <time>2026-05-20T14:11:29Z</time>
   </trkpt>
   <trkpt lat="44.9903160" lon="10.4035380">
    <ele>24.4</ele>
    <time>2026-05-20T14:11:30Z</time>
   </trkpt>
   <trkpt lat="44.9903130" lon="10.4035270">
    <ele>24.4</ele>
    <time>2026-05-20T14:11:31Z</time>
   </trkpt>
   <trkpt lat="44.9902970" lon="10.4035160">
    <ele>24.4</ele>
    <time>2026-05-20T14:11:32Z</time>
   </trkpt>
   <trkpt lat="44.9902850" lon="10.4035190">
    <ele>24.4</ele>
    <time>2026-05-20T14:11:33Z</time>
   </trkpt>
   <trkpt lat="44.9902740" lon="10.4035220">
    <ele>24.3</ele>
    <time>2026-05-20T14:11:34Z</time>
   </trkpt>
   <trkpt lat="44.9902750" lon="10.4035200">
    <ele>24.3</ele>
    <time>2026-05-20T14:11:35Z</time>
   </trkpt>
   <trkpt lat="44.9902700" lon="10.4035200">
    <ele>24.3</ele>
    <time>2026-05-20T14:11:36Z</time>
   </trkpt>
   <trkpt lat="44.9902590" lon="10.4035240">
    <ele>24.3</ele>
    <time>2026-05-20T14:11:37Z</time>
   </trkpt>
   <trkpt lat="44.9902590" lon="10.4035350">
    <ele>24.3</ele>
    <time>2026-05-20T14:11:38Z</time>
   </trkpt>
   <trkpt lat="44.9902550" lon="10.4035510">
    <ele>24.3</ele>
    <time>2026-05-20T14:11:39Z</time>
   </trkpt>
   <trkpt lat="44.9902580" lon="10.4035670">
    <ele>24.3</ele>
    <time>2026-05-20T14:11:40Z</time>
   </trkpt>
   <trkpt lat="44.9902590" lon="10.4035720">
    <ele>24.3</ele>
    <time>2026-05-20T14:11:41Z</time>
   </trkpt>
   <trkpt lat="44.9902560" lon="10.4035750">
    <ele>24.3</ele>
    <time>2026-05-20T14:11:42Z</time>
   </trkpt>
   <trkpt lat="44.9902550" lon="10.4035670">
    <ele>24.3</ele>
    <time>2026-05-20T14:11:43Z</time>
   </trkpt>
   <trkpt lat="44.9902520" lon="10.4035560">
    <ele>24.3</ele>
    <time>2026-05-20T14:11:44Z</time>
   </trkpt>
   <trkpt lat="44.9902480" lon="10.4035500">
    <ele>24.3</ele>
    <time>2026-05-20T14:11:45Z</time>
   </trkpt>
   <trkpt lat="44.9902400" lon="10.4035460">
    <ele>24.3</ele>
    <time>2026-05-20T14:11:46Z</time>
   </trkpt>
   <trkpt lat="44.9902450" lon="10.4035490">
    <ele>24.3</ele>
    <time>2026-05-20T14:11:47Z</time>
   </trkpt>
   <trkpt lat="44.9902420" lon="10.4035510">
    <ele>24.3</ele>
    <time>2026-05-20T14:11:48Z</time>
   </trkpt>
   <trkpt lat="44.9902370" lon="10.4035500">
    <ele>24.3</ele>
    <time>2026-05-20T14:11:49Z</time>
   </trkpt>
   <trkpt lat="44.9902340" lon="10.4035520">
    <ele>24.3</ele>
    <time>2026-05-20T14:11:50Z</time>
   </trkpt>
   <trkpt lat="44.9902360" lon="10.4035500">
    <ele>24.3</ele>
    <time>2026-05-20T14:11:51Z</time>
   </trkpt>
   <trkpt lat="44.9902340" lon="10.4035470">
    <ele>24.3</ele>
    <time>2026-05-20T14:11:52Z</time>
   </trkpt>
   <trkpt lat="44.9902370" lon="10.4035490">
    <ele>24.3</ele>
    <time>2026-05-20T14:11:53Z</time>
   </trkpt>
   <trkpt lat="44.9902400" lon="10.4035440">
    <ele>24.3</ele>
    <time>2026-05-20T14:11:54Z</time>
   </trkpt>
   <trkpt lat="44.9902380" lon="10.4035550">
    <ele>24.3</ele>
    <time>2026-05-20T14:11:55Z</time>
   </trkpt>
   <trkpt lat="44.9902270" lon="10.4035680">
    <ele>24.2</ele>
    <time>2026-05-20T14:11:56Z</time>
   </trkpt>
   <trkpt lat="44.9902150" lon="10.4035710">
    <ele>24.2</ele>
    <time>2026-05-20T14:11:57Z</time>
   </trkpt>
   <trkpt lat="44.9901980" lon="10.4035730">
    <ele>24.2</ele>
    <time>2026-05-20T14:11:58Z</time>
   </trkpt>
   <trkpt lat="44.9901800" lon="10.4035810">
    <ele>24.2</ele>
    <time>2026-05-20T14:11:59Z</time>
   </trkpt>
   <trkpt lat="44.9901700" lon="10.4035860">
    <ele>24.2</ele>
    <time>2026-05-20T14:12:00Z</time>
   </trkpt>
   <trkpt lat="44.9901610" lon="10.4035910">
    <ele>24.2</ele>
    <time>2026-05-20T14:12:01Z</time>
   </trkpt>
   <trkpt lat="44.9901500" lon="10.4036080">
    <ele>24.2</ele>
    <time>2026-05-20T14:12:02Z</time>
   </trkpt>
   <trkpt lat="44.9901440" lon="10.4036250">
    <ele>24.2</ele>
    <time>2026-05-20T14:12:03Z</time>
   </trkpt>
   <trkpt lat="44.9901450" lon="10.4036310">
    <ele>24.2</ele>
    <time>2026-05-20T14:12:04Z</time>
   </trkpt>
   <trkpt lat="44.9901390" lon="10.4036500">
    <ele>24.2</ele>
    <time>2026-05-20T14:12:05Z</time>
   </trkpt>
   <trkpt lat="44.9901390" lon="10.4036750">
    <ele>24.2</ele>
    <time>2026-05-20T14:12:06Z</time>
   </trkpt>
   <trkpt lat="44.9901410" lon="10.4036930">
    <ele>24.2</ele>
    <time>2026-05-20T14:12:07Z</time>
   </trkpt>
   <trkpt lat="44.9901380" lon="10.4037030">
    <ele>24.2</ele>
    <time>2026-05-20T14:12:08Z</time>
   </trkpt>
   <trkpt lat="44.9901380" lon="10.4037260">
    <ele>24.2</ele>
    <time>2026-05-20T14:12:09Z</time>
   </trkpt>
   <trkpt lat="44.9901430" lon="10.4037440">
    <ele>24.2</ele>
    <time>2026-05-20T14:12:10Z</time>
   </trkpt>
   <trkpt lat="44.9901420" lon="10.4037660">
    <ele>24.2</ele>
    <time>2026-05-20T14:12:11Z</time>
   </trkpt>
   <trkpt lat="44.9901360" lon="10.4038080">
    <ele>24.2</ele>
    <time>2026-05-20T14:12:12Z</time>
   </trkpt>
   <trkpt lat="44.9901330" lon="10.4038180">
    <ele>24.2</ele>
    <time>2026-05-20T14:12:13Z</time>
   </trkpt>
   <trkpt lat="44.9901320" lon="10.4038470">
    <ele>24.2</ele>
    <time>2026-05-20T14:12:14Z</time>
   </trkpt>
   <trkpt lat="44.9901320" lon="10.4038620">
    <ele>24.1</ele>
    <time>2026-05-20T14:12:15Z</time>
   </trkpt>
   <trkpt lat="44.9901320" lon="10.4038760">
    <ele>24.1</ele>
    <time>2026-05-20T14:12:16Z</time>
   </trkpt>
   <trkpt lat="44.9901330" lon="10.4039040">
    <ele>24.1</ele>
    <time>2026-05-20T14:12:17Z</time>
   </trkpt>
   <trkpt lat="44.9901340" lon="10.4039210">
    <ele>24.1</ele>
    <time>2026-05-20T14:12:18Z</time>
   </trkpt>
   <trkpt lat="44.9901390" lon="10.4039400">
    <ele>24.1</ele>
    <time>2026-05-20T14:12:19Z</time>
   </trkpt>
   <trkpt lat="44.9901430" lon="10.4039630">
    <ele>24.1</ele>
    <time>2026-05-20T14:12:20Z</time>
   </trkpt>
   <trkpt lat="44.9901440" lon="10.4039900">
    <ele>24.1</ele>
    <time>2026-05-20T14:12:21Z</time>
   </trkpt>
   <trkpt lat="44.9901410" lon="10.4040140">
    <ele>24.1</ele>
    <time>2026-05-20T14:12:22Z</time>
   </trkpt>
   <trkpt lat="44.9901430" lon="10.4040580">
    <ele>24.1</ele>
    <time>2026-05-20T14:12:23Z</time>
   </trkpt>
   <trkpt lat="44.9901430" lon="10.4040690">
    <ele>24.1</ele>
    <time>2026-05-20T14:12:24Z</time>
   </trkpt>
   <trkpt lat="44.9901420" lon="10.4041140">
    <ele>24.1</ele>
    <time>2026-05-20T14:12:25Z</time>
   </trkpt>
   <trkpt lat="44.9901430" lon="10.4041280">
    <ele>24.1</ele>
    <time>2026-05-20T14:12:26Z</time>
   </trkpt>
   <trkpt lat="44.9901440" lon="10.4041600">
    <ele>24.1</ele>
    <time>2026-05-20T14:12:27Z</time>
   </trkpt>
   <trkpt lat="44.9901460" lon="10.4041740">
    <ele>24.1</ele>
    <time>2026-05-20T14:12:28Z</time>
   </trkpt>
   <trkpt lat="44.9901470" lon="10.4041880">
    <ele>24.1</ele>
    <time>2026-05-20T14:12:29Z</time>
   </trkpt>
   <trkpt lat="44.9901500" lon="10.4042040">
    <ele>24.1</ele>
    <time>2026-05-20T14:12:30Z</time>
   </trkpt>
   <trkpt lat="44.9901510" lon="10.4042320">
    <ele>24.1</ele>
    <time>2026-05-20T14:12:31Z</time>
   </trkpt>
   <trkpt lat="44.9901490" lon="10.4042800">
    <ele>24.0</ele>
    <time>2026-05-20T14:12:32Z</time>
   </trkpt>
   <trkpt lat="44.9901460" lon="10.4042950">
    <ele>24.0</ele>
    <time>2026-05-20T14:12:33Z</time>
   </trkpt>
   <trkpt lat="44.9901540" lon="10.4043390">
    <ele>24.0</ele>
    <time>2026-05-20T14:12:34Z</time>
   </trkpt>
   <trkpt lat="44.9901570" lon="10.4043510">
    <ele>24.0</ele>
    <time>2026-05-20T14:12:35Z</time>
   </trkpt>
   <trkpt lat="44.9901510" lon="10.4043930">
    <ele>24.0</ele>
    <time>2026-05-20T14:12:36Z</time>
   </trkpt>
   <trkpt lat="44.9901560" lon="10.4044070">
    <ele>24.0</ele>
    <time>2026-05-20T14:12:37Z</time>
   </trkpt>
   <trkpt lat="44.9901590" lon="10.4044050">
    <ele>24.0</ele>
    <time>2026-05-20T14:12:38Z</time>
   </trkpt>
   <trkpt lat="44.9901550" lon="10.4044420">
    <ele>24.0</ele>
    <time>2026-05-20T14:12:39Z</time>
   </trkpt>
   <trkpt lat="44.9901550" lon="10.4044660">
    <ele>24.0</ele>
    <time>2026-05-20T14:12:40Z</time>
   </trkpt>
   <trkpt lat="44.9901550" lon="10.4044770">
    <ele>24.0</ele>
    <time>2026-05-20T14:12:41Z</time>
   </trkpt>
   <trkpt lat="44.9901540" lon="10.4044890">
    <ele>24.0</ele>
    <time>2026-05-20T14:12:42Z</time>
   </trkpt>
   <trkpt lat="44.9901540" lon="10.4045000">
    <ele>24.0</ele>
    <time>2026-05-20T14:12:43Z</time>
   </trkpt>
   <trkpt lat="44.9901530" lon="10.4045000">
    <ele>24.0</ele>
    <time>2026-05-20T14:12:44Z</time>
   </trkpt>
   <trkpt lat="44.9901530" lon="10.4045020">
    <ele>24.0</ele>
    <time>2026-05-20T14:12:45Z</time>
   </trkpt>
   <trkpt lat="44.9901570" lon="10.4045070">
    <ele>24.0</ele>
    <time>2026-05-20T14:12:46Z</time>
   </trkpt>
   <trkpt lat="44.9901550" lon="10.4045120">
    <ele>24.0</ele>
    <time>2026-05-20T14:12:47Z</time>
   </trkpt>
   <trkpt lat="44.9901580" lon="10.4045130">
    <ele>24.0</ele>
    <time>2026-05-20T14:12:48Z</time>
   </trkpt>
   <trkpt lat="44.9901550" lon="10.4045130">
    <ele>24.0</ele>
    <time>2026-05-20T14:12:49Z</time>
   </trkpt>
   <trkpt lat="44.9901550" lon="10.4045160">
    <ele>24.0</ele>
    <time>2026-05-20T14:12:50Z</time>
   </trkpt>
   <trkpt lat="44.9901560" lon="10.4045180">
    <ele>24.0</ele>
    <time>2026-05-20T14:12:51Z</time>
   </trkpt>
   <trkpt lat="44.9901570" lon="10.4045240">
    <ele>24.0</ele>
    <time>2026-05-20T14:12:52Z</time>
   </trkpt>
   <trkpt lat="44.9901550" lon="10.4045370">
    <ele>24.0</ele>
    <time>2026-05-20T14:12:53Z</time>
   </trkpt>
   <trkpt lat="44.9901500" lon="10.4045490">
    <ele>24.1</ele>
    <time>2026-05-20T14:12:54Z</time>
   </trkpt>
   <trkpt lat="44.9901460" lon="10.4045480">
    <ele>24.1</ele>
    <time>2026-05-20T14:12:55Z</time>
   </trkpt>
   <trkpt lat="44.9901460" lon="10.4045580">
    <ele>24.1</ele>
    <time>2026-05-20T14:12:56Z</time>
   </trkpt>
   <trkpt lat="44.9901450" lon="10.4045590">
    <ele>24.1</ele>
    <time>2026-05-20T14:12:57Z</time>
   </trkpt>
   <trkpt lat="44.9901430" lon="10.4045570">
    <ele>24.1</ele>
    <time>2026-05-20T14:12:58Z</time>
   </trkpt>
   <trkpt lat="44.9901420" lon="10.4045580">
    <ele>24.1</ele>
    <time>2026-05-20T14:12:59Z</time>
   </trkpt>
   <trkpt lat="44.9901450" lon="10.4045580">
    <ele>24.1</ele>
    <time>2026-05-20T14:13:00Z</time>
   </trkpt>
   <trkpt lat="44.9901450" lon="10.4045620">
    <ele>24.1</ele>
    <time>2026-05-20T14:13:01Z</time>
   </trkpt>
   <trkpt lat="44.9901500" lon="10.4045630">
    <ele>24.1</ele>
    <time>2026-05-20T14:13:02Z</time>
   </trkpt>
   <trkpt lat="44.9901500" lon="10.4045630">
    <ele>24.1</ele>
    <time>2026-05-20T14:13:03Z</time>
   </trkpt>
   <trkpt lat="44.9901490" lon="10.4045540">
    <ele>24.1</ele>
    <time>2026-05-20T14:13:04Z</time>
   </trkpt>
   <trkpt lat="44.9901520" lon="10.4045550">
    <ele>24.1</ele>
    <time>2026-05-20T14:13:05Z</time>
   </trkpt>
   <trkpt lat="44.9901520" lon="10.4045520">
    <ele>24.1</ele>
    <time>2026-05-20T14:13:06Z</time>
   </trkpt>
   <trkpt lat="44.9901580" lon="10.4045550">
    <ele>24.1</ele>
    <time>2026-05-20T14:13:07Z</time>
   </trkpt>
   <trkpt lat="44.9901560" lon="10.4045490">
    <ele>24.1</ele>
    <time>2026-05-20T14:13:08Z</time>
   </trkpt>
   <trkpt lat="44.9901570" lon="10.4045410">
    <ele>24.1</ele>
    <time>2026-05-20T14:13:09Z</time>
   </trkpt>
   <trkpt lat="44.9901540" lon="10.4045190">
    <ele>24.1</ele>
    <time>2026-05-20T14:13:10Z</time>
   </trkpt>
   <trkpt lat="44.9901540" lon="10.4045190">
    <ele>24.1</ele>
    <time>2026-05-20T14:13:11Z</time>
   </trkpt>
   <trkpt lat="44.9901540" lon="10.4045190">
    <ele>24.1</ele>
    <time>2026-05-20T14:13:12Z</time>
   </trkpt>
   <trkpt lat="44.9901540" lon="10.4045190">
    <ele>24.1</ele>
    <time>2026-05-20T14:13:13Z</time>
   </trkpt>
   <trkpt lat="44.9901540" lon="10.4045190">
    <ele>24.1</ele>
    <time>2026-05-20T14:13:14Z</time>
   </trkpt>
   <trkpt lat="44.9901680" lon="10.4045490">
    <ele>24.1</ele>
    <time>2026-05-20T14:13:15Z</time>
   </trkpt>
   <trkpt lat="44.9901680" lon="10.4045520">
    <ele>24.1</ele>
    <time>2026-05-20T14:13:16Z</time>
   </trkpt>
   <trkpt lat="44.9901680" lon="10.4045520">
    <ele>24.1</ele>
    <time>2026-05-20T14:13:17Z</time>
   </trkpt>
   <trkpt lat="44.9901670" lon="10.4045600">
    <ele>24.1</ele>
    <time>2026-05-20T14:13:18Z</time>
   </trkpt>
   <trkpt lat="44.9901670" lon="10.4045560">
    <ele>24.1</ele>
    <time>2026-05-20T14:13:19Z</time>
   </trkpt>
   <trkpt lat="44.9901670" lon="10.4045540">
    <ele>24.1</ele>
    <time>2026-05-20T14:13:20Z</time>
   </trkpt>
   <trkpt lat="44.9901670" lon="10.4045540">
    <ele>24.1</ele>
    <time>2026-05-20T14:13:21Z</time>
   </trkpt>
   <trkpt lat="44.9901670" lon="10.4045540">
    <ele>24.1</ele>
    <time>2026-05-20T14:13:22Z</time>
   </trkpt>
   <trkpt lat="44.9901670" lon="10.4045540">
    <ele>24.1</ele>
    <time>2026-05-20T14:13:23Z</time>
   </trkpt>
   <trkpt lat="44.9901670" lon="10.4045540">
    <ele>24.1</ele>
    <time>2026-05-20T14:13:24Z</time>
   </trkpt>
   <trkpt lat="44.9901670" lon="10.4045540">
    <ele>24.1</ele>
    <time>2026-05-20T14:13:25Z</time>
   </trkpt>
   <trkpt lat="44.9901580" lon="10.4045670">
    <ele>24.1</ele>
    <time>2026-05-20T14:13:26Z</time>
   </trkpt>
   <trkpt lat="44.9901590" lon="10.4045650">
    <ele>24.1</ele>
    <time>2026-05-20T14:13:27Z</time>
   </trkpt>
   <trkpt lat="44.9901600" lon="10.4045580">
    <ele>24.1</ele>
    <time>2026-05-20T14:13:28Z</time>
   </trkpt>
   <trkpt lat="44.9901580" lon="10.4045510">
    <ele>24.1</ele>
    <time>2026-05-20T14:13:29Z</time>
   </trkpt>
   <trkpt lat="44.9901550" lon="10.4045570">
    <ele>24.1</ele>
    <time>2026-05-20T14:13:30Z</time>
   </trkpt>
   <trkpt lat="44.9901610" lon="10.4045590">
    <ele>24.1</ele>
    <time>2026-05-20T14:13:31Z</time>
   </trkpt>
   <trkpt lat="44.9901520" lon="10.4045570">
    <ele>24.1</ele>
    <time>2026-05-20T14:13:32Z</time>
   </trkpt>
   <trkpt lat="44.9901530" lon="10.4045630">
    <ele>24.1</ele>
    <time>2026-05-20T14:13:33Z</time>
   </trkpt>
   <trkpt lat="44.9901520" lon="10.4045600">
    <ele>24.1</ele>
    <time>2026-05-20T14:13:34Z</time>
   </trkpt>
   <trkpt lat="44.9901480" lon="10.4045630">
    <ele>24.1</ele>
    <time>2026-05-20T14:13:35Z</time>
   </trkpt>
   <trkpt lat="44.9901550" lon="10.4045670">
    <ele>24.1</ele>
    <time>2026-05-20T14:13:36Z</time>
   </trkpt>
   <trkpt lat="44.9901580" lon="10.4045670">
    <ele>24.1</ele>
    <time>2026-05-20T14:13:37Z</time>
   </trkpt>
   <trkpt lat="44.9901600" lon="10.4045710">
    <ele>24.1</ele>
    <time>2026-05-20T14:13:38Z</time>
   </trkpt>
   <trkpt lat="44.9901610" lon="10.4045700">
    <ele>24.1</ele>
    <time>2026-05-20T14:13:39Z</time>
   </trkpt>
   <trkpt lat="44.9901610" lon="10.4045700">
    <ele>24.1</ele>
    <time>2026-05-20T14:13:40Z</time>
   </trkpt>
   <trkpt lat="44.9901610" lon="10.4045690">
    <ele>24.1</ele>
    <time>2026-05-20T14:13:41Z</time>
   </trkpt>
   <trkpt lat="44.9901610" lon="10.4045740">
    <ele>24.1</ele>
    <time>2026-05-20T14:13:42Z</time>
   </trkpt>
   <trkpt lat="44.9901610" lon="10.4045750">
    <ele>24.1</ele>
    <time>2026-05-20T14:13:43Z</time>
   </trkpt>
   <trkpt lat="44.9901630" lon="10.4045700">
    <ele>24.1</ele>
    <time>2026-05-20T14:13:44Z</time>
   </trkpt>
   <trkpt lat="44.9901660" lon="10.4045720">
    <ele>24.1</ele>
    <time>2026-05-20T14:13:45Z</time>
   </trkpt>
   <trkpt lat="44.9901660" lon="10.4045720">
    <ele>24.1</ele>
    <time>2026-05-20T14:13:46Z</time>
   </trkpt>
   <trkpt lat="44.9901720" lon="10.4045680">
    <ele>24.1</ele>
    <time>2026-05-20T14:13:47Z</time>
   </trkpt>
   <trkpt lat="44.9901730" lon="10.4045590">
    <ele>24.1</ele>
    <time>2026-05-20T14:13:48Z</time>
   </trkpt>
   <trkpt lat="44.9901710" lon="10.4045610">
    <ele>24.1</ele>
    <time>2026-05-20T14:13:49Z</time>
   </trkpt>
   <trkpt lat="44.9901720" lon="10.4045530">
    <ele>24.1</ele>
    <time>2026-05-20T14:13:50Z</time>
   </trkpt>
   <trkpt lat="44.9901720" lon="10.4045540">
    <ele>24.1</ele>
    <time>2026-05-20T14:13:51Z</time>
   </trkpt>
   <trkpt lat="44.9901710" lon="10.4045540">
    <ele>24.1</ele>
    <time>2026-05-20T14:13:52Z</time>
   </trkpt>
   <trkpt lat="44.9901710" lon="10.4045550">
    <ele>24.1</ele>
    <time>2026-05-20T14:13:53Z</time>
   </trkpt>
   <trkpt lat="44.9901690" lon="10.4045520">
    <ele>24.1</ele>
    <time>2026-05-20T14:13:54Z</time>
   </trkpt>
   <trkpt lat="44.9901700" lon="10.4045520">
    <ele>24.1</ele>
    <time>2026-05-20T14:13:55Z</time>
   </trkpt>
   <trkpt lat="44.9901730" lon="10.4045550">
    <ele>24.1</ele>
    <time>2026-05-20T14:13:56Z</time>
   </trkpt>
   <trkpt lat="44.9901680" lon="10.4045550">
    <ele>24.1</ele>
    <time>2026-05-20T14:13:57Z</time>
   </trkpt>
   <trkpt lat="44.9901660" lon="10.4045520">
    <ele>24.1</ele>
    <time>2026-05-20T14:13:58Z</time>
   </trkpt>
   <trkpt lat="44.9901640" lon="10.4045540">
    <ele>24.1</ele>
    <time>2026-05-20T14:13:59Z</time>
   </trkpt>
   <trkpt lat="44.9901640" lon="10.4045540">
    <ele>24.1</ele>
    <time>2026-05-20T14:14:00Z</time>
   </trkpt>
   <trkpt lat="44.9901640" lon="10.4045540">
    <ele>24.1</ele>
    <time>2026-05-20T14:14:01Z</time>
   </trkpt>
   <trkpt lat="44.9901640" lon="10.4045540">
    <ele>24.1</ele>
    <time>2026-05-20T14:14:02Z</time>
   </trkpt>
   <trkpt lat="44.9901640" lon="10.4045540">
    <ele>24.1</ele>
    <time>2026-05-20T14:14:03Z</time>
   </trkpt>
   <trkpt lat="44.9901540" lon="10.4045450">
    <ele>24.1</ele>
    <time>2026-05-20T14:14:04Z</time>
   </trkpt>
   <trkpt lat="44.9901540" lon="10.4045450">
    <ele>24.1</ele>
    <time>2026-05-20T14:14:05Z</time>
   </trkpt>
   <trkpt lat="44.9901550" lon="10.4045430">
    <ele>24.1</ele>
    <time>2026-05-20T14:14:06Z</time>
   </trkpt>
   <trkpt lat="44.9901540" lon="10.4045430">
    <ele>24.1</ele>
    <time>2026-05-20T14:14:07Z</time>
   </trkpt>
   <trkpt lat="44.9901510" lon="10.4045470">
    <ele>24.1</ele>
    <time>2026-05-20T14:14:08Z</time>
   </trkpt>
   <trkpt lat="44.9901520" lon="10.4045560">
    <ele>24.1</ele>
    <time>2026-05-20T14:14:09Z</time>
   </trkpt>
   <trkpt lat="44.9901460" lon="10.4045550">
    <ele>24.1</ele>
    <time>2026-05-20T14:14:10Z</time>
   </trkpt>
   <trkpt lat="44.9901490" lon="10.4045630">
    <ele>24.1</ele>
    <time>2026-05-20T14:14:11Z</time>
   </trkpt>
   <trkpt lat="44.9901510" lon="10.4045620">
    <ele>24.1</ele>
    <time>2026-05-20T14:14:12Z</time>
   </trkpt>
   <trkpt lat="44.9901520" lon="10.4045610">
    <ele>24.1</ele>
    <time>2026-05-20T14:14:13Z</time>
   </trkpt>
   <trkpt lat="44.9901530" lon="10.4045610">
    <ele>24.1</ele>
    <time>2026-05-20T14:14:14Z</time>
   </trkpt>
   <trkpt lat="44.9901480" lon="10.4045590">
    <ele>24.1</ele>
    <time>2026-05-20T14:14:15Z</time>
   </trkpt>
   <trkpt lat="44.9901460" lon="10.4045410">
    <ele>24.2</ele>
    <time>2026-05-20T14:14:16Z</time>
   </trkpt>
   <trkpt lat="44.9901480" lon="10.4045630">
    <ele>24.2</ele>
    <time>2026-05-20T14:14:17Z</time>
   </trkpt>
   <trkpt lat="44.9901420" lon="10.4045680">
    <ele>24.2</ele>
    <time>2026-05-20T14:14:18Z</time>
   </trkpt>
   <trkpt lat="44.9901430" lon="10.4045670">
    <ele>24.2</ele>
    <time>2026-05-20T14:14:19Z</time>
   </trkpt>
   <trkpt lat="44.9901430" lon="10.4045670">
    <ele>24.2</ele>
    <time>2026-05-20T14:14:20Z</time>
   </trkpt>
   <trkpt lat="44.9901450" lon="10.4045590">
    <ele>24.2</ele>
    <time>2026-05-20T14:14:21Z</time>
   </trkpt>
   <trkpt lat="44.9901420" lon="10.4045650">
    <ele>24.2</ele>
    <time>2026-05-20T14:14:22Z</time>
   </trkpt>
   <trkpt lat="44.9901460" lon="10.4045600">
    <ele>24.2</ele>
    <time>2026-05-20T14:14:23Z</time>
   </trkpt>
   <trkpt lat="44.9901410" lon="10.4045550">
    <ele>24.2</ele>
    <time>2026-05-20T14:14:24Z</time>
   </trkpt>
   <trkpt lat="44.9901430" lon="10.4045650">
    <ele>24.2</ele>
    <time>2026-05-20T14:14:25Z</time>
   </trkpt>
   <trkpt lat="44.9901460" lon="10.4045630">
    <ele>24.2</ele>
    <time>2026-05-20T14:14:26Z</time>
   </trkpt>
   <trkpt lat="44.9901490" lon="10.4045740">
    <ele>24.2</ele>
    <time>2026-05-20T14:14:27Z</time>
   </trkpt>
   <trkpt lat="44.9901450" lon="10.4045720">
    <ele>24.2</ele>
    <time>2026-05-20T14:14:28Z</time>
   </trkpt>
   <trkpt lat="44.9901300" lon="10.4045580">
    <ele>24.2</ele>
    <time>2026-05-20T14:14:29Z</time>
   </trkpt>
   <trkpt lat="44.9901350" lon="10.4045590">
    <ele>24.2</ele>
    <time>2026-05-20T14:14:30Z</time>
   </trkpt>
   <trkpt lat="44.9901470" lon="10.4045680">
    <ele>24.2</ele>
    <time>2026-05-20T14:14:31Z</time>
   </trkpt>
   <trkpt lat="44.9901470" lon="10.4045700">
    <ele>24.2</ele>
    <time>2026-05-20T14:14:32Z</time>
   </trkpt>
   <trkpt lat="44.9901500" lon="10.4045700">
    <ele>24.2</ele>
    <time>2026-05-20T14:14:33Z</time>
   </trkpt>
   <trkpt lat="44.9901470" lon="10.4045750">
    <ele>24.2</ele>
    <time>2026-05-20T14:14:34Z</time>
   </trkpt>
   <trkpt lat="44.9901460" lon="10.4045810">
    <ele>24.2</ele>
    <time>2026-05-20T14:14:35Z</time>
   </trkpt>
   <trkpt lat="44.9901350" lon="10.4045640">
    <ele>24.2</ele>
    <time>2026-05-20T14:14:36Z</time>
   </trkpt>
   <trkpt lat="44.9901410" lon="10.4045710">
    <ele>24.2</ele>
    <time>2026-05-20T14:14:37Z</time>
   </trkpt>
   <trkpt lat="44.9901480" lon="10.4045790">
    <ele>24.3</ele>
    <time>2026-05-20T14:14:38Z</time>
   </trkpt>
   <trkpt lat="44.9901550" lon="10.4045870">
    <ele>24.3</ele>
    <time>2026-05-20T14:14:39Z</time>
   </trkpt>
   <trkpt lat="44.9901540" lon="10.4045910">
    <ele>24.3</ele>
    <time>2026-05-20T14:14:40Z</time>
   </trkpt>
   <trkpt lat="44.9901540" lon="10.4045910">
    <ele>24.3</ele>
    <time>2026-05-20T14:14:41Z</time>
   </trkpt>
   <trkpt lat="44.9901570" lon="10.4045910">
    <ele>24.3</ele>
    <time>2026-05-20T14:14:42Z</time>
   </trkpt>
   <trkpt lat="44.9901580" lon="10.4045950">
    <ele>24.3</ele>
    <time>2026-05-20T14:14:43Z</time>
   </trkpt>
   <trkpt lat="44.9901540" lon="10.4045930">
    <ele>24.3</ele>
    <time>2026-05-20T14:14:44Z</time>
   </trkpt>
   <trkpt lat="44.9901550" lon="10.4045960">
    <ele>24.3</ele>
    <time>2026-05-20T14:14:45Z</time>
   </trkpt>
   <trkpt lat="44.9901550" lon="10.4045990">
    <ele>24.3</ele>
    <time>2026-05-20T14:14:46Z</time>
   </trkpt>
   <trkpt lat="44.9901600" lon="10.4045980">
    <ele>24.3</ele>
    <time>2026-05-20T14:14:47Z</time>
   </trkpt>
   <trkpt lat="44.9901610" lon="10.4045950">
    <ele>24.3</ele>
    <time>2026-05-20T14:14:48Z</time>
   </trkpt>
   <trkpt lat="44.9901670" lon="10.4045940">
    <ele>24.3</ele>
    <time>2026-05-20T14:14:49Z</time>
   </trkpt>
   <trkpt lat="44.9901870" lon="10.4045840">
    <ele>24.3</ele>
    <time>2026-05-20T14:14:50Z</time>
   </trkpt>
   <trkpt lat="44.9901760" lon="10.4045650">
    <ele>24.3</ele>
    <time>2026-05-20T14:14:51Z</time>
   </trkpt>
   <trkpt lat="44.9901540" lon="10.4045550">
    <ele>24.3</ele>
    <time>2026-05-20T14:14:52Z</time>
   </trkpt>
   <trkpt lat="44.9901700" lon="10.4045440">
    <ele>24.3</ele>
    <time>2026-05-20T14:14:53Z</time>
   </trkpt>
   <trkpt lat="44.9901800" lon="10.4045460">
    <ele>24.3</ele>
    <time>2026-05-20T14:14:54Z</time>
   </trkpt>
   <trkpt lat="44.9901690" lon="10.4045540">
    <ele>24.3</ele>
    <time>2026-05-20T14:14:55Z</time>
   </trkpt>
   <trkpt lat="44.9901720" lon="10.4045980">
    <ele>24.4</ele>
    <time>2026-05-20T14:14:56Z</time>
   </trkpt>
   <trkpt lat="44.9901630" lon="10.4046270">
    <ele>24.4</ele>
    <time>2026-05-20T14:14:57Z</time>
   </trkpt>
   <trkpt lat="44.9901610" lon="10.4046390">
    <ele>24.4</ele>
    <time>2026-05-20T14:14:58Z</time>
   </trkpt>
   <trkpt lat="44.9901590" lon="10.4046510">
    <ele>24.4</ele>
    <time>2026-05-20T14:14:59Z</time>
   </trkpt>
   <trkpt lat="44.9901560" lon="10.4046740">
    <ele>24.4</ele>
    <time>2026-05-20T14:15:00Z</time>
   </trkpt>
   <trkpt lat="44.9901450" lon="10.4046870">
    <ele>24.4</ele>
    <time>2026-05-20T14:15:01Z</time>
   </trkpt>
   <trkpt lat="44.9901400" lon="10.4047320">
    <ele>24.4</ele>
    <time>2026-05-20T14:15:02Z</time>
   </trkpt>
   <trkpt lat="44.9901360" lon="10.4047420">
    <ele>24.4</ele>
    <time>2026-05-20T14:15:03Z</time>
   </trkpt>
   <trkpt lat="44.9901390" lon="10.4047860">
    <ele>24.4</ele>
    <time>2026-05-20T14:15:04Z</time>
   </trkpt>
   <trkpt lat="44.9901510" lon="10.4048060">
    <ele>24.4</ele>
    <time>2026-05-20T14:15:05Z</time>
   </trkpt>
   <trkpt lat="44.9901490" lon="10.4048220">
    <ele>24.4</ele>
    <time>2026-05-20T14:15:06Z</time>
   </trkpt>
   <trkpt lat="44.9901360" lon="10.4048780">
    <ele>24.5</ele>
    <time>2026-05-20T14:15:07Z</time>
   </trkpt>
   <trkpt lat="44.9901350" lon="10.4049200">
    <ele>24.5</ele>
    <time>2026-05-20T14:15:08Z</time>
   </trkpt>
   <trkpt lat="44.9901380" lon="10.4049350">
    <ele>24.5</ele>
    <time>2026-05-20T14:15:09Z</time>
   </trkpt>
   <trkpt lat="44.9901320" lon="10.4049560">
    <ele>24.5</ele>
    <time>2026-05-20T14:15:10Z</time>
   </trkpt>
   <trkpt lat="44.9901290" lon="10.4049820">
    <ele>24.5</ele>
    <time>2026-05-20T14:15:11Z</time>
   </trkpt>
   <trkpt lat="44.9901390" lon="10.4050140">
    <ele>24.5</ele>
    <time>2026-05-20T14:15:12Z</time>
   </trkpt>
   <trkpt lat="44.9901420" lon="10.4050350">
    <ele>24.5</ele>
    <time>2026-05-20T14:15:13Z</time>
   </trkpt>
   <trkpt lat="44.9901350" lon="10.4050730">
    <ele>24.5</ele>
    <time>2026-05-20T14:15:14Z</time>
   </trkpt>
   <trkpt lat="44.9901530" lon="10.4051160">
    <ele>24.5</ele>
    <time>2026-05-20T14:15:15Z</time>
   </trkpt>
   <trkpt lat="44.9901590" lon="10.4051290">
    <ele>24.5</ele>
    <time>2026-05-20T14:15:16Z</time>
   </trkpt>
   <trkpt lat="44.9901630" lon="10.4051750">
    <ele>24.5</ele>
    <time>2026-05-20T14:15:17Z</time>
   </trkpt>
   <trkpt lat="44.9901610" lon="10.4052230">
    <ele>24.5</ele>
    <time>2026-05-20T14:15:18Z</time>
   </trkpt>
   <trkpt lat="44.9901640" lon="10.4052700">
    <ele>24.5</ele>
    <time>2026-05-20T14:15:19Z</time>
   </trkpt>
   <trkpt lat="44.9901660" lon="10.4052840">
    <ele>24.5</ele>
    <time>2026-05-20T14:15:20Z</time>
   </trkpt>
   <trkpt lat="44.9901730" lon="10.4053260">
    <ele>24.5</ele>
    <time>2026-05-20T14:15:21Z</time>
   </trkpt>
   <trkpt lat="44.9901690" lon="10.4053350">
    <ele>24.5</ele>
    <time>2026-05-20T14:15:22Z</time>
   </trkpt>
   <trkpt lat="44.9901740" lon="10.4053510">
    <ele>24.5</ele>
    <time>2026-05-20T14:15:23Z</time>
   </trkpt>
   <trkpt lat="44.9901790" lon="10.4053790">
    <ele>24.5</ele>
    <time>2026-05-20T14:15:24Z</time>
   </trkpt>
   <trkpt lat="44.9901770" lon="10.4054170">
    <ele>24.5</ele>
    <time>2026-05-20T14:15:25Z</time>
   </trkpt>
   <trkpt lat="44.9901770" lon="10.4054260">
    <ele>24.5</ele>
    <time>2026-05-20T14:15:26Z</time>
   </trkpt>
   <trkpt lat="44.9901770" lon="10.4054350">
    <ele>24.5</ele>
    <time>2026-05-20T14:15:27Z</time>
   </trkpt>
   <trkpt lat="44.9901730" lon="10.4054570">
    <ele>24.5</ele>
    <time>2026-05-20T14:15:28Z</time>
   </trkpt>
   <trkpt lat="44.9901840" lon="10.4054810">
    <ele>24.4</ele>
    <time>2026-05-20T14:15:29Z</time>
   </trkpt>
   <trkpt lat="44.9901910" lon="10.4055030">
    <ele>24.4</ele>
    <time>2026-05-20T14:15:30Z</time>
   </trkpt>
   <trkpt lat="44.9901820" lon="10.4055190">
    <ele>24.4</ele>
    <time>2026-05-20T14:15:31Z</time>
   </trkpt>
   <trkpt lat="44.9901840" lon="10.4055450">
    <ele>24.4</ele>
    <time>2026-05-20T14:15:32Z</time>
   </trkpt>
   <trkpt lat="44.9901800" lon="10.4055700">
    <ele>24.4</ele>
    <time>2026-05-20T14:15:33Z</time>
   </trkpt>
   <trkpt lat="44.9901710" lon="10.4056140">
    <ele>24.4</ele>
    <time>2026-05-20T14:15:34Z</time>
   </trkpt>
   <trkpt lat="44.9901700" lon="10.4056220">
    <ele>24.4</ele>
    <time>2026-05-20T14:15:35Z</time>
   </trkpt>
   <trkpt lat="44.9901740" lon="10.4056540">
    <ele>24.4</ele>
    <time>2026-05-20T14:15:36Z</time>
   </trkpt>
   <trkpt lat="44.9901740" lon="10.4056650">
    <ele>24.4</ele>
    <time>2026-05-20T14:15:37Z</time>
   </trkpt>
   <trkpt lat="44.9901740" lon="10.4056770">
    <ele>24.4</ele>
    <time>2026-05-20T14:15:38Z</time>
   </trkpt>
   <trkpt lat="44.9901780" lon="10.4056980">
    <ele>24.4</ele>
    <time>2026-05-20T14:15:39Z</time>
   </trkpt>
   <trkpt lat="44.9901790" lon="10.4057190">
    <ele>24.4</ele>
    <time>2026-05-20T14:15:40Z</time>
   </trkpt>
   <trkpt lat="44.9901840" lon="10.4057240">
    <ele>24.4</ele>
    <time>2026-05-20T14:15:41Z</time>
   </trkpt>
   <trkpt lat="44.9901850" lon="10.4057400">
    <ele>24.4</ele>
    <time>2026-05-20T14:15:42Z</time>
   </trkpt>
   <trkpt lat="44.9901840" lon="10.4057430">
    <ele>24.4</ele>
    <time>2026-05-20T14:15:43Z</time>
   </trkpt>
   <trkpt lat="44.9901840" lon="10.4057480">
    <ele>24.4</ele>
    <time>2026-05-20T14:15:44Z</time>
   </trkpt>
   <trkpt lat="44.9901810" lon="10.4057520">
    <ele>24.4</ele>
    <time>2026-05-20T14:15:45Z</time>
   </trkpt>
   <trkpt lat="44.9901790" lon="10.4057540">
    <ele>24.4</ele>
    <time>2026-05-20T14:15:46Z</time>
   </trkpt>
   <trkpt lat="44.9901780" lon="10.4057640">
    <ele>24.4</ele>
    <time>2026-05-20T14:15:47Z</time>
   </trkpt>
   <trkpt lat="44.9901730" lon="10.4057570">
    <ele>24.4</ele>
    <time>2026-05-20T14:15:48Z</time>
   </trkpt>
   <trkpt lat="44.9901730" lon="10.4057610">
    <ele>24.4</ele>
    <time>2026-05-20T14:15:49Z</time>
   </trkpt>
   <trkpt lat="44.9901780" lon="10.4057670">
    <ele>24.4</ele>
    <time>2026-05-20T14:15:50Z</time>
   </trkpt>
   <trkpt lat="44.9901790" lon="10.4057710">
    <ele>24.4</ele>
    <time>2026-05-20T14:15:51Z</time>
   </trkpt>
   <trkpt lat="44.9901770" lon="10.4057700">
    <ele>24.4</ele>
    <time>2026-05-20T14:15:52Z</time>
   </trkpt>
   <trkpt lat="44.9901790" lon="10.4057730">
    <ele>24.4</ele>
    <time>2026-05-20T14:15:53Z</time>
   </trkpt>
   <trkpt lat="44.9901750" lon="10.4057750">
    <ele>24.4</ele>
    <time>2026-05-20T14:15:54Z</time>
   </trkpt>
   <trkpt lat="44.9901710" lon="10.4057760">
    <ele>24.4</ele>
    <time>2026-05-20T14:15:55Z</time>
   </trkpt>
   <trkpt lat="44.9901720" lon="10.4057780">
    <ele>24.4</ele>
    <time>2026-05-20T14:15:56Z</time>
   </trkpt>
   <trkpt lat="44.9901840" lon="10.4057990">
    <ele>24.4</ele>
    <time>2026-05-20T14:15:57Z</time>
   </trkpt>
   <trkpt lat="44.9901850" lon="10.4057910">
    <ele>24.4</ele>
    <time>2026-05-20T14:15:58Z</time>
   </trkpt>
   <trkpt lat="44.9901750" lon="10.4057900">
    <ele>24.4</ele>
    <time>2026-05-20T14:15:59Z</time>
   </trkpt>
   <trkpt lat="44.9901790" lon="10.4057900">
    <ele>24.4</ele>
    <time>2026-05-20T14:16:00Z</time>
   </trkpt>
   <trkpt lat="44.9901760" lon="10.4057880">
    <ele>24.4</ele>
    <time>2026-05-20T14:16:01Z</time>
   </trkpt>
   <trkpt lat="44.9901740" lon="10.4057910">
    <ele>24.4</ele>
    <time>2026-05-20T14:16:02Z</time>
   </trkpt>
   <trkpt lat="44.9901780" lon="10.4057930">
    <ele>24.4</ele>
    <time>2026-05-20T14:16:03Z</time>
   </trkpt>
   <trkpt lat="44.9901740" lon="10.4057920">
    <ele>24.4</ele>
    <time>2026-05-20T14:16:04Z</time>
   </trkpt>
   <trkpt lat="44.9901740" lon="10.4057920">
    <ele>24.4</ele>
    <time>2026-05-20T14:16:05Z</time>
   </trkpt>
   <trkpt lat="44.9901790" lon="10.4057910">
    <ele>24.4</ele>
    <time>2026-05-20T14:16:06Z</time>
   </trkpt>
   <trkpt lat="44.9901830" lon="10.4057930">
    <ele>24.4</ele>
    <time>2026-05-20T14:16:07Z</time>
   </trkpt>
   <trkpt lat="44.9901900" lon="10.4057920">
    <ele>24.4</ele>
    <time>2026-05-20T14:16:08Z</time>
   </trkpt>
   <trkpt lat="44.9901890" lon="10.4057930">
    <ele>24.4</ele>
    <time>2026-05-20T14:16:09Z</time>
   </trkpt>
   <trkpt lat="44.9901900" lon="10.4057970">
    <ele>24.4</ele>
    <time>2026-05-20T14:16:10Z</time>
   </trkpt>
   <trkpt lat="44.9901930" lon="10.4057950">
    <ele>24.4</ele>
    <time>2026-05-20T14:16:11Z</time>
   </trkpt>
   <trkpt lat="44.9901850" lon="10.4057960">
    <ele>24.4</ele>
    <time>2026-05-20T14:16:12Z</time>
   </trkpt>
   <trkpt lat="44.9901760" lon="10.4058000">
    <ele>24.4</ele>
    <time>2026-05-20T14:16:13Z</time>
   </trkpt>
   <trkpt lat="44.9901880" lon="10.4058000">
    <ele>24.4</ele>
    <time>2026-05-20T14:16:14Z</time>
   </trkpt>
   <trkpt lat="44.9901970" lon="10.4058010">
    <ele>24.4</ele>
    <time>2026-05-20T14:16:15Z</time>
   </trkpt>
   <trkpt lat="44.9901970" lon="10.4058000">
    <ele>24.4</ele>
    <time>2026-05-20T14:16:16Z</time>
   </trkpt>
   <trkpt lat="44.9901980" lon="10.4057990">
    <ele>24.4</ele>
    <time>2026-05-20T14:16:17Z</time>
   </trkpt>
   <trkpt lat="44.9901980" lon="10.4057970">
    <ele>24.4</ele>
    <time>2026-05-20T14:16:18Z</time>
   </trkpt>
   <trkpt lat="44.9901980" lon="10.4057960">
    <ele>24.4</ele>
    <time>2026-05-20T14:16:19Z</time>
   </trkpt>
   <trkpt lat="44.9901980" lon="10.4057950">
    <ele>24.4</ele>
    <time>2026-05-20T14:16:20Z</time>
   </trkpt>
   <trkpt lat="44.9901980" lon="10.4057940">
    <ele>24.4</ele>
    <time>2026-05-20T14:16:21Z</time>
   </trkpt>
   <trkpt lat="44.9901980" lon="10.4057930">
    <ele>24.4</ele>
    <time>2026-05-20T14:16:22Z</time>
   </trkpt>
   <trkpt lat="44.9901990" lon="10.4057920">
    <ele>24.4</ele>
    <time>2026-05-20T14:16:23Z</time>
   </trkpt>
   <trkpt lat="44.9901990" lon="10.4057900">
    <ele>24.4</ele>
    <time>2026-05-20T14:16:24Z</time>
   </trkpt>
   <trkpt lat="44.9901990" lon="10.4057890">
    <ele>24.4</ele>
    <time>2026-05-20T14:16:25Z</time>
   </trkpt>
   <trkpt lat="44.9901990" lon="10.4057880">
    <ele>24.4</ele>
    <time>2026-05-20T14:16:26Z</time>
   </trkpt>
   <trkpt lat="44.9901990" lon="10.4057870">
    <ele>24.4</ele>
    <time>2026-05-20T14:16:27Z</time>
   </trkpt>
   <trkpt lat="44.9902000" lon="10.4057860">
    <ele>24.4</ele>
    <time>2026-05-20T14:16:28Z</time>
   </trkpt>
   <trkpt lat="44.9902000" lon="10.4057850">
    <ele>24.4</ele>
    <time>2026-05-20T14:16:29Z</time>
   </trkpt>
   <trkpt lat="44.9902000" lon="10.4057830">
    <ele>24.4</ele>
    <time>2026-05-20T14:16:30Z</time>
   </trkpt>
   <trkpt lat="44.9902000" lon="10.4057820">
    <ele>24.4</ele>
    <time>2026-05-20T14:16:31Z</time>
   </trkpt>
   <trkpt lat="44.9902000" lon="10.4057810">
    <ele>24.4</ele>
    <time>2026-05-20T14:16:32Z</time>
   </trkpt>
   <trkpt lat="44.9902010" lon="10.4057800">
    <ele>24.4</ele>
    <time>2026-05-20T14:16:33Z</time>
   </trkpt>
   <trkpt lat="44.9902010" lon="10.4057790">
    <ele>24.4</ele>
    <time>2026-05-20T14:16:34Z</time>
   </trkpt>
   <trkpt lat="44.9902010" lon="10.4057780">
    <ele>24.4</ele>
    <time>2026-05-20T14:16:35Z</time>
   </trkpt>
   <trkpt lat="44.9902010" lon="10.4057760">
    <ele>24.4</ele>
    <time>2026-05-20T14:16:36Z</time>
   </trkpt>
   <trkpt lat="44.9902010" lon="10.4057750">
    <ele>24.4</ele>
    <time>2026-05-20T14:16:37Z</time>
   </trkpt>
   <trkpt lat="44.9902010" lon="10.4057740">
    <ele>24.4</ele>
    <time>2026-05-20T14:16:38Z</time>
   </trkpt>
   <trkpt lat="44.9902020" lon="10.4057730">
    <ele>24.4</ele>
    <time>2026-05-20T14:16:39Z</time>
   </trkpt>
   <trkpt lat="44.9902020" lon="10.4057720">
    <ele>24.4</ele>
    <time>2026-05-20T14:16:40Z</time>
   </trkpt>
   <trkpt lat="44.9902020" lon="10.4057710">
    <ele>24.4</ele>
    <time>2026-05-20T14:16:41Z</time>
   </trkpt>
   <trkpt lat="44.9902020" lon="10.4057690">
    <ele>24.4</ele>
    <time>2026-05-20T14:16:42Z</time>
   </trkpt>
   <trkpt lat="44.9902020" lon="10.4057680">
    <ele>24.4</ele>
    <time>2026-05-20T14:16:43Z</time>
   </trkpt>
   <trkpt lat="44.9902030" lon="10.4057670">
    <ele>24.4</ele>
    <time>2026-05-20T14:16:44Z</time>
   </trkpt>
   <trkpt lat="44.9902030" lon="10.4057660">
    <ele>24.4</ele>
    <time>2026-05-20T14:16:45Z</time>
   </trkpt>
   <trkpt lat="44.9902030" lon="10.4057650">
    <ele>24.4</ele>
    <time>2026-05-20T14:16:46Z</time>
   </trkpt>
   <trkpt lat="44.9902030" lon="10.4057640">
    <ele>24.4</ele>
    <time>2026-05-20T14:16:47Z</time>
   </trkpt>
   <trkpt lat="44.9902030" lon="10.4057620">
    <ele>24.4</ele>
    <time>2026-05-20T14:16:48Z</time>
   </trkpt>
   <trkpt lat="44.9902040" lon="10.4057610">
    <ele>24.4</ele>
    <time>2026-05-20T14:16:49Z</time>
   </trkpt>
   <trkpt lat="44.9902040" lon="10.4057600">
    <ele>24.4</ele>
    <time>2026-05-20T14:16:50Z</time>
   </trkpt>
   <trkpt lat="44.9902040" lon="10.4057590">
    <ele>24.4</ele>
    <time>2026-05-20T14:16:51Z</time>
   </trkpt>
   <trkpt lat="44.9902040" lon="10.4057580">
    <ele>24.4</ele>
    <time>2026-05-20T14:16:52Z</time>
   </trkpt>
   <trkpt lat="44.9902040" lon="10.4057570">
    <ele>24.4</ele>
    <time>2026-05-20T14:16:53Z</time>
   </trkpt>
   <trkpt lat="44.9902040" lon="10.4057550">
    <ele>24.4</ele>
    <time>2026-05-20T14:16:54Z</time>
   </trkpt>
   <trkpt lat="44.9902050" lon="10.4057540">
    <ele>24.4</ele>
    <time>2026-05-20T14:16:55Z</time>
   </trkpt>
   <trkpt lat="44.9902050" lon="10.4057530">
    <ele>24.4</ele>
    <time>2026-05-20T14:16:56Z</time>
   </trkpt>
   <trkpt lat="44.9902050" lon="10.4057520">
    <ele>24.4</ele>
    <time>2026-05-20T14:16:57Z</time>
   </trkpt>
   <trkpt lat="44.9901990" lon="10.4057440">
    <ele>24.4</ele>
    <time>2026-05-20T14:16:58Z</time>
   </trkpt>
   <trkpt lat="44.9901990" lon="10.4057440">
    <ele>24.4</ele>
    <time>2026-05-20T14:16:59Z</time>
   </trkpt>
   <trkpt lat="44.9901990" lon="10.4057440">
    <ele>24.4</ele>
    <time>2026-05-20T14:17:00Z</time>
   </trkpt>
   <trkpt lat="44.9901990" lon="10.4057440">
    <ele>24.4</ele>
    <time>2026-05-20T14:17:01Z</time>
   </trkpt>
   <trkpt lat="44.9902080" lon="10.4057630">
    <ele>24.4</ele>
    <time>2026-05-20T14:17:02Z</time>
   </trkpt>
   <trkpt lat="44.9902080" lon="10.4057630">
    <ele>24.4</ele>
    <time>2026-05-20T14:17:03Z</time>
   </trkpt>
   <trkpt lat="44.9902170" lon="10.4057650">
    <ele>24.4</ele>
    <time>2026-05-20T14:17:04Z</time>
   </trkpt>
   <trkpt lat="44.9902170" lon="10.4057650">
    <ele>24.4</ele>
    <time>2026-05-20T14:17:05Z</time>
   </trkpt>
   <trkpt lat="44.9902180" lon="10.4057700">
    <ele>24.4</ele>
    <time>2026-05-20T14:17:06Z</time>
   </trkpt>
   <trkpt lat="44.9902150" lon="10.4057770">
    <ele>24.4</ele>
    <time>2026-05-20T14:17:07Z</time>
   </trkpt>
   <trkpt lat="44.9902150" lon="10.4057790">
    <ele>24.4</ele>
    <time>2026-05-20T14:17:08Z</time>
   </trkpt>
   <trkpt lat="44.9902150" lon="10.4057790">
    <ele>24.4</ele>
    <time>2026-05-20T14:17:09Z</time>
   </trkpt>
   <trkpt lat="44.9902150" lon="10.4057790">
    <ele>24.4</ele>
    <time>2026-05-20T14:17:10Z</time>
   </trkpt>
   <trkpt lat="44.9902150" lon="10.4057790">
    <ele>24.4</ele>
    <time>2026-05-20T14:17:11Z</time>
   </trkpt>
   <trkpt lat="44.9902150" lon="10.4057790">
    <ele>24.4</ele>
    <time>2026-05-20T14:17:12Z</time>
   </trkpt>
   <trkpt lat="44.9902150" lon="10.4057790">
    <ele>24.4</ele>
    <time>2026-05-20T14:17:13Z</time>
   </trkpt>
   <trkpt lat="44.9902150" lon="10.4057790">
    <ele>24.4</ele>
    <time>2026-05-20T14:17:14Z</time>
   </trkpt>
   <trkpt lat="44.9902150" lon="10.4057790">
    <ele>24.4</ele>
    <time>2026-05-20T14:17:15Z</time>
   </trkpt>
   <trkpt lat="44.9902150" lon="10.4057790">
    <ele>24.4</ele>
    <time>2026-05-20T14:17:16Z</time>
   </trkpt>
   <trkpt lat="44.9902150" lon="10.4057790">
    <ele>24.4</ele>
    <time>2026-05-20T14:17:17Z</time>
   </trkpt>
   <trkpt lat="44.9901990" lon="10.4057770">
    <ele>24.4</ele>
    <time>2026-05-20T14:17:18Z</time>
   </trkpt>
   <trkpt lat="44.9901980" lon="10.4057770">
    <ele>24.4</ele>
    <time>2026-05-20T14:17:19Z</time>
   </trkpt>
   <trkpt lat="44.9901940" lon="10.4057770">
    <ele>24.4</ele>
    <time>2026-05-20T14:17:20Z</time>
   </trkpt>
   <trkpt lat="44.9901980" lon="10.4057760">
    <ele>24.4</ele>
    <time>2026-05-20T14:17:21Z</time>
   </trkpt>
   <trkpt lat="44.9901980" lon="10.4057760">
    <ele>24.4</ele>
    <time>2026-05-20T14:17:22Z</time>
   </trkpt>
   <trkpt lat="44.9901920" lon="10.4057770">
    <ele>24.4</ele>
    <time>2026-05-20T14:17:23Z</time>
   </trkpt>
   <trkpt lat="44.9901910" lon="10.4057770">
    <ele>24.4</ele>
    <time>2026-05-20T14:17:24Z</time>
   </trkpt>
   <trkpt lat="44.9901920" lon="10.4057850">
    <ele>24.4</ele>
    <time>2026-05-20T14:17:25Z</time>
   </trkpt>
   <trkpt lat="44.9901920" lon="10.4057850">
    <ele>24.4</ele>
    <time>2026-05-20T14:17:26Z</time>
   </trkpt>
   <trkpt lat="44.9901920" lon="10.4057850">
    <ele>24.4</ele>
    <time>2026-05-20T14:17:27Z</time>
   </trkpt>
   <trkpt lat="44.9901920" lon="10.4057850">
    <ele>24.4</ele>
    <time>2026-05-20T14:17:28Z</time>
   </trkpt>
   <trkpt lat="44.9901920" lon="10.4057850">
    <ele>24.4</ele>
    <time>2026-05-20T14:17:29Z</time>
   </trkpt>
   <trkpt lat="44.9901970" lon="10.4057960">
    <ele>24.4</ele>
    <time>2026-05-20T14:17:30Z</time>
   </trkpt>
   <trkpt lat="44.9901890" lon="10.4057900">
    <ele>24.4</ele>
    <time>2026-05-20T14:17:31Z</time>
   </trkpt>
   <trkpt lat="44.9901840" lon="10.4057900">
    <ele>24.4</ele>
    <time>2026-05-20T14:17:32Z</time>
   </trkpt>
   <trkpt lat="44.9901720" lon="10.4057930">
    <ele>24.4</ele>
    <time>2026-05-20T14:17:33Z</time>
   </trkpt>
   <trkpt lat="44.9901720" lon="10.4058050">
    <ele>24.4</ele>
    <time>2026-05-20T14:17:34Z</time>
   </trkpt>
   <trkpt lat="44.9901670" lon="10.4058050">
    <ele>24.4</ele>
    <time>2026-05-20T14:17:35Z</time>
   </trkpt>
   <trkpt lat="44.9901650" lon="10.4058040">
    <ele>24.4</ele>
    <time>2026-05-20T14:17:36Z</time>
   </trkpt>
   <trkpt lat="44.9901670" lon="10.4058010">
    <ele>24.4</ele>
    <time>2026-05-20T14:17:37Z</time>
   </trkpt>
   <trkpt lat="44.9901670" lon="10.4058010">
    <ele>24.4</ele>
    <time>2026-05-20T14:17:38Z</time>
   </trkpt>
   <trkpt lat="44.9901670" lon="10.4058010">
    <ele>24.4</ele>
    <time>2026-05-20T14:17:39Z</time>
   </trkpt>
   <trkpt lat="44.9901670" lon="10.4058010">
    <ele>24.4</ele>
    <time>2026-05-20T14:17:40Z</time>
   </trkpt>
   <trkpt lat="44.9901670" lon="10.4058010">
    <ele>24.4</ele>
    <time>2026-05-20T14:17:41Z</time>
   </trkpt>
   <trkpt lat="44.9901670" lon="10.4058010">
    <ele>24.4</ele>
    <time>2026-05-20T14:17:42Z</time>
   </trkpt>
   <trkpt lat="44.9901670" lon="10.4058010">
    <ele>24.4</ele>
    <time>2026-05-20T14:17:43Z</time>
   </trkpt>
   <trkpt lat="44.9901700" lon="10.4058000">
    <ele>24.4</ele>
    <time>2026-05-20T14:17:44Z</time>
   </trkpt>
   <trkpt lat="44.9901700" lon="10.4058000">
    <ele>24.4</ele>
    <time>2026-05-20T14:17:45Z</time>
   </trkpt>
   <trkpt lat="44.9901690" lon="10.4058010">
    <ele>24.4</ele>
    <time>2026-05-20T14:17:46Z</time>
   </trkpt>
   <trkpt lat="44.9901690" lon="10.4058010">
    <ele>24.4</ele>
    <time>2026-05-20T14:17:47Z</time>
   </trkpt>
   <trkpt lat="44.9901670" lon="10.4057930">
    <ele>24.4</ele>
    <time>2026-05-20T14:17:48Z</time>
   </trkpt>
   <trkpt lat="44.9901670" lon="10.4057970">
    <ele>24.4</ele>
    <time>2026-05-20T14:17:49Z</time>
   </trkpt>
   <trkpt lat="44.9901670" lon="10.4058000">
    <ele>24.4</ele>
    <time>2026-05-20T14:17:50Z</time>
   </trkpt>
   <trkpt lat="44.9901660" lon="10.4058040">
    <ele>24.4</ele>
    <time>2026-05-20T14:17:51Z</time>
   </trkpt>
   <trkpt lat="44.9901660" lon="10.4058030">
    <ele>24.4</ele>
    <time>2026-05-20T14:17:52Z</time>
   </trkpt>
   <trkpt lat="44.9901660" lon="10.4058020">
    <ele>24.4</ele>
    <time>2026-05-20T14:17:53Z</time>
   </trkpt>
   <trkpt lat="44.9901640" lon="10.4058030">
    <ele>24.4</ele>
    <time>2026-05-20T14:17:54Z</time>
   </trkpt>
   <trkpt lat="44.9901640" lon="10.4058020">
    <ele>24.4</ele>
    <time>2026-05-20T14:17:55Z</time>
   </trkpt>
   <trkpt lat="44.9901640" lon="10.4058020">
    <ele>24.4</ele>
    <time>2026-05-20T14:17:56Z</time>
   </trkpt>
   <trkpt lat="44.9901660" lon="10.4057930">
    <ele>24.4</ele>
    <time>2026-05-20T14:17:57Z</time>
   </trkpt>
   <trkpt lat="44.9901660" lon="10.4057930">
    <ele>24.4</ele>
    <time>2026-05-20T14:17:58Z</time>
   </trkpt>
   <trkpt lat="44.9901660" lon="10.4057930">
    <ele>24.4</ele>
    <time>2026-05-20T14:17:59Z</time>
   </trkpt>
   <trkpt lat="44.9901730" lon="10.4057920">
    <ele>24.4</ele>
    <time>2026-05-20T14:18:00Z</time>
   </trkpt>
   <trkpt lat="44.9901730" lon="10.4057920">
    <ele>24.4</ele>
    <time>2026-05-20T14:18:01Z</time>
   </trkpt>
   <trkpt lat="44.9901770" lon="10.4057880">
    <ele>24.4</ele>
    <time>2026-05-20T14:18:02Z</time>
   </trkpt>
   <trkpt lat="44.9901770" lon="10.4057870">
    <ele>24.4</ele>
    <time>2026-05-20T14:18:03Z</time>
   </trkpt>
   <trkpt lat="44.9901770" lon="10.4057870">
    <ele>24.4</ele>
    <time>2026-05-20T14:18:04Z</time>
   </trkpt>
   <trkpt lat="44.9901770" lon="10.4057870">
    <ele>24.4</ele>
    <time>2026-05-20T14:18:05Z</time>
   </trkpt>
   <trkpt lat="44.9901770" lon="10.4057870">
    <ele>24.4</ele>
    <time>2026-05-20T14:18:06Z</time>
   </trkpt>
   <trkpt lat="44.9901770" lon="10.4057870">
    <ele>24.4</ele>
    <time>2026-05-20T14:18:07Z</time>
   </trkpt>
   <trkpt lat="44.9901770" lon="10.4057870">
    <ele>24.4</ele>
    <time>2026-05-20T14:18:08Z</time>
   </trkpt>
   <trkpt lat="44.9901830" lon="10.4057870">
    <ele>24.4</ele>
    <time>2026-05-20T14:18:09Z</time>
   </trkpt>
   <trkpt lat="44.9901800" lon="10.4057960">
    <ele>24.4</ele>
    <time>2026-05-20T14:18:10Z</time>
   </trkpt>
   <trkpt lat="44.9901720" lon="10.4058060">
    <ele>24.4</ele>
    <time>2026-05-20T14:18:11Z</time>
   </trkpt>
   <trkpt lat="44.9901690" lon="10.4058030">
    <ele>24.4</ele>
    <time>2026-05-20T14:18:12Z</time>
   </trkpt>
   <trkpt lat="44.9901700" lon="10.4058060">
    <ele>24.4</ele>
    <time>2026-05-20T14:18:13Z</time>
   </trkpt>
   <trkpt lat="44.9901730" lon="10.4058000">
    <ele>24.4</ele>
    <time>2026-05-20T14:18:14Z</time>
   </trkpt>
   <trkpt lat="44.9901750" lon="10.4058010">
    <ele>24.4</ele>
    <time>2026-05-20T14:18:15Z</time>
   </trkpt>
   <trkpt lat="44.9901760" lon="10.4058050">
    <ele>24.4</ele>
    <time>2026-05-20T14:18:16Z</time>
   </trkpt>
   <trkpt lat="44.9901780" lon="10.4058060">
    <ele>24.4</ele>
    <time>2026-05-20T14:18:17Z</time>
   </trkpt>
   <trkpt lat="44.9901780" lon="10.4058060">
    <ele>24.4</ele>
    <time>2026-05-20T14:18:18Z</time>
   </trkpt>
   <trkpt lat="44.9901770" lon="10.4058080">
    <ele>24.4</ele>
    <time>2026-05-20T14:18:19Z</time>
   </trkpt>
   <trkpt lat="44.9901760" lon="10.4058020">
    <ele>24.4</ele>
    <time>2026-05-20T14:18:20Z</time>
   </trkpt>
   <trkpt lat="44.9901730" lon="10.4058030">
    <ele>24.4</ele>
    <time>2026-05-20T14:18:21Z</time>
   </trkpt>
   <trkpt lat="44.9901720" lon="10.4058060">
    <ele>24.4</ele>
    <time>2026-05-20T14:18:22Z</time>
   </trkpt>
   <trkpt lat="44.9901710" lon="10.4058060">
    <ele>24.4</ele>
    <time>2026-05-20T14:18:23Z</time>
   </trkpt>
   <trkpt lat="44.9901700" lon="10.4058070">
    <ele>24.4</ele>
    <time>2026-05-20T14:18:24Z</time>
   </trkpt>
   <trkpt lat="44.9901700" lon="10.4058070">
    <ele>24.4</ele>
    <time>2026-05-20T14:18:25Z</time>
   </trkpt>
   <trkpt lat="44.9901700" lon="10.4058070">
    <ele>24.4</ele>
    <time>2026-05-20T14:18:27Z</time>
   </trkpt>
   <trkpt lat="44.9901700" lon="10.4058070">
    <ele>24.4</ele>
    <time>2026-05-20T14:18:28Z</time>
   </trkpt>
   <trkpt lat="44.9901700" lon="10.4058070">
    <ele>24.4</ele>
    <time>2026-05-20T14:18:29Z</time>
   </trkpt>
   <trkpt lat="44.9901690" lon="10.4058150">
    <ele>24.4</ele>
    <time>2026-05-20T14:18:30Z</time>
   </trkpt>
   <trkpt lat="44.9901740" lon="10.4058280">
    <ele>24.4</ele>
    <time>2026-05-20T14:18:31Z</time>
   </trkpt>
   <trkpt lat="44.9901700" lon="10.4058210">
    <ele>24.4</ele>
    <time>2026-05-20T14:18:32Z</time>
   </trkpt>
   <trkpt lat="44.9901680" lon="10.4058210">
    <ele>24.4</ele>
    <time>2026-05-20T14:18:33Z</time>
   </trkpt>
   <trkpt lat="44.9901750" lon="10.4058180">
    <ele>24.4</ele>
    <time>2026-05-20T14:18:34Z</time>
   </trkpt>
   <trkpt lat="44.9901690" lon="10.4058250">
    <ele>24.4</ele>
    <time>2026-05-20T14:18:35Z</time>
   </trkpt>
   <trkpt lat="44.9901680" lon="10.4058320">
    <ele>24.4</ele>
    <time>2026-05-20T14:18:36Z</time>
   </trkpt>
   <trkpt lat="44.9901710" lon="10.4058490">
    <ele>24.4</ele>
    <time>2026-05-20T14:18:37Z</time>
   </trkpt>
   <trkpt lat="44.9901690" lon="10.4058690">
    <ele>24.4</ele>
    <time>2026-05-20T14:18:38Z</time>
   </trkpt>
   <trkpt lat="44.9901670" lon="10.4058960">
    <ele>24.4</ele>
    <time>2026-05-20T14:18:39Z</time>
   </trkpt>
   <trkpt lat="44.9901640" lon="10.4059400">
    <ele>24.4</ele>
    <time>2026-05-20T14:18:40Z</time>
   </trkpt>
   <trkpt lat="44.9901580" lon="10.4059930">
    <ele>24.4</ele>
    <time>2026-05-20T14:18:41Z</time>
   </trkpt>
   <trkpt lat="44.9901550" lon="10.4060100">
    <ele>24.4</ele>
    <time>2026-05-20T14:18:42Z</time>
   </trkpt>
   <trkpt lat="44.9901500" lon="10.4060550">
    <ele>24.4</ele>
    <time>2026-05-20T14:18:43Z</time>
   </trkpt>
   <trkpt lat="44.9901480" lon="10.4060710">
    <ele>24.4</ele>
    <time>2026-05-20T14:18:44Z</time>
   </trkpt>
   <trkpt lat="44.9901380" lon="10.4061190">
    <ele>24.4</ele>
    <time>2026-05-20T14:18:45Z</time>
   </trkpt>
   <trkpt lat="44.9901410" lon="10.4061390">
    <ele>24.4</ele>
    <time>2026-05-20T14:18:46Z</time>
   </trkpt>
   <trkpt lat="44.9901290" lon="10.4061940">
    <ele>24.4</ele>
    <time>2026-05-20T14:18:47Z</time>
   </trkpt>
   <trkpt lat="44.9901190" lon="10.4062150">
    <ele>24.4</ele>
    <time>2026-05-20T14:18:48Z</time>
   </trkpt>
   <trkpt lat="44.9901000" lon="10.4062750">
    <ele>24.4</ele>
    <time>2026-05-20T14:18:49Z</time>
   </trkpt>
   <trkpt lat="44.9900890" lon="10.4063000">
    <ele>24.3</ele>
    <time>2026-05-20T14:18:50Z</time>
   </trkpt>
   <trkpt lat="44.9900950" lon="10.4063190">
    <ele>24.3</ele>
    <time>2026-05-20T14:18:51Z</time>
   </trkpt>
   <trkpt lat="44.9901110" lon="10.4063210">
    <ele>24.3</ele>
    <time>2026-05-20T14:18:52Z</time>
   </trkpt>
   <trkpt lat="44.9901210" lon="10.4062990">
    <ele>24.3</ele>
    <time>2026-05-20T14:18:53Z</time>
   </trkpt>
   <trkpt lat="44.9901240" lon="10.4062990">
    <ele>24.3</ele>
    <time>2026-05-20T14:18:54Z</time>
   </trkpt>
   <trkpt lat="44.9901220" lon="10.4063040">
    <ele>24.3</ele>
    <time>2026-05-20T14:18:55Z</time>
   </trkpt>
   <trkpt lat="44.9901200" lon="10.4063030">
    <ele>24.3</ele>
    <time>2026-05-20T14:18:56Z</time>
   </trkpt>
   <trkpt lat="44.9901220" lon="10.4063090">
    <ele>24.3</ele>
    <time>2026-05-20T14:18:57Z</time>
   </trkpt>
   <trkpt lat="44.9901200" lon="10.4063180">
    <ele>24.3</ele>
    <time>2026-05-20T14:18:58Z</time>
   </trkpt>
   <trkpt lat="44.9901220" lon="10.4063270">
    <ele>24.3</ele>
    <time>2026-05-20T14:18:59Z</time>
   </trkpt>
   <trkpt lat="44.9901180" lon="10.4063230">
    <ele>24.3</ele>
    <time>2026-05-20T14:19:00Z</time>
   </trkpt>
   <trkpt lat="44.9901200" lon="10.4063220">
    <ele>24.3</ele>
    <time>2026-05-20T14:19:01Z</time>
   </trkpt>
   <trkpt lat="44.9901200" lon="10.4063090">
    <ele>24.3</ele>
    <time>2026-05-20T14:19:02Z</time>
   </trkpt>
   <trkpt lat="44.9901220" lon="10.4063140">
    <ele>24.3</ele>
    <time>2026-05-20T14:19:03Z</time>
   </trkpt>
   <trkpt lat="44.9901220" lon="10.4063140">
    <ele>24.3</ele>
    <time>2026-05-20T14:19:04Z</time>
   </trkpt>
   <trkpt lat="44.9901250" lon="10.4063130">
    <ele>24.3</ele>
    <time>2026-05-20T14:19:05Z</time>
   </trkpt>
   <trkpt lat="44.9901300" lon="10.4063220">
    <ele>24.3</ele>
    <time>2026-05-20T14:19:06Z</time>
   </trkpt>
   <trkpt lat="44.9901380" lon="10.4063170">
    <ele>24.3</ele>
    <time>2026-05-20T14:19:07Z</time>
   </trkpt>
   <trkpt lat="44.9901370" lon="10.4063160">
    <ele>24.3</ele>
    <time>2026-05-20T14:19:08Z</time>
   </trkpt>
   <trkpt lat="44.9901390" lon="10.4063140">
    <ele>24.3</ele>
    <time>2026-05-20T14:19:09Z</time>
   </trkpt>
   <trkpt lat="44.9901400" lon="10.4063190">
    <ele>24.3</ele>
    <time>2026-05-20T14:19:10Z</time>
   </trkpt>
   <trkpt lat="44.9901470" lon="10.4063140">
    <ele>24.3</ele>
    <time>2026-05-20T14:19:11Z</time>
   </trkpt>
   <trkpt lat="44.9901430" lon="10.4063170">
    <ele>24.3</ele>
    <time>2026-05-20T14:19:12Z</time>
   </trkpt>
   <trkpt lat="44.9901390" lon="10.4063200">
    <ele>24.3</ele>
    <time>2026-05-20T14:19:13Z</time>
   </trkpt>
   <trkpt lat="44.9901340" lon="10.4063210">
    <ele>24.3</ele>
    <time>2026-05-20T14:19:14Z</time>
   </trkpt>
   <trkpt lat="44.9901340" lon="10.4063250">
    <ele>24.3</ele>
    <time>2026-05-20T14:19:15Z</time>
   </trkpt>
   <trkpt lat="44.9901340" lon="10.4063250">
    <ele>24.3</ele>
    <time>2026-05-20T14:19:16Z</time>
   </trkpt>
   <trkpt lat="44.9901390" lon="10.4063240">
    <ele>24.3</ele>
    <time>2026-05-20T14:19:17Z</time>
   </trkpt>
   <trkpt lat="44.9901370" lon="10.4063290">
    <ele>24.3</ele>
    <time>2026-05-20T14:19:18Z</time>
   </trkpt>
   <trkpt lat="44.9901380" lon="10.4063380">
    <ele>24.3</ele>
    <time>2026-05-20T14:19:19Z</time>
   </trkpt>
   <trkpt lat="44.9901320" lon="10.4063380">
    <ele>24.3</ele>
    <time>2026-05-20T14:19:20Z</time>
   </trkpt>
   <trkpt lat="44.9901260" lon="10.4063320">
    <ele>24.3</ele>
    <time>2026-05-20T14:19:21Z</time>
   </trkpt>
   <trkpt lat="44.9901250" lon="10.4063340">
    <ele>24.3</ele>
    <time>2026-05-20T14:19:22Z</time>
   </trkpt>
   <trkpt lat="44.9901230" lon="10.4063350">
    <ele>24.3</ele>
    <time>2026-05-20T14:19:23Z</time>
   </trkpt>
   <trkpt lat="44.9901230" lon="10.4063350">
    <ele>24.3</ele>
    <time>2026-05-20T14:19:24Z</time>
   </trkpt>
   <trkpt lat="44.9901260" lon="10.4063420">
    <ele>24.3</ele>
    <time>2026-05-20T14:19:25Z</time>
   </trkpt>
   <trkpt lat="44.9901300" lon="10.4063410">
    <ele>24.3</ele>
    <time>2026-05-20T14:19:26Z</time>
   </trkpt>
   <trkpt lat="44.9901410" lon="10.4063480">
    <ele>24.3</ele>
    <time>2026-05-20T14:19:27Z</time>
   </trkpt>
   <trkpt lat="44.9901540" lon="10.4063590">
    <ele>24.3</ele>
    <time>2026-05-20T14:19:28Z</time>
   </trkpt>
   <trkpt lat="44.9901870" lon="10.4063600">
    <ele>24.1</ele>
    <time>2026-05-20T14:19:29Z</time>
   </trkpt>
   <trkpt lat="44.9901990" lon="10.4063600">
    <ele>24.1</ele>
    <time>2026-05-20T14:19:30Z</time>
   </trkpt>
   <trkpt lat="44.9902340" lon="10.4063880">
    <ele>24.1</ele>
    <time>2026-05-20T14:19:31Z</time>
   </trkpt>
   <trkpt lat="44.9902510" lon="10.4063890">
    <ele>24.1</ele>
    <time>2026-05-20T14:19:32Z</time>
   </trkpt>
   <trkpt lat="44.9902790" lon="10.4063900">
    <ele>24.1</ele>
    <time>2026-05-20T14:19:33Z</time>
   </trkpt>
   <trkpt lat="44.9903080" lon="10.4063900">
    <ele>23.9</ele>
    <time>2026-05-20T14:19:34Z</time>
   </trkpt>
   <trkpt lat="44.9903450" lon="10.4064030">
    <ele>23.9</ele>
    <time>2026-05-20T14:19:35Z</time>
   </trkpt>
   <trkpt lat="44.9903570" lon="10.4064050">
    <ele>23.9</ele>
    <time>2026-05-20T14:19:36Z</time>
   </trkpt>
   <trkpt lat="44.9903960" lon="10.4064190">
    <ele>23.9</ele>
    <time>2026-05-20T14:19:37Z</time>
   </trkpt>
   <trkpt lat="44.9904100" lon="10.4064210">
    <ele>23.9</ele>
    <time>2026-05-20T14:19:38Z</time>
   </trkpt>
   <trkpt lat="44.9904480" lon="10.4064450">
    <ele>23.6</ele>
    <time>2026-05-20T14:19:39Z</time>
   </trkpt>
   <trkpt lat="44.9904620" lon="10.4064530">
    <ele>23.6</ele>
    <time>2026-05-20T14:19:40Z</time>
   </trkpt>
   <trkpt lat="44.9904830" lon="10.4064800">
    <ele>24.4</ele>
    <time>2026-05-20T14:19:41Z</time>
   </trkpt>
   <trkpt lat="44.9904940" lon="10.4065190">
    <ele>24.4</ele>
    <time>2026-05-20T14:19:42Z</time>
   </trkpt>
   <trkpt lat="44.9905000" lon="10.4065330">
    <ele>24.4</ele>
    <time>2026-05-20T14:19:43Z</time>
   </trkpt>
   <trkpt lat="44.9905200" lon="10.4065690">
    <ele>24.4</ele>
    <time>2026-05-20T14:19:44Z</time>
   </trkpt>
   <trkpt lat="44.9905240" lon="10.4065800">
    <ele>24.4</ele>
    <time>2026-05-20T14:19:45Z</time>
   </trkpt>
   <trkpt lat="44.9905260" lon="10.4065970">
    <ele>24.4</ele>
    <time>2026-05-20T14:19:46Z</time>
   </trkpt>
   <trkpt lat="44.9905330" lon="10.4066180">
    <ele>24.4</ele>
    <time>2026-05-20T14:19:47Z</time>
   </trkpt>
   <trkpt lat="44.9905530" lon="10.4066550">
    <ele>24.7</ele>
    <time>2026-05-20T14:19:48Z</time>
   </trkpt>
   <trkpt lat="44.9905650" lon="10.4066660">
    <ele>24.7</ele>
    <time>2026-05-20T14:19:49Z</time>
   </trkpt>
   <trkpt lat="44.9905920" lon="10.4067000">
    <ele>24.7</ele>
    <time>2026-05-20T14:19:50Z</time>
   </trkpt>
   <trkpt lat="44.9906210" lon="10.4067240">
    <ele>24.7</ele>
    <time>2026-05-20T14:19:51Z</time>
   </trkpt>
   <trkpt lat="44.9906630" lon="10.4067550">
    <ele>24.3</ele>
    <time>2026-05-20T14:19:52Z</time>
   </trkpt>
   <trkpt lat="44.9906890" lon="10.4067990">
    <ele>24.3</ele>
    <time>2026-05-20T14:19:53Z</time>
   </trkpt>
   <trkpt lat="44.9907310" lon="10.4068310">
    <ele>24.9</ele>
    <time>2026-05-20T14:19:54Z</time>
   </trkpt>
   <trkpt lat="44.9907540" lon="10.4068390">
    <ele>24.9</ele>
    <time>2026-05-20T14:19:55Z</time>
   </trkpt>
   <trkpt lat="44.9907890" lon="10.4068420">
    <ele>24.6</ele>
    <time>2026-05-20T14:19:56Z</time>
   </trkpt>
   <trkpt lat="44.9908270" lon="10.4068590">
    <ele>24.6</ele>
    <time>2026-05-20T14:19:57Z</time>
   </trkpt>
   <trkpt lat="44.9908660" lon="10.4068740">
    <ele>24.6</ele>
    <time>2026-05-20T14:19:58Z</time>
   </trkpt>
   <trkpt lat="44.9909020" lon="10.4068790">
    <ele>24.6</ele>
    <time>2026-05-20T14:19:59Z</time>
   </trkpt>
   <trkpt lat="44.9909320" lon="10.4068890">
    <ele>24.3</ele>
    <time>2026-05-20T14:20:01Z</time>
   </trkpt>
   <trkpt lat="44.9909670" lon="10.4068660">
    <ele>24.3</ele>
    <time>2026-05-20T14:20:02Z</time>
   </trkpt>
   <trkpt lat="44.9909940" lon="10.4068740">
    <ele>24.3</ele>
    <time>2026-05-20T14:20:03Z</time>
   </trkpt>
   <trkpt lat="44.9910210" lon="10.4068820">
    <ele>24.3</ele>
    <time>2026-05-20T14:20:04Z</time>
   </trkpt>
   <trkpt lat="44.9910590" lon="10.4068970">
    <ele>23.9</ele>
    <time>2026-05-20T14:20:05Z</time>
   </trkpt>
   <trkpt lat="44.9910710" lon="10.4069060">
    <ele>23.9</ele>
    <time>2026-05-20T14:20:06Z</time>
   </trkpt>
   <trkpt lat="44.9910980" lon="10.4069380">
    <ele>23.9</ele>
    <time>2026-05-20T14:20:07Z</time>
   </trkpt>
   <trkpt lat="44.9911050" lon="10.4069450">
    <ele>23.9</ele>
    <time>2026-05-20T14:20:08Z</time>
   </trkpt>
   <trkpt lat="44.9911370" lon="10.4069550">
    <ele>23.9</ele>
    <time>2026-05-20T14:20:09Z</time>
   </trkpt>
   <trkpt lat="44.9911510" lon="10.4069630">
    <ele>23.4</ele>
    <time>2026-05-20T14:20:10Z</time>
   </trkpt>
   <trkpt lat="44.9911810" lon="10.4069960">
    <ele>23.8</ele>
    <time>2026-05-20T14:20:11Z</time>
   </trkpt>
   <trkpt lat="44.9911870" lon="10.4070090">
    <ele>23.8</ele>
    <time>2026-05-20T14:20:12Z</time>
   </trkpt>
   <trkpt lat="44.9912220" lon="10.4070200">
    <ele>23.8</ele>
    <time>2026-05-20T14:20:13Z</time>
   </trkpt>
   <trkpt lat="44.9912570" lon="10.4070390">
    <ele>23.8</ele>
    <time>2026-05-20T14:20:14Z</time>
   </trkpt>
   <trkpt lat="44.9912780" lon="10.4070650">
    <ele>23.3</ele>
    <time>2026-05-20T14:20:15Z</time>
   </trkpt>
   <trkpt lat="44.9912860" lon="10.4070760">
    <ele>23.3</ele>
    <time>2026-05-20T14:20:16Z</time>
   </trkpt>
   <trkpt lat="44.9913200" lon="10.4070920">
    <ele>23.3</ele>
    <time>2026-05-20T14:20:17Z</time>
   </trkpt>
   <trkpt lat="44.9913310" lon="10.4071000">
    <ele>23.3</ele>
    <time>2026-05-20T14:20:18Z</time>
   </trkpt>
   <trkpt lat="44.9913540" lon="10.4071260">
    <ele>23.3</ele>
    <time>2026-05-20T14:20:19Z</time>
   </trkpt>
   <trkpt lat="44.9913830" lon="10.4071490">
    <ele>23.7</ele>
    <time>2026-05-20T14:20:20Z</time>
   </trkpt>
   <trkpt lat="44.9914160" lon="10.4071530">
    <ele>23.3</ele>
    <time>2026-05-20T14:20:21Z</time>
   </trkpt>
   <trkpt lat="44.9914350" lon="10.4071890">
    <ele>23.3</ele>
    <time>2026-05-20T14:20:22Z</time>
   </trkpt>
   <trkpt lat="44.9914440" lon="10.4072010">
    <ele>23.3</ele>
    <time>2026-05-20T14:20:23Z</time>
   </trkpt>
   <trkpt lat="44.9914780" lon="10.4072230">
    <ele>23.3</ele>
    <time>2026-05-20T14:20:24Z</time>
   </trkpt>
   <trkpt lat="44.9914910" lon="10.4072250">
    <ele>23.3</ele>
    <time>2026-05-20T14:20:25Z</time>
   </trkpt>
   <trkpt lat="44.9915300" lon="10.4072290">
    <ele>23.0</ele>
    <time>2026-05-20T14:20:26Z</time>
   </trkpt>
   <trkpt lat="44.9915430" lon="10.4072270">
    <ele>23.0</ele>
    <time>2026-05-20T14:20:27Z</time>
   </trkpt>
   <trkpt lat="44.9915780" lon="10.4072430">
    <ele>23.0</ele>
    <time>2026-05-20T14:20:28Z</time>
   </trkpt>
   <trkpt lat="44.9916020" lon="10.4072680">
    <ele>23.0</ele>
    <time>2026-05-20T14:20:29Z</time>
   </trkpt>
   <trkpt lat="44.9916330" lon="10.4073000">
    <ele>23.0</ele>
    <time>2026-05-20T14:20:30Z</time>
   </trkpt>
   <trkpt lat="44.9916430" lon="10.4073100">
    <ele>22.8</ele>
    <time>2026-05-20T14:20:31Z</time>
   </trkpt>
   <trkpt lat="44.9916750" lon="10.4073300">
    <ele>23.2</ele>
    <time>2026-05-20T14:20:32Z</time>
   </trkpt>
   <trkpt lat="44.9917030" lon="10.4073470">
    <ele>23.2</ele>
    <time>2026-05-20T14:20:33Z</time>
   </trkpt>
   <trkpt lat="44.9917310" lon="10.4073640">
    <ele>23.2</ele>
    <time>2026-05-20T14:20:34Z</time>
   </trkpt>
   <trkpt lat="44.9917580" lon="10.4073750">
    <ele>23.1</ele>
    <time>2026-05-20T14:20:35Z</time>
   </trkpt>
   <trkpt lat="44.9917800" lon="10.4074030">
    <ele>23.1</ele>
    <time>2026-05-20T14:20:36Z</time>
   </trkpt>
   <trkpt lat="44.9917930" lon="10.4074150">
    <ele>23.1</ele>
    <time>2026-05-20T14:20:37Z</time>
   </trkpt>
   <trkpt lat="44.9918270" lon="10.4074360">
    <ele>23.1</ele>
    <time>2026-05-20T14:20:38Z</time>
   </trkpt>
   <trkpt lat="44.9918610" lon="10.4074640">
    <ele>23.1</ele>
    <time>2026-05-20T14:20:39Z</time>
   </trkpt>
   <trkpt lat="44.9918760" lon="10.4074770">
    <ele>23.1</ele>
    <time>2026-05-20T14:20:40Z</time>
   </trkpt>
   <trkpt lat="44.9919100" lon="10.4075000">
    <ele>23.4</ele>
    <time>2026-05-20T14:20:41Z</time>
   </trkpt>
   <trkpt lat="44.9919230" lon="10.4075050">
    <ele>23.4</ele>
    <time>2026-05-20T14:20:42Z</time>
   </trkpt>
   <trkpt lat="44.9919510" lon="10.4075140">
    <ele>23.4</ele>
    <time>2026-05-20T14:20:43Z</time>
   </trkpt>
   <trkpt lat="44.9919780" lon="10.4075120">
    <ele>23.4</ele>
    <time>2026-05-20T14:20:44Z</time>
   </trkpt>
   <trkpt lat="44.9920130" lon="10.4075210">
    <ele>23.3</ele>
    <time>2026-05-20T14:20:45Z</time>
   </trkpt>
   <trkpt lat="44.9920450" lon="10.4075290">
    <ele>23.3</ele>
    <time>2026-05-20T14:20:46Z</time>
   </trkpt>
   <trkpt lat="44.9920800" lon="10.4075370">
    <ele>23.3</ele>
    <time>2026-05-20T14:20:47Z</time>
   </trkpt>
   <trkpt lat="44.9921130" lon="10.4075480">
    <ele>23.3</ele>
    <time>2026-05-20T14:20:48Z</time>
   </trkpt>
   <trkpt lat="44.9921610" lon="10.4075590">
    <ele>23.2</ele>
    <time>2026-05-20T14:20:49Z</time>
   </trkpt>
   <trkpt lat="44.9921810" lon="10.4075670">
    <ele>23.2</ele>
    <time>2026-05-20T14:20:50Z</time>
   </trkpt>
   <trkpt lat="44.9922030" lon="10.4075720">
    <ele>23.2</ele>
    <time>2026-05-20T14:20:51Z</time>
   </trkpt>
   <trkpt lat="44.9922130" lon="10.4075820">
    <ele>23.2</ele>
    <time>2026-05-20T14:20:52Z</time>
   </trkpt>
   <trkpt lat="44.9922320" lon="10.4075730">
    <ele>23.2</ele>
    <time>2026-05-20T14:20:53Z</time>
   </trkpt>
   <trkpt lat="44.9922480" lon="10.4075660">
    <ele>23.1</ele>
    <time>2026-05-20T14:20:54Z</time>
   </trkpt>
   <trkpt lat="44.9922590" lon="10.4075620">
    <ele>23.1</ele>
    <time>2026-05-20T14:20:55Z</time>
   </trkpt>
   <trkpt lat="44.9922800" lon="10.4075550">
    <ele>23.1</ele>
    <time>2026-05-20T14:20:56Z</time>
   </trkpt>
   <trkpt lat="44.9922820" lon="10.4075520">
    <ele>23.1</ele>
    <time>2026-05-20T14:20:57Z</time>
   </trkpt>
   <trkpt lat="44.9922790" lon="10.4075530">
    <ele>23.1</ele>
    <time>2026-05-20T14:20:58Z</time>
   </trkpt>
   <trkpt lat="44.9922740" lon="10.4075530">
    <ele>23.1</ele>
    <time>2026-05-20T14:20:59Z</time>
   </trkpt>
   <trkpt lat="44.9922690" lon="10.4075550">
    <ele>23.1</ele>
    <time>2026-05-20T14:21:00Z</time>
   </trkpt>
   <trkpt lat="44.9922650" lon="10.4075570">
    <ele>23.1</ele>
    <time>2026-05-20T14:21:01Z</time>
   </trkpt>
   <trkpt lat="44.9922640" lon="10.4075580">
    <ele>23.1</ele>
    <time>2026-05-20T14:21:02Z</time>
   </trkpt>
   <trkpt lat="44.9922650" lon="10.4075590">
    <ele>23.1</ele>
    <time>2026-05-20T14:21:03Z</time>
   </trkpt>
   <trkpt lat="44.9922590" lon="10.4075710">
    <ele>23.1</ele>
    <time>2026-05-20T14:21:04Z</time>
   </trkpt>
   <trkpt lat="44.9922620" lon="10.4075720">
    <ele>23.1</ele>
    <time>2026-05-20T14:21:05Z</time>
   </trkpt>
   <trkpt lat="44.9922510" lon="10.4075620">
    <ele>23.1</ele>
    <time>2026-05-20T14:21:06Z</time>
   </trkpt>
   <trkpt lat="44.9922500" lon="10.4075620">
    <ele>23.1</ele>
    <time>2026-05-20T14:21:07Z</time>
   </trkpt>
   <trkpt lat="44.9922520" lon="10.4075630">
    <ele>23.1</ele>
    <time>2026-05-20T14:21:08Z</time>
   </trkpt>
   <trkpt lat="44.9922470" lon="10.4075650">
    <ele>23.1</ele>
    <time>2026-05-20T14:21:09Z</time>
   </trkpt>
   <trkpt lat="44.9922480" lon="10.4075670">
    <ele>23.1</ele>
    <time>2026-05-20T14:21:10Z</time>
   </trkpt>
   <trkpt lat="44.9922500" lon="10.4075700">
    <ele>23.1</ele>
    <time>2026-05-20T14:21:11Z</time>
   </trkpt>
   <trkpt lat="44.9922500" lon="10.4075730">
    <ele>23.1</ele>
    <time>2026-05-20T14:21:12Z</time>
   </trkpt>
   <trkpt lat="44.9922500" lon="10.4075730">
    <ele>23.1</ele>
    <time>2026-05-20T14:21:13Z</time>
   </trkpt>
   <trkpt lat="44.9922470" lon="10.4075720">
    <ele>23.1</ele>
    <time>2026-05-20T14:21:14Z</time>
   </trkpt>
   <trkpt lat="44.9922510" lon="10.4075710">
    <ele>23.1</ele>
    <time>2026-05-20T14:21:15Z</time>
   </trkpt>
   <trkpt lat="44.9922480" lon="10.4075680">
    <ele>23.1</ele>
    <time>2026-05-20T14:21:16Z</time>
   </trkpt>
   <trkpt lat="44.9922480" lon="10.4075680">
    <ele>23.1</ele>
    <time>2026-05-20T14:21:17Z</time>
   </trkpt>
   <trkpt lat="44.9922480" lon="10.4075640">
    <ele>23.1</ele>
    <time>2026-05-20T14:21:18Z</time>
   </trkpt>
   <trkpt lat="44.9922460" lon="10.4075660">
    <ele>23.1</ele>
    <time>2026-05-20T14:21:19Z</time>
   </trkpt>
   <trkpt lat="44.9922550" lon="10.4075680">
    <ele>23.1</ele>
    <time>2026-05-20T14:21:20Z</time>
   </trkpt>
   <trkpt lat="44.9922530" lon="10.4075580">
    <ele>23.1</ele>
    <time>2026-05-20T14:21:21Z</time>
   </trkpt>
   <trkpt lat="44.9922600" lon="10.4075640">
    <ele>23.1</ele>
    <time>2026-05-20T14:21:22Z</time>
   </trkpt>
   <trkpt lat="44.9922590" lon="10.4075610">
    <ele>23.1</ele>
    <time>2026-05-20T14:21:23Z</time>
   </trkpt>
   <trkpt lat="44.9922580" lon="10.4075630">
    <ele>23.1</ele>
    <time>2026-05-20T14:21:24Z</time>
   </trkpt>
   <trkpt lat="44.9922650" lon="10.4075570">
    <ele>23.1</ele>
    <time>2026-05-20T14:21:25Z</time>
   </trkpt>
   <trkpt lat="44.9922610" lon="10.4075550">
    <ele>23.1</ele>
    <time>2026-05-20T14:21:26Z</time>
   </trkpt>
   <trkpt lat="44.9922790" lon="10.4075690">
    <ele>23.1</ele>
    <time>2026-05-20T14:21:27Z</time>
   </trkpt>
   <trkpt lat="44.9922760" lon="10.4075850">
    <ele>23.1</ele>
    <time>2026-05-20T14:21:28Z</time>
   </trkpt>
   <trkpt lat="44.9922770" lon="10.4075830">
    <ele>23.1</ele>
    <time>2026-05-20T14:21:29Z</time>
   </trkpt>
   <trkpt lat="44.9922780" lon="10.4075820">
    <ele>23.1</ele>
    <time>2026-05-20T14:21:30Z</time>
   </trkpt>
   <trkpt lat="44.9922790" lon="10.4075800">
    <ele>23.1</ele>
    <time>2026-05-20T14:21:31Z</time>
   </trkpt>
   <trkpt lat="44.9922800" lon="10.4075790">
    <ele>23.1</ele>
    <time>2026-05-20T14:21:32Z</time>
   </trkpt>
   <trkpt lat="44.9922820" lon="10.4075770">
    <ele>23.1</ele>
    <time>2026-05-20T14:21:33Z</time>
   </trkpt>
   <trkpt lat="44.9922830" lon="10.4075760">
    <ele>23.1</ele>
    <time>2026-05-20T14:21:34Z</time>
   </trkpt>
   <trkpt lat="44.9922840" lon="10.4075740">
    <ele>23.1</ele>
    <time>2026-05-20T14:21:35Z</time>
   </trkpt>
   <trkpt lat="44.9922850" lon="10.4075730">
    <ele>23.1</ele>
    <time>2026-05-20T14:21:36Z</time>
   </trkpt>
   <trkpt lat="44.9922860" lon="10.4075710">
    <ele>23.1</ele>
    <time>2026-05-20T14:21:37Z</time>
   </trkpt>
   <trkpt lat="44.9922870" lon="10.4075700">
    <ele>23.1</ele>
    <time>2026-05-20T14:21:38Z</time>
   </trkpt>
   <trkpt lat="44.9922880" lon="10.4075690">
    <ele>23.1</ele>
    <time>2026-05-20T14:21:39Z</time>
   </trkpt>
   <trkpt lat="44.9922890" lon="10.4075670">
    <ele>23.1</ele>
    <time>2026-05-20T14:21:40Z</time>
   </trkpt>
   <trkpt lat="44.9922900" lon="10.4075660">
    <ele>23.1</ele>
    <time>2026-05-20T14:21:41Z</time>
   </trkpt>
   <trkpt lat="44.9922910" lon="10.4075640">
    <ele>23.1</ele>
    <time>2026-05-20T14:21:42Z</time>
   </trkpt>
   <trkpt lat="44.9922920" lon="10.4075630">
    <ele>23.1</ele>
    <time>2026-05-20T14:21:43Z</time>
   </trkpt>
   <trkpt lat="44.9922930" lon="10.4075610">
    <ele>23.1</ele>
    <time>2026-05-20T14:21:44Z</time>
   </trkpt>
   <trkpt lat="44.9922950" lon="10.4075600">
    <ele>23.1</ele>
    <time>2026-05-20T14:21:45Z</time>
   </trkpt>
   <trkpt lat="44.9922960" lon="10.4075580">
    <ele>23.1</ele>
    <time>2026-05-20T14:21:46Z</time>
   </trkpt>
   <trkpt lat="44.9922970" lon="10.4075570">
    <ele>23.1</ele>
    <time>2026-05-20T14:21:47Z</time>
   </trkpt>
   <trkpt lat="44.9922980" lon="10.4075550">
    <ele>23.1</ele>
    <time>2026-05-20T14:21:48Z</time>
   </trkpt>
   <trkpt lat="44.9922990" lon="10.4075540">
    <ele>23.1</ele>
    <time>2026-05-20T14:21:49Z</time>
   </trkpt>
   <trkpt lat="44.9923000" lon="10.4075520">
    <ele>23.1</ele>
    <time>2026-05-20T14:21:50Z</time>
   </trkpt>
   <trkpt lat="44.9923010" lon="10.4075510">
    <ele>23.1</ele>
    <time>2026-05-20T14:21:51Z</time>
   </trkpt>
   <trkpt lat="44.9923020" lon="10.4075500">
    <ele>23.1</ele>
    <time>2026-05-20T14:21:52Z</time>
   </trkpt>
   <trkpt lat="44.9923030" lon="10.4075480">
    <ele>23.1</ele>
    <time>2026-05-20T14:21:53Z</time>
   </trkpt>
   <trkpt lat="44.9923040" lon="10.4075470">
    <ele>23.1</ele>
    <time>2026-05-20T14:21:54Z</time>
   </trkpt>
   <trkpt lat="44.9923050" lon="10.4075450">
    <ele>23.1</ele>
    <time>2026-05-20T14:21:55Z</time>
   </trkpt>
   <trkpt lat="44.9923060" lon="10.4075440">
    <ele>23.1</ele>
    <time>2026-05-20T14:21:56Z</time>
   </trkpt>
   <trkpt lat="44.9923080" lon="10.4075420">
    <ele>23.1</ele>
    <time>2026-05-20T14:21:57Z</time>
   </trkpt>
   <trkpt lat="44.9923090" lon="10.4075410">
    <ele>23.1</ele>
    <time>2026-05-20T14:21:58Z</time>
   </trkpt>
   <trkpt lat="44.9923100" lon="10.4075390">
    <ele>23.1</ele>
    <time>2026-05-20T14:21:59Z</time>
   </trkpt>
   <trkpt lat="44.9923110" lon="10.4075380">
    <ele>23.1</ele>
    <time>2026-05-20T14:22:00Z</time>
   </trkpt>
   <trkpt lat="44.9923120" lon="10.4075360">
    <ele>23.1</ele>
    <time>2026-05-20T14:22:01Z</time>
   </trkpt>
   <trkpt lat="44.9923130" lon="10.4075350">
    <ele>23.1</ele>
    <time>2026-05-20T14:22:02Z</time>
   </trkpt>
   <trkpt lat="44.9923390" lon="10.4075210">
    <ele>23.1</ele>
    <time>2026-05-20T14:22:03Z</time>
   </trkpt>
   <trkpt lat="44.9923720" lon="10.4075190">
    <ele>23.0</ele>
    <time>2026-05-20T14:22:04Z</time>
   </trkpt>
   <trkpt lat="44.9923860" lon="10.4075180">
    <ele>23.0</ele>
    <time>2026-05-20T14:22:05Z</time>
   </trkpt>
   <trkpt lat="44.9923960" lon="10.4075030">
    <ele>23.0</ele>
    <time>2026-05-20T14:22:06Z</time>
   </trkpt>
   <trkpt lat="44.9924020" lon="10.4074830">
    <ele>23.0</ele>
    <time>2026-05-20T14:22:07Z</time>
   </trkpt>
   <trkpt lat="44.9924200" lon="10.4074680">
    <ele>23.0</ele>
    <time>2026-05-20T14:22:08Z</time>
   </trkpt>
   <trkpt lat="44.9924250" lon="10.4074510">
    <ele>23.0</ele>
    <time>2026-05-20T14:22:09Z</time>
   </trkpt>
   <trkpt lat="44.9924300" lon="10.4074480">
    <ele>23.0</ele>
    <time>2026-05-20T14:22:10Z</time>
   </trkpt>
   <trkpt lat="44.9924390" lon="10.4074390">
    <ele>23.0</ele>
    <time>2026-05-20T14:22:11Z</time>
   </trkpt>
   <trkpt lat="44.9924540" lon="10.4074030">
    <ele>23.0</ele>
    <time>2026-05-20T14:22:12Z</time>
   </trkpt>
   <trkpt lat="44.9924610" lon="10.4073910">
    <ele>23.0</ele>
    <time>2026-05-20T14:22:13Z</time>
   </trkpt>
   <trkpt lat="44.9924720" lon="10.4073590">
    <ele>23.0</ele>
    <time>2026-05-20T14:22:14Z</time>
   </trkpt>
   <trkpt lat="44.9924710" lon="10.4073450">
    <ele>23.0</ele>
    <time>2026-05-20T14:22:15Z</time>
   </trkpt>
   <trkpt lat="44.9924710" lon="10.4073300">
    <ele>23.0</ele>
    <time>2026-05-20T14:22:16Z</time>
   </trkpt>
   <trkpt lat="44.9924890" lon="10.4072930">
    <ele>23.1</ele>
    <time>2026-05-20T14:22:17Z</time>
   </trkpt>
   <trkpt lat="44.9924960" lon="10.4072810">
    <ele>23.1</ele>
    <time>2026-05-20T14:22:18Z</time>
   </trkpt>
   <trkpt lat="44.9925060" lon="10.4072630">
    <ele>23.1</ele>
    <time>2026-05-20T14:22:19Z</time>
   </trkpt>
   <trkpt lat="44.9925150" lon="10.4072390">
    <ele>23.1</ele>
    <time>2026-05-20T14:22:20Z</time>
   </trkpt>
   <trkpt lat="44.9925200" lon="10.4072360">
    <ele>23.1</ele>
    <time>2026-05-20T14:22:21Z</time>
   </trkpt>
   <trkpt lat="44.9925250" lon="10.4072350">
    <ele>23.1</ele>
    <time>2026-05-20T14:22:22Z</time>
   </trkpt>
   <trkpt lat="44.9925280" lon="10.4072400">
    <ele>23.1</ele>
    <time>2026-05-20T14:22:23Z</time>
   </trkpt>
   <trkpt lat="44.9925290" lon="10.4072410">
    <ele>23.1</ele>
    <time>2026-05-20T14:22:24Z</time>
   </trkpt>
   <trkpt lat="44.9925290" lon="10.4072410">
    <ele>23.1</ele>
    <time>2026-05-20T14:22:25Z</time>
   </trkpt>
   <trkpt lat="44.9925290" lon="10.4072410">
    <ele>23.1</ele>
    <time>2026-05-20T14:22:26Z</time>
   </trkpt>
   <trkpt lat="44.9925290" lon="10.4072410">
    <ele>23.1</ele>
    <time>2026-05-20T14:22:27Z</time>
   </trkpt>
   <trkpt lat="44.9925280" lon="10.4072350">
    <ele>23.1</ele>
    <time>2026-05-20T14:22:28Z</time>
   </trkpt>
   <trkpt lat="44.9925280" lon="10.4072350">
    <ele>23.1</ele>
    <time>2026-05-20T14:22:29Z</time>
   </trkpt>
   <trkpt lat="44.9925280" lon="10.4072350">
    <ele>23.1</ele>
    <time>2026-05-20T14:22:30Z</time>
   </trkpt>
   <trkpt lat="44.9925280" lon="10.4072350">
    <ele>23.1</ele>
    <time>2026-05-20T14:22:31Z</time>
   </trkpt>
   <trkpt lat="44.9925280" lon="10.4072350">
    <ele>23.1</ele>
    <time>2026-05-20T14:22:32Z</time>
   </trkpt>
   <trkpt lat="44.9925200" lon="10.4072260">
    <ele>23.1</ele>
    <time>2026-05-20T14:22:33Z</time>
   </trkpt>
   <trkpt lat="44.9925190" lon="10.4072220">
    <ele>23.1</ele>
    <time>2026-05-20T14:22:34Z</time>
   </trkpt>
   <trkpt lat="44.9925350" lon="10.4072020">
    <ele>23.1</ele>
    <time>2026-05-20T14:22:35Z</time>
   </trkpt>
   <trkpt lat="44.9925430" lon="10.4071570">
    <ele>23.1</ele>
    <time>2026-05-20T14:22:36Z</time>
   </trkpt>
   <trkpt lat="44.9925480" lon="10.4071410">
    <ele>23.3</ele>
    <time>2026-05-20T14:22:37Z</time>
   </trkpt>
   <trkpt lat="44.9925670" lon="10.4071120">
    <ele>23.3</ele>
    <time>2026-05-20T14:22:38Z</time>
   </trkpt>
   <trkpt lat="44.9925770" lon="10.4070760">
    <ele>23.3</ele>
    <time>2026-05-20T14:22:39Z</time>
   </trkpt>
   <trkpt lat="44.9925880" lon="10.4070270">
    <ele>23.3</ele>
    <time>2026-05-20T14:22:40Z</time>
   </trkpt>
   <trkpt lat="44.9925890" lon="10.4070110">
    <ele>23.3</ele>
    <time>2026-05-20T14:22:41Z</time>
   </trkpt>
   <trkpt lat="44.9925900" lon="10.4069610">
    <ele>23.3</ele>
    <time>2026-05-20T14:22:42Z</time>
   </trkpt>
   <trkpt lat="44.9925890" lon="10.4069420">
    <ele>23.3</ele>
    <time>2026-05-20T14:22:43Z</time>
   </trkpt>
   <trkpt lat="44.9925810" lon="10.4069050">
    <ele>23.3</ele>
    <time>2026-05-20T14:22:44Z</time>
   </trkpt>
   <trkpt lat="44.9925780" lon="10.4068670">
    <ele>23.3</ele>
    <time>2026-05-20T14:22:45Z</time>
   </trkpt>
   <trkpt lat="44.9925800" lon="10.4068250">
    <ele>23.3</ele>
    <time>2026-05-20T14:22:46Z</time>
   </trkpt>
   <trkpt lat="44.9925770" lon="10.4067760">
    <ele>23.3</ele>
    <time>2026-05-20T14:22:47Z</time>
   </trkpt>
   <trkpt lat="44.9925850" lon="10.4067220">
    <ele>23.3</ele>
    <time>2026-05-20T14:22:48Z</time>
   </trkpt>
   <trkpt lat="44.9926120" lon="10.4066780">
    <ele>23.2</ele>
    <time>2026-05-20T14:22:49Z</time>
   </trkpt>
   <trkpt lat="44.9926330" lon="10.4066360">
    <ele>23.2</ele>
    <time>2026-05-20T14:22:50Z</time>
   </trkpt>
   <trkpt lat="44.9926640" lon="10.4066020">
    <ele>23.0</ele>
    <time>2026-05-20T14:22:51Z</time>
   </trkpt>
   <trkpt lat="44.9926880" lon="10.4065760">
    <ele>23.0</ele>
    <time>2026-05-20T14:22:52Z</time>
   </trkpt>
   <trkpt lat="44.9927160" lon="10.4065820">
    <ele>23.0</ele>
    <time>2026-05-20T14:22:53Z</time>
   </trkpt>
   <trkpt lat="44.9927340" lon="10.4065510">
    <ele>22.8</ele>
    <time>2026-05-20T14:22:54Z</time>
   </trkpt>
   <trkpt lat="44.9927550" lon="10.4065190">
    <ele>22.8</ele>
    <time>2026-05-20T14:22:55Z</time>
   </trkpt>
   <trkpt lat="44.9927680" lon="10.4064660">
    <ele>22.8</ele>
    <time>2026-05-20T14:22:56Z</time>
   </trkpt>
   <trkpt lat="44.9927820" lon="10.4064080">
    <ele>22.6</ele>
    <time>2026-05-20T14:22:57Z</time>
   </trkpt>
   <trkpt lat="44.9928040" lon="10.4063720">
    <ele>22.6</ele>
    <time>2026-05-20T14:22:58Z</time>
   </trkpt>
   <trkpt lat="44.9928180" lon="10.4063330">
    <ele>22.6</ele>
    <time>2026-05-20T14:22:59Z</time>
   </trkpt>
   <trkpt lat="44.9928300" lon="10.4062980">
    <ele>22.6</ele>
    <time>2026-05-20T14:23:00Z</time>
   </trkpt>
   <trkpt lat="44.9928410" lon="10.4062580">
    <ele>22.3</ele>
    <time>2026-05-20T14:23:01Z</time>
   </trkpt>
   <trkpt lat="44.9928400" lon="10.4062200">
    <ele>22.3</ele>
    <time>2026-05-20T14:23:02Z</time>
   </trkpt>
   <trkpt lat="44.9928270" lon="10.4061620">
    <ele>22.3</ele>
    <time>2026-05-20T14:23:03Z</time>
   </trkpt>
   <trkpt lat="44.9928170" lon="10.4061400">
    <ele>22.3</ele>
    <time>2026-05-20T14:23:04Z</time>
   </trkpt>
   <trkpt lat="44.9927910" lon="10.4061180">
    <ele>22.3</ele>
    <time>2026-05-20T14:23:05Z</time>
   </trkpt>
   <trkpt lat="44.9927830" lon="10.4060740">
    <ele>22.0</ele>
    <time>2026-05-20T14:23:06Z</time>
   </trkpt>
   <trkpt lat="44.9927790" lon="10.4060440">
    <ele>22.0</ele>
    <time>2026-05-20T14:23:07Z</time>
   </trkpt>
   <trkpt lat="44.9927710" lon="10.4060320">
    <ele>22.0</ele>
    <time>2026-05-20T14:23:08Z</time>
   </trkpt>
   <trkpt lat="44.9927720" lon="10.4060450">
    <ele>22.0</ele>
    <time>2026-05-20T14:23:09Z</time>
   </trkpt>
   <trkpt lat="44.9927730" lon="10.4060530">
    <ele>22.0</ele>
    <time>2026-05-20T14:23:10Z</time>
   </trkpt>
   <trkpt lat="44.9927740" lon="10.4060330">
    <ele>22.0</ele>
    <time>2026-05-20T14:23:11Z</time>
   </trkpt>
   <trkpt lat="44.9927740" lon="10.4060340">
    <ele>22.0</ele>
    <time>2026-05-20T14:23:12Z</time>
   </trkpt>
   <trkpt lat="44.9927740" lon="10.4060310">
    <ele>22.0</ele>
    <time>2026-05-20T14:23:13Z</time>
   </trkpt>
   <trkpt lat="44.9927730" lon="10.4060260">
    <ele>22.0</ele>
    <time>2026-05-20T14:23:14Z</time>
   </trkpt>
   <trkpt lat="44.9927710" lon="10.4060260">
    <ele>22.0</ele>
    <time>2026-05-20T14:23:15Z</time>
   </trkpt>
   <trkpt lat="44.9927710" lon="10.4060240">
    <ele>22.0</ele>
    <time>2026-05-20T14:23:16Z</time>
   </trkpt>
   <trkpt lat="44.9927720" lon="10.4060160">
    <ele>22.0</ele>
    <time>2026-05-20T14:23:17Z</time>
   </trkpt>
   <trkpt lat="44.9927740" lon="10.4060120">
    <ele>22.0</ele>
    <time>2026-05-20T14:23:18Z</time>
   </trkpt>
   <trkpt lat="44.9927750" lon="10.4060120">
    <ele>22.0</ele>
    <time>2026-05-20T14:23:19Z</time>
   </trkpt>
   <trkpt lat="44.9927780" lon="10.4060130">
    <ele>22.0</ele>
    <time>2026-05-20T14:23:20Z</time>
   </trkpt>
   <trkpt lat="44.9927740" lon="10.4060110">
    <ele>22.0</ele>
    <time>2026-05-20T14:23:21Z</time>
   </trkpt>
   <trkpt lat="44.9927720" lon="10.4060270">
    <ele>22.0</ele>
    <time>2026-05-20T14:23:22Z</time>
   </trkpt>
   <trkpt lat="44.9927740" lon="10.4060290">
    <ele>22.0</ele>
    <time>2026-05-20T14:23:23Z</time>
   </trkpt>
   <trkpt lat="44.9927750" lon="10.4060300">
    <ele>22.0</ele>
    <time>2026-05-20T14:23:24Z</time>
   </trkpt>
   <trkpt lat="44.9927800" lon="10.4060300">
    <ele>22.0</ele>
    <time>2026-05-20T14:23:25Z</time>
   </trkpt>
   <trkpt lat="44.9927830" lon="10.4060270">
    <ele>22.0</ele>
    <time>2026-05-20T14:23:26Z</time>
   </trkpt>
   <trkpt lat="44.9927800" lon="10.4060200">
    <ele>22.0</ele>
    <time>2026-05-20T14:23:27Z</time>
   </trkpt>
   <trkpt lat="44.9927800" lon="10.4060210">
    <ele>22.0</ele>
    <time>2026-05-20T14:23:28Z</time>
   </trkpt>
   <trkpt lat="44.9927800" lon="10.4060210">
    <ele>22.0</ele>
    <time>2026-05-20T14:23:29Z</time>
   </trkpt>
   <trkpt lat="44.9927800" lon="10.4060210">
    <ele>22.0</ele>
    <time>2026-05-20T14:23:30Z</time>
   </trkpt>
   <trkpt lat="44.9927680" lon="10.4060020">
    <ele>22.0</ele>
    <time>2026-05-20T14:23:31Z</time>
   </trkpt>
   <trkpt lat="44.9927680" lon="10.4060030">
    <ele>22.0</ele>
    <time>2026-05-20T14:23:32Z</time>
   </trkpt>
   <trkpt lat="44.9927680" lon="10.4060030">
    <ele>22.0</ele>
    <time>2026-05-20T14:23:33Z</time>
   </trkpt>
   <trkpt lat="44.9927680" lon="10.4060030">
    <ele>22.0</ele>
    <time>2026-05-20T14:23:34Z</time>
   </trkpt>
   <trkpt lat="44.9927580" lon="10.4060410">
    <ele>22.0</ele>
    <time>2026-05-20T14:23:35Z</time>
   </trkpt>
   <trkpt lat="44.9927570" lon="10.4060460">
    <ele>22.0</ele>
    <time>2026-05-20T14:23:36Z</time>
   </trkpt>
   <trkpt lat="44.9927560" lon="10.4060470">
    <ele>22.0</ele>
    <time>2026-05-20T14:23:37Z</time>
   </trkpt>
   <trkpt lat="44.9927540" lon="10.4060440">
    <ele>22.0</ele>
    <time>2026-05-20T14:23:38Z</time>
   </trkpt>
   <trkpt lat="44.9927520" lon="10.4060510">
    <ele>22.0</ele>
    <time>2026-05-20T14:23:39Z</time>
   </trkpt>
   <trkpt lat="44.9927510" lon="10.4060460">
    <ele>22.0</ele>
    <time>2026-05-20T14:23:40Z</time>
   </trkpt>
   <trkpt lat="44.9927550" lon="10.4060410">
    <ele>22.0</ele>
    <time>2026-05-20T14:23:41Z</time>
   </trkpt>
   <trkpt lat="44.9927540" lon="10.4060440">
    <ele>22.0</ele>
    <time>2026-05-20T14:23:42Z</time>
   </trkpt>
   <trkpt lat="44.9927540" lon="10.4060440">
    <ele>22.0</ele>
    <time>2026-05-20T14:23:43Z</time>
   </trkpt>
   <trkpt lat="44.9927540" lon="10.4060440">
    <ele>22.0</ele>
    <time>2026-05-20T14:23:44Z</time>
   </trkpt>
   <trkpt lat="44.9927460" lon="10.4060590">
    <ele>22.0</ele>
    <time>2026-05-20T14:23:45Z</time>
   </trkpt>
   <trkpt lat="44.9927490" lon="10.4060530">
    <ele>22.0</ele>
    <time>2026-05-20T14:23:46Z</time>
   </trkpt>
   <trkpt lat="44.9927510" lon="10.4060560">
    <ele>22.0</ele>
    <time>2026-05-20T14:23:47Z</time>
   </trkpt>
   <trkpt lat="44.9927440" lon="10.4060630">
    <ele>22.0</ele>
    <time>2026-05-20T14:23:48Z</time>
   </trkpt>
   <trkpt lat="44.9927450" lon="10.4060530">
    <ele>22.0</ele>
    <time>2026-05-20T14:23:49Z</time>
   </trkpt>
   <trkpt lat="44.9927480" lon="10.4060490">
    <ele>22.0</ele>
    <time>2026-05-20T14:23:50Z</time>
   </trkpt>
   <trkpt lat="44.9927480" lon="10.4060360">
    <ele>22.0</ele>
    <time>2026-05-20T14:23:51Z</time>
   </trkpt>
   <trkpt lat="44.9927520" lon="10.4060340">
    <ele>22.0</ele>
    <time>2026-05-20T14:23:52Z</time>
   </trkpt>
   <trkpt lat="44.9927510" lon="10.4060350">
    <ele>22.0</ele>
    <time>2026-05-20T14:23:53Z</time>
   </trkpt>
   <trkpt lat="44.9927510" lon="10.4060360">
    <ele>22.0</ele>
    <time>2026-05-20T14:23:54Z</time>
   </trkpt>
   <trkpt lat="44.9927510" lon="10.4060360">
    <ele>22.0</ele>
    <time>2026-05-20T14:23:55Z</time>
   </trkpt>
   <trkpt lat="44.9927500" lon="10.4060160">
    <ele>22.0</ele>
    <time>2026-05-20T14:23:56Z</time>
   </trkpt>
   <trkpt lat="44.9927480" lon="10.4060000">
    <ele>22.0</ele>
    <time>2026-05-20T14:23:57Z</time>
   </trkpt>
   <trkpt lat="44.9927480" lon="10.4059960">
    <ele>22.0</ele>
    <time>2026-05-20T14:23:58Z</time>
   </trkpt>
   <trkpt lat="44.9927490" lon="10.4059920">
    <ele>22.0</ele>
    <time>2026-05-20T14:23:59Z</time>
   </trkpt>
   <trkpt lat="44.9927500" lon="10.4059880">
    <ele>22.0</ele>
    <time>2026-05-20T14:24:00Z</time>
   </trkpt>
   <trkpt lat="44.9927510" lon="10.4059840">
    <ele>22.0</ele>
    <time>2026-05-20T14:24:01Z</time>
   </trkpt>
   <trkpt lat="44.9927510" lon="10.4059790">
    <ele>22.0</ele>
    <time>2026-05-20T14:24:02Z</time>
   </trkpt>
   <trkpt lat="44.9927520" lon="10.4059750">
    <ele>22.0</ele>
    <time>2026-05-20T14:24:03Z</time>
   </trkpt>
   <trkpt lat="44.9927530" lon="10.4059710">
    <ele>22.0</ele>
    <time>2026-05-20T14:24:04Z</time>
   </trkpt>
   <trkpt lat="44.9927530" lon="10.4059670">
    <ele>22.0</ele>
    <time>2026-05-20T14:24:05Z</time>
   </trkpt>
   <trkpt lat="44.9927540" lon="10.4059630">
    <ele>22.0</ele>
    <time>2026-05-20T14:24:06Z</time>
   </trkpt>
   <trkpt lat="44.9927600" lon="10.4059850">
    <ele>22.0</ele>
    <time>2026-05-20T14:24:07Z</time>
   </trkpt>
   <trkpt lat="44.9927550" lon="10.4059980">
    <ele>22.0</ele>
    <time>2026-05-20T14:24:08Z</time>
   </trkpt>
   <trkpt lat="44.9927550" lon="10.4059980">
    <ele>22.0</ele>
    <time>2026-05-20T14:24:09Z</time>
   </trkpt>
   <trkpt lat="44.9927540" lon="10.4060020">
    <ele>22.0</ele>
    <time>2026-05-20T14:24:10Z</time>
   </trkpt>
   <trkpt lat="44.9927600" lon="10.4059980">
    <ele>22.0</ele>
    <time>2026-05-20T14:24:11Z</time>
   </trkpt>
   <trkpt lat="44.9927590" lon="10.4059980">
    <ele>22.0</ele>
    <time>2026-05-20T14:24:12Z</time>
   </trkpt>
   <trkpt lat="44.9927590" lon="10.4059980">
    <ele>22.0</ele>
    <time>2026-05-20T14:24:13Z</time>
   </trkpt>
   <trkpt lat="44.9927580" lon="10.4059980">
    <ele>22.0</ele>
    <time>2026-05-20T14:24:14Z</time>
   </trkpt>
   <trkpt lat="44.9927570" lon="10.4059970">
    <ele>22.0</ele>
    <time>2026-05-20T14:24:15Z</time>
   </trkpt>
   <trkpt lat="44.9927560" lon="10.4059970">
    <ele>22.0</ele>
    <time>2026-05-20T14:24:16Z</time>
   </trkpt>
   <trkpt lat="44.9927550" lon="10.4059970">
    <ele>22.0</ele>
    <time>2026-05-20T14:24:17Z</time>
   </trkpt>
   <trkpt lat="44.9927540" lon="10.4059970">
    <ele>22.0</ele>
    <time>2026-05-20T14:24:18Z</time>
   </trkpt>
   <trkpt lat="44.9927540" lon="10.4059970">
    <ele>22.0</ele>
    <time>2026-05-20T14:24:19Z</time>
   </trkpt>
   <trkpt lat="44.9927530" lon="10.4059970">
    <ele>22.0</ele>
    <time>2026-05-20T14:24:20Z</time>
   </trkpt>
   <trkpt lat="44.9927520" lon="10.4059970">
    <ele>22.0</ele>
    <time>2026-05-20T14:24:21Z</time>
   </trkpt>
   <trkpt lat="44.9927510" lon="10.4059970">
    <ele>22.0</ele>
    <time>2026-05-20T14:24:22Z</time>
   </trkpt>
   <trkpt lat="44.9927500" lon="10.4059970">
    <ele>22.0</ele>
    <time>2026-05-20T14:24:23Z</time>
   </trkpt>
   <trkpt lat="44.9927500" lon="10.4059960">
    <ele>22.0</ele>
    <time>2026-05-20T14:24:24Z</time>
   </trkpt>
   <trkpt lat="44.9927490" lon="10.4059960">
    <ele>22.0</ele>
    <time>2026-05-20T14:24:25Z</time>
   </trkpt>
   <trkpt lat="44.9927480" lon="10.4059960">
    <ele>22.0</ele>
    <time>2026-05-20T14:24:26Z</time>
   </trkpt>
   <trkpt lat="44.9927470" lon="10.4059960">
    <ele>22.0</ele>
    <time>2026-05-20T14:24:27Z</time>
   </trkpt>
   <trkpt lat="44.9927460" lon="10.4059960">
    <ele>22.0</ele>
    <time>2026-05-20T14:24:28Z</time>
   </trkpt>
   <trkpt lat="44.9927460" lon="10.4059960">
    <ele>22.0</ele>
    <time>2026-05-20T14:24:29Z</time>
   </trkpt>
   <trkpt lat="44.9927450" lon="10.4059960">
    <ele>22.0</ele>
    <time>2026-05-20T14:24:30Z</time>
   </trkpt>
   <trkpt lat="44.9927440" lon="10.4059960">
    <ele>22.0</ele>
    <time>2026-05-20T14:24:31Z</time>
   </trkpt>
   <trkpt lat="44.9927430" lon="10.4059960">
    <ele>22.0</ele>
    <time>2026-05-20T14:24:32Z</time>
   </trkpt>
   <trkpt lat="44.9927420" lon="10.4059950">
    <ele>22.0</ele>
    <time>2026-05-20T14:24:33Z</time>
   </trkpt>
   <trkpt lat="44.9927410" lon="10.4059950">
    <ele>22.0</ele>
    <time>2026-05-20T14:24:34Z</time>
   </trkpt>
   <trkpt lat="44.9927410" lon="10.4059950">
    <ele>22.0</ele>
    <time>2026-05-20T14:24:35Z</time>
   </trkpt>
   <trkpt lat="44.9927400" lon="10.4059950">
    <ele>22.0</ele>
    <time>2026-05-20T14:24:36Z</time>
   </trkpt>
   <trkpt lat="44.9927390" lon="10.4059950">
    <ele>22.0</ele>
    <time>2026-05-20T14:24:37Z</time>
   </trkpt>
   <trkpt lat="44.9927380" lon="10.4059950">
    <ele>22.0</ele>
    <time>2026-05-20T14:24:38Z</time>
   </trkpt>
   <trkpt lat="44.9927370" lon="10.4059950">
    <ele>22.0</ele>
    <time>2026-05-20T14:24:39Z</time>
   </trkpt>
   <trkpt lat="44.9927370" lon="10.4059950">
    <ele>22.0</ele>
    <time>2026-05-20T14:24:40Z</time>
   </trkpt>
   <trkpt lat="44.9927360" lon="10.4059950">
    <ele>22.0</ele>
    <time>2026-05-20T14:24:41Z</time>
   </trkpt>
   <trkpt lat="44.9927350" lon="10.4059940">
    <ele>22.0</ele>
    <time>2026-05-20T14:24:42Z</time>
   </trkpt>
   <trkpt lat="44.9927340" lon="10.4059940">
    <ele>22.0</ele>
    <time>2026-05-20T14:24:43Z</time>
   </trkpt>
   <trkpt lat="44.9927330" lon="10.4059940">
    <ele>22.0</ele>
    <time>2026-05-20T14:24:44Z</time>
   </trkpt>
   <trkpt lat="44.9927320" lon="10.4059940">
    <ele>22.0</ele>
    <time>2026-05-20T14:24:45Z</time>
   </trkpt>
   <trkpt lat="44.9927320" lon="10.4059940">
    <ele>22.0</ele>
    <time>2026-05-20T14:24:46Z</time>
   </trkpt>
   <trkpt lat="44.9927310" lon="10.4059940">
    <ele>22.0</ele>
    <time>2026-05-20T14:24:47Z</time>
   </trkpt>
   <trkpt lat="44.9927300" lon="10.4059940">
    <ele>22.0</ele>
    <time>2026-05-20T14:24:48Z</time>
   </trkpt>
   <trkpt lat="44.9927290" lon="10.4059940">
    <ele>22.0</ele>
    <time>2026-05-20T14:24:49Z</time>
   </trkpt>
   <trkpt lat="44.9927280" lon="10.4059940">
    <ele>22.0</ele>
    <time>2026-05-20T14:24:50Z</time>
   </trkpt>
   <trkpt lat="44.9927280" lon="10.4059930">
    <ele>22.0</ele>
    <time>2026-05-20T14:24:51Z</time>
   </trkpt>
   <trkpt lat="44.9927270" lon="10.4059930">
    <ele>22.0</ele>
    <time>2026-05-20T14:24:52Z</time>
   </trkpt>
   <trkpt lat="44.9927260" lon="10.4059930">
    <ele>22.2</ele>
    <time>2026-05-20T14:24:53Z</time>
   </trkpt>
   <trkpt lat="44.9927250" lon="10.4059930">
    <ele>22.2</ele>
    <time>2026-05-20T14:24:54Z</time>
   </trkpt>
   <trkpt lat="44.9927240" lon="10.4059930">
    <ele>22.2</ele>
    <time>2026-05-20T14:24:55Z</time>
   </trkpt>
   <trkpt lat="44.9927240" lon="10.4059930">
    <ele>22.2</ele>
    <time>2026-05-20T14:24:56Z</time>
   </trkpt>
   <trkpt lat="44.9927230" lon="10.4059930">
    <ele>22.2</ele>
    <time>2026-05-20T14:24:57Z</time>
   </trkpt>
   <trkpt lat="44.9927220" lon="10.4059930">
    <ele>22.2</ele>
    <time>2026-05-20T14:24:58Z</time>
   </trkpt>
   <trkpt lat="44.9927210" lon="10.4059930">
    <ele>22.2</ele>
    <time>2026-05-20T14:24:59Z</time>
   </trkpt>
   <trkpt lat="44.9927200" lon="10.4059920">
    <ele>22.2</ele>
    <time>2026-05-20T14:25:00Z</time>
   </trkpt>
   <trkpt lat="44.9927190" lon="10.4059920">
    <ele>22.2</ele>
    <time>2026-05-20T14:25:01Z</time>
   </trkpt>
   <trkpt lat="44.9927190" lon="10.4059920">
    <ele>22.2</ele>
    <time>2026-05-20T14:25:02Z</time>
   </trkpt>
   <trkpt lat="44.9927180" lon="10.4059920">
    <ele>22.2</ele>
    <time>2026-05-20T14:25:03Z</time>
   </trkpt>
   <trkpt lat="44.9927170" lon="10.4059920">
    <ele>22.2</ele>
    <time>2026-05-20T14:25:04Z</time>
   </trkpt>
   <trkpt lat="44.9926930" lon="10.4059710">
    <ele>22.2</ele>
    <time>2026-05-20T14:25:05Z</time>
   </trkpt>
   <trkpt lat="44.9926800" lon="10.4059600">
    <ele>22.2</ele>
    <time>2026-05-20T14:25:06Z</time>
   </trkpt>
   <trkpt lat="44.9926470" lon="10.4059460">
    <ele>22.2</ele>
    <time>2026-05-20T14:25:07Z</time>
   </trkpt>
   <trkpt lat="44.9926380" lon="10.4059460">
    <ele>22.2</ele>
    <time>2026-05-20T14:25:08Z</time>
   </trkpt>
   <trkpt lat="44.9926130" lon="10.4059250">
    <ele>21.7</ele>
    <time>2026-05-20T14:25:09Z</time>
   </trkpt>
   <trkpt lat="44.9925840" lon="10.4059110">
    <ele>21.8</ele>
    <time>2026-05-20T14:25:10Z</time>
   </trkpt>
   <trkpt lat="44.9925480" lon="10.4058870">
    <ele>21.8</ele>
    <time>2026-05-20T14:25:11Z</time>
   </trkpt>
   <trkpt lat="44.9925340" lon="10.4058830">
    <ele>21.8</ele>
    <time>2026-05-20T14:25:12Z</time>
   </trkpt>
   <trkpt lat="44.9924950" lon="10.4058750">
    <ele>21.8</ele>
    <time>2026-05-20T14:25:13Z</time>
   </trkpt>
   <trkpt lat="44.9924640" lon="10.4058630">
    <ele>21.7</ele>
    <time>2026-05-20T14:25:14Z</time>
   </trkpt>
   <trkpt lat="44.9924550" lon="10.4058140">
    <ele>21.7</ele>
    <time>2026-05-20T14:25:15Z</time>
   </trkpt>
   <trkpt lat="44.9924710" lon="10.4057600">
    <ele>21.1</ele>
    <time>2026-05-20T14:25:16Z</time>
   </trkpt>
   <trkpt lat="44.9924870" lon="10.4057190">
    <ele>21.2</ele>
    <time>2026-05-20T14:25:17Z</time>
   </trkpt>
   <trkpt lat="44.9924980" lon="10.4056770">
    <ele>21.2</ele>
    <time>2026-05-20T14:25:18Z</time>
   </trkpt>
   <trkpt lat="44.9925140" lon="10.4056160">
    <ele>21.2</ele>
    <time>2026-05-20T14:25:19Z</time>
   </trkpt>
   <trkpt lat="44.9925250" lon="10.4055700">
    <ele>20.5</ele>
    <time>2026-05-20T14:25:20Z</time>
   </trkpt>
   <trkpt lat="44.9925310" lon="10.4055320">
    <ele>20.5</ele>
    <time>2026-05-20T14:25:21Z</time>
   </trkpt>
   <trkpt lat="44.9925510" lon="10.4054990">
    <ele>20.5</ele>
    <time>2026-05-20T14:25:22Z</time>
   </trkpt>
   <trkpt lat="44.9925680" lon="10.4054570">
    <ele>20.5</ele>
    <time>2026-05-20T14:25:23Z</time>
   </trkpt>
   <trkpt lat="44.9925890" lon="10.4054180">
    <ele>19.8</ele>
    <time>2026-05-20T14:25:24Z</time>
   </trkpt>
   <trkpt lat="44.9926160" lon="10.4053830">
    <ele>19.7</ele>
    <time>2026-05-20T14:25:25Z</time>
   </trkpt>
   <trkpt lat="44.9926460" lon="10.4053470">
    <ele>19.7</ele>
    <time>2026-05-20T14:25:26Z</time>
   </trkpt>
   <trkpt lat="44.9926790" lon="10.4053120">
    <ele>19.7</ele>
    <time>2026-05-20T14:25:27Z</time>
   </trkpt>
   <trkpt lat="44.9927120" lon="10.4052800">
    <ele>19.7</ele>
    <time>2026-05-20T14:25:28Z</time>
   </trkpt>
   <trkpt lat="44.9927400" lon="10.4052490">
    <ele>18.8</ele>
    <time>2026-05-20T14:25:29Z</time>
   </trkpt>
   <trkpt lat="44.9927810" lon="10.4052230">
    <ele>18.8</ele>
    <time>2026-05-20T14:25:30Z</time>
   </trkpt>
   <trkpt lat="44.9927880" lon="10.4051730">
    <ele>18.8</ele>
    <time>2026-05-20T14:25:31Z</time>
   </trkpt>
   <trkpt lat="44.9928050" lon="10.4051150">
    <ele>18.8</ele>
    <time>2026-05-20T14:25:32Z</time>
   </trkpt>
   <trkpt lat="44.9928250" lon="10.4050760">
    <ele>18.4</ele>
    <time>2026-05-20T14:25:33Z</time>
   </trkpt>
   <trkpt lat="44.9928570" lon="10.4050210">
    <ele>18.4</ele>
    <time>2026-05-20T14:25:34Z</time>
   </trkpt>
   <trkpt lat="44.9928700" lon="10.4049780">
    <ele>18.4</ele>
    <time>2026-05-20T14:25:35Z</time>
   </trkpt>
   <trkpt lat="44.9928730" lon="10.4049240">
    <ele>18.4</ele>
    <time>2026-05-20T14:25:36Z</time>
   </trkpt>
   <trkpt lat="44.9928920" lon="10.4048950">
    <ele>18.5</ele>
    <time>2026-05-20T14:25:37Z</time>
   </trkpt>
   <trkpt lat="44.9929260" lon="10.4048650">
    <ele>18.5</ele>
    <time>2026-05-20T14:25:38Z</time>
   </trkpt>
   <trkpt lat="44.9929780" lon="10.4048600">
    <ele>18.8</ele>
    <time>2026-05-20T14:25:39Z</time>
   </trkpt>
   <trkpt lat="44.9930200" lon="10.4048410">
    <ele>18.8</ele>
    <time>2026-05-20T14:25:40Z</time>
   </trkpt>
   <trkpt lat="44.9930660" lon="10.4048530">
    <ele>18.8</ele>
    <time>2026-05-20T14:25:41Z</time>
   </trkpt>
   <trkpt lat="44.9931300" lon="10.4048680">
    <ele>19.0</ele>
    <time>2026-05-20T14:25:42Z</time>
   </trkpt>
   <trkpt lat="44.9931640" lon="10.4048830">
    <ele>19.0</ele>
    <time>2026-05-20T14:25:43Z</time>
   </trkpt>
   <trkpt lat="44.9932090" lon="10.4048790">
    <ele>19.0</ele>
    <time>2026-05-20T14:25:44Z</time>
   </trkpt>
   <trkpt lat="44.9932540" lon="10.4049000">
    <ele>19.3</ele>
    <time>2026-05-20T14:25:45Z</time>
   </trkpt>
   <trkpt lat="44.9932910" lon="10.4049170">
    <ele>19.0</ele>
    <time>2026-05-20T14:25:46Z</time>
   </trkpt>
   <trkpt lat="44.9933420" lon="10.4049320">
    <ele>19.3</ele>
    <time>2026-05-20T14:25:47Z</time>
   </trkpt>
   <trkpt lat="44.9933750" lon="10.4049370">
    <ele>19.3</ele>
    <time>2026-05-20T14:25:48Z</time>
   </trkpt>
   <trkpt lat="44.9934200" lon="10.4049500">
    <ele>19.3</ele>
    <time>2026-05-20T14:25:49Z</time>
   </trkpt>
   <trkpt lat="44.9934720" lon="10.4049580">
    <ele>19.7</ele>
    <time>2026-05-20T14:25:50Z</time>
   </trkpt>
   <trkpt lat="44.9935180" lon="10.4049900">
    <ele>19.7</ele>
    <time>2026-05-20T14:25:51Z</time>
   </trkpt>
   <trkpt lat="44.9935610" lon="10.4050140">
    <ele>19.7</ele>
    <time>2026-05-20T14:25:52Z</time>
   </trkpt>
   <trkpt lat="44.9936240" lon="10.4050390">
    <ele>20.1</ele>
    <time>2026-05-20T14:25:53Z</time>
   </trkpt>
   <trkpt lat="44.9936770" lon="10.4050540">
    <ele>20.1</ele>
    <time>2026-05-20T14:25:54Z</time>
   </trkpt>
   <trkpt lat="44.9937130" lon="10.4050550">
    <ele>20.5</ele>
    <time>2026-05-20T14:25:55Z</time>
   </trkpt>
   <trkpt lat="44.9937630" lon="10.4050910">
    <ele>20.5</ele>
    <time>2026-05-20T14:25:56Z</time>
   </trkpt>
   <trkpt lat="44.9938040" lon="10.4051230">
    <ele>20.5</ele>
    <time>2026-05-20T14:25:57Z</time>
   </trkpt>
   <trkpt lat="44.9938440" lon="10.4051500">
    <ele>20.9</ele>
    <time>2026-05-20T14:25:58Z</time>
   </trkpt>
   <trkpt lat="44.9938820" lon="10.4051460">
    <ele>20.9</ele>
    <time>2026-05-20T14:25:59Z</time>
   </trkpt>
   <trkpt lat="44.9939180" lon="10.4051580">
    <ele>20.9</ele>
    <time>2026-05-20T14:26:00Z</time>
   </trkpt>
   <trkpt lat="44.9939490" lon="10.4051850">
    <ele>21.3</ele>
    <time>2026-05-20T14:26:01Z</time>
   </trkpt>
   <trkpt lat="44.9940020" lon="10.4051980">
    <ele>21.3</ele>
    <time>2026-05-20T14:26:02Z</time>
   </trkpt>
   <trkpt lat="44.9940450" lon="10.4052240">
    <ele>21.3</ele>
    <time>2026-05-20T14:26:03Z</time>
   </trkpt>
   <trkpt lat="44.9940760" lon="10.4052430">
    <ele>21.6</ele>
    <time>2026-05-20T14:26:04Z</time>
   </trkpt>
   <trkpt lat="44.9941370" lon="10.4052400">
    <ele>21.6</ele>
    <time>2026-05-20T14:26:05Z</time>
   </trkpt>
   <trkpt lat="44.9941760" lon="10.4052700">
    <ele>21.5</ele>
    <time>2026-05-20T14:26:06Z</time>
   </trkpt>
   <trkpt lat="44.9942250" lon="10.4052980">
    <ele>21.9</ele>
    <time>2026-05-20T14:26:07Z</time>
   </trkpt>
   <trkpt lat="44.9942570" lon="10.4053010">
    <ele>21.9</ele>
    <time>2026-05-20T14:26:08Z</time>
   </trkpt>
   <trkpt lat="44.9942790" lon="10.4053060">
    <ele>21.9</ele>
    <time>2026-05-20T14:26:09Z</time>
   </trkpt>
   <trkpt lat="44.9942890" lon="10.4052990">
    <ele>21.9</ele>
    <time>2026-05-20T14:26:10Z</time>
   </trkpt>
   <trkpt lat="44.9943050" lon="10.4052880">
    <ele>22.1</ele>
    <time>2026-05-20T14:26:11Z</time>
   </trkpt>
   <trkpt lat="44.9943150" lon="10.4052830">
    <ele>22.1</ele>
    <time>2026-05-20T14:26:12Z</time>
   </trkpt>
   <trkpt lat="44.9943260" lon="10.4052770">
    <ele>22.1</ele>
    <time>2026-05-20T14:26:13Z</time>
   </trkpt>
   <trkpt lat="44.9943360" lon="10.4052720">
    <ele>22.1</ele>
    <time>2026-05-20T14:26:14Z</time>
   </trkpt>
   <trkpt lat="44.9943420" lon="10.4052660">
    <ele>22.1</ele>
    <time>2026-05-20T14:26:15Z</time>
   </trkpt>
   <trkpt lat="44.9943410" lon="10.4052650">
    <ele>22.1</ele>
    <time>2026-05-20T14:26:16Z</time>
   </trkpt>
   <trkpt lat="44.9943420" lon="10.4052630">
    <ele>22.1</ele>
    <time>2026-05-20T14:26:17Z</time>
   </trkpt>
   <trkpt lat="44.9943340" lon="10.4052610">
    <ele>22.1</ele>
    <time>2026-05-20T14:26:18Z</time>
   </trkpt>
   <trkpt lat="44.9943360" lon="10.4052630">
    <ele>22.1</ele>
    <time>2026-05-20T14:26:19Z</time>
   </trkpt>
   <trkpt lat="44.9943340" lon="10.4052600">
    <ele>22.1</ele>
    <time>2026-05-20T14:26:20Z</time>
   </trkpt>
   <trkpt lat="44.9943390" lon="10.4052630">
    <ele>22.1</ele>
    <time>2026-05-20T14:26:21Z</time>
   </trkpt>
   <trkpt lat="44.9943460" lon="10.4052580">
    <ele>22.1</ele>
    <time>2026-05-20T14:26:22Z</time>
   </trkpt>
   <trkpt lat="44.9943450" lon="10.4052590">
    <ele>22.1</ele>
    <time>2026-05-20T14:26:23Z</time>
   </trkpt>
   <trkpt lat="44.9943450" lon="10.4052650">
    <ele>22.1</ele>
    <time>2026-05-20T14:26:24Z</time>
   </trkpt>
   <trkpt lat="44.9943530" lon="10.4052730">
    <ele>22.1</ele>
    <time>2026-05-20T14:26:25Z</time>
   </trkpt>
   <trkpt lat="44.9943540" lon="10.4052760">
    <ele>22.1</ele>
    <time>2026-05-20T14:26:26Z</time>
   </trkpt>
   <trkpt lat="44.9943520" lon="10.4052800">
    <ele>22.1</ele>
    <time>2026-05-20T14:26:27Z</time>
   </trkpt>
   <trkpt lat="44.9943520" lon="10.4052800">
    <ele>22.1</ele>
    <time>2026-05-20T14:26:28Z</time>
   </trkpt>
   <trkpt lat="44.9943490" lon="10.4052820">
    <ele>22.1</ele>
    <time>2026-05-20T14:26:29Z</time>
   </trkpt>
   <trkpt lat="44.9943560" lon="10.4052880">
    <ele>22.1</ele>
    <time>2026-05-20T14:26:30Z</time>
   </trkpt>
   <trkpt lat="44.9943560" lon="10.4052880">
    <ele>22.1</ele>
    <time>2026-05-20T14:26:31Z</time>
   </trkpt>
   <trkpt lat="44.9943570" lon="10.4053010">
    <ele>22.1</ele>
    <time>2026-05-20T14:26:32Z</time>
   </trkpt>
   <trkpt lat="44.9943620" lon="10.4052950">
    <ele>22.1</ele>
    <time>2026-05-20T14:26:33Z</time>
   </trkpt>
   <trkpt lat="44.9943630" lon="10.4053070">
    <ele>22.1</ele>
    <time>2026-05-20T14:26:34Z</time>
   </trkpt>
   <trkpt lat="44.9943630" lon="10.4053070">
    <ele>22.1</ele>
    <time>2026-05-20T14:26:35Z</time>
   </trkpt>
   <trkpt lat="44.9943660" lon="10.4053120">
    <ele>22.1</ele>
    <time>2026-05-20T14:26:36Z</time>
   </trkpt>
   <trkpt lat="44.9943640" lon="10.4053100">
    <ele>22.1</ele>
    <time>2026-05-20T14:26:37Z</time>
   </trkpt>
   <trkpt lat="44.9943630" lon="10.4053090">
    <ele>22.1</ele>
    <time>2026-05-20T14:26:38Z</time>
   </trkpt>
   <trkpt lat="44.9943630" lon="10.4052970">
    <ele>22.1</ele>
    <time>2026-05-20T14:26:39Z</time>
   </trkpt>
   <trkpt lat="44.9943680" lon="10.4053040">
    <ele>22.1</ele>
    <time>2026-05-20T14:26:40Z</time>
   </trkpt>
   <trkpt lat="44.9943700" lon="10.4053050">
    <ele>22.1</ele>
    <time>2026-05-20T14:26:41Z</time>
   </trkpt>
   <trkpt lat="44.9943680" lon="10.4053040">
    <ele>22.1</ele>
    <time>2026-05-20T14:26:42Z</time>
   </trkpt>
   <trkpt lat="44.9943670" lon="10.4053010">
    <ele>22.1</ele>
    <time>2026-05-20T14:26:43Z</time>
   </trkpt>
   <trkpt lat="44.9943590" lon="10.4052930">
    <ele>22.1</ele>
    <time>2026-05-20T14:26:44Z</time>
   </trkpt>
   <trkpt lat="44.9943560" lon="10.4052920">
    <ele>22.1</ele>
    <time>2026-05-20T14:26:45Z</time>
   </trkpt>
   <trkpt lat="44.9943560" lon="10.4052860">
    <ele>22.1</ele>
    <time>2026-05-20T14:26:46Z</time>
   </trkpt>
   <trkpt lat="44.9943490" lon="10.4052800">
    <ele>22.1</ele>
    <time>2026-05-20T14:26:47Z</time>
   </trkpt>
   <trkpt lat="44.9943490" lon="10.4052810">
    <ele>22.1</ele>
    <time>2026-05-20T14:26:48Z</time>
   </trkpt>
  </trkseg>
 </trk>
</gpx>
